wavelength_um,NIRISS_SOSS,NIRCam_GRISM,NIRSpec_G395H,NIRSpec_PRISM
2.861689451535732,,0.0004817673358940154,,3.4848610630328407e-08
2.8616752461330384,,0.0004817349966632376,,3.484890143225772e-08
2.861661040730345,,0.00048170265743246077,,3.4849192234187026e-08
2.8616468353276514,,0.00048167031820168295,,3.484948303611634e-08
2.8616326299249577,,0.00048163797897090514,,3.484977383804566e-08
2.8616184245222644,,0.00048160563974012835,,3.485006463997497e-08
2.8616042191195707,,0.0004815733005093505,,3.4850355441904283e-08
2.861590013716877,,0.00048154096127857267,,3.48506462438336e-08
2.861575808314184,,0.0004815086220477959,,3.485093704576291e-08
2.86156160291149,,0.00048147628281701806,,3.4851227847692225e-08
2.8615473975087964,,0.00048144394358624025,,3.485151864962154e-08
2.8615331921061027,,0.0004814116043554624,,3.485180945155086e-08
2.8615189867034094,,0.0004813450660351129,,3.485210025348016e-08
2.8615047813007157,,0.0004812327188325764,,3.4852391055409476e-08
2.861490575898022,,0.00048112037163003987,,3.485268185733879e-08
2.8614763704953288,,0.0004810080244275069,,3.48529726592681e-08
2.861462165092635,,0.0004808956772249704,,3.485326346119742e-08
2.8614479596899414,,0.0004807833300224339,,3.4853554263126734e-08
2.861433754287248,,0.00048067098281990087,,3.4853845065056044e-08
2.8614195488845544,,0.00048055863561736437,,3.485413586698536e-08
2.8614053434818607,,0.00048044628841482787,,3.4854426668914676e-08
2.8613911380791675,,0.0004803339412122949,,3.485471747084398e-08
2.8613769326764737,,0.0004802215940097584,,3.4855008272773295e-08
2.86136272727378,,0.00048010924680722184,,3.485529907470261e-08
2.861348521871087,,0.00047999689960468887,,3.485558987663192e-08
2.861334316468393,,0.00047988455240215237,,3.485588067856124e-08
2.8613201110656994,,0.00047977220519961587,,3.485617148049055e-08
2.861305905663006,,0.00047965985799708284,,3.485646228241986e-08
2.8612917002603124,,0.00047954751079454634,,3.485675308434918e-08
2.8612774948576187,,0.00047943516359200985,,3.4857043886278495e-08
2.861263289454925,,0.00047932281638947335,,3.485733468820781e-08
2.8612490840522318,,0.00047921046918694037,,3.4857625490137114e-08
2.861234878649538,,0.0004790981219844038,,3.485791629206643e-08
2.8612206732468444,,0.0004789857747818673,,3.4858207093995746e-08
2.861206467844151,,0.00047887342757933435,,3.4858497895925055e-08
2.8611922624414574,,0.00047876108037679785,,3.485878869785437e-08
2.8611780570387637,,0.00047864873317426135,,3.485907949978369e-08
2.8611638516360705,,0.0004785363859717283,,3.4859370301713e-08
2.8611496462333768,,0.0004784240387691918,,3.485966110364231e-08
2.861135440830683,,0.0004783116915666553,,3.485995190557163e-08
2.86112123542799,,0.00047819934436412235,,3.486024270750093e-08
2.861107030025296,,0.0004780869971615858,,3.486053350943025e-08
2.8610928246226024,,0.0004779746499590493,,3.4860824311359564e-08
2.861078619219909,,0.0004778623027565163,,3.4861115113288874e-08
2.8610644138172154,,0.0004777499555539798,,3.486140591521819e-08
2.8610502084145217,,0.0004776376083514433,,3.4861696717147506e-08
2.861036003011828,,0.00047752526114890677,,3.486198751907682e-08
2.8610217976091348,,0.0004774129139463738,,3.486227832100613e-08
2.861007592206441,,0.0004773005667438373,,3.486256912293545e-08
2.8609933868037474,,0.0004771882195413008,,3.4862859924864764e-08
2.860979181401054,,0.00047707587233876777,,3.486315072679407e-08
2.8609649759983604,,0.0004769635251362313,,3.486344152872338e-08
2.8609507705956667,,0.0004768511779336948,,3.48637323306527e-08
2.8609365651929735,,0.0004767388307311618,,3.486402313258201e-08
2.8609223597902798,,0.00047662648352862525,,3.4864313934511325e-08
2.860908154387586,,0.00047651413632608875,,3.486460473644064e-08
2.860893948984893,,0.0004764017891235558,,3.486489553836995e-08
2.860879743582199,,0.0004762894419210193,,3.4865186340299266e-08
2.8608655381795054,,0.0004761770947184828,,3.486547714222858e-08
2.860851332776812,,0.00047606474751594975,,3.4865767944157885e-08
2.8608371273741184,,0.00047595240031341325,,3.48660587460872e-08
2.8608229219714247,,0.00047584005311087675,,3.486634954801652e-08
2.8608087165687315,,0.0004757277059083438,,3.486664034994583e-08
2.860794511166038,,0.0004756153587058072,,3.486693115187514e-08
2.860780305763344,,0.0004755030115032707,,3.486722195380446e-08
2.8607661003606504,,0.0004753906643007342,,3.4867512755733775e-08
2.860751894957957,,0.00047527831709820125,,3.4867803557663085e-08
2.8607376895552634,,0.00047516596989566475,,3.48680943595924e-08
2.8607234841525697,,0.0004750536226931282,,3.486838516152172e-08
2.8607092787498765,,0.0004749412754905952,,3.486867596345102e-08
2.8606950733471828,,0.00047482892828805873,,3.4868966765380336e-08
2.860680867944489,,0.00047471658108552223,,3.486925756730965e-08
2.860666662541796,,0.0004746042338829892,,3.486954836923896e-08
2.860652457139102,,0.0004744918866804527,,3.486983917116828e-08
2.8606382517364084,,0.0004743795394779162,,3.4870129973097594e-08
2.860624046333715,,0.00047426719227538323,,3.4870420775026903e-08
2.8606098409310214,,0.00047415484507284673,,3.487071157695622e-08
2.8605956355283277,,0.0004740424978703102,,3.4871002378885536e-08
2.8605814301256345,,0.0004739301506677772,,3.487129318081484e-08
2.860567224722941,,0.0004738178034652407,,3.4871583982744155e-08
2.860553019320247,,0.00047378411007498075,,3.487187478467347e-08
2.860538813917554,,0.00047393169809556717,,3.487216558660278e-08
2.86052460851486,,0.0004740792861161582,,3.4872456388532096e-08
2.8605104031121664,,0.00047422687413674927,,3.487274719046141e-08
2.8604961977094727,,0.0004743744621573403,,3.487303799239073e-08
2.8604819923067795,,0.0004745220501779267,,3.487332879432004e-08
2.8604677869040858,,0.00047466963819851773,,3.4873619596249354e-08
2.860453581501392,,0.0004748172262191088,,3.487391039817867e-08
2.860439376098699,,0.00047496481423969523,,3.487420120010797e-08
2.860425170696005,,0.00047511240226028625,,3.487449200203729e-08
2.8604109652933114,,0.0004752599902808773,,3.4874782803966606e-08
2.860396759890618,,0.0004754075783014637,,3.4875073605895915e-08
2.8603825544879244,,0.00047555516632205477,,3.487536440782523e-08
2.8603683490852307,,0.0004757027543426458,,3.487565520975455e-08
2.8603541436825375,,0.0004758503423632322,,3.487594601168386e-08
2.860339938279844,,0.00047599793038382324,,3.487623681361317e-08
2.86032573287715,,0.00047614551840441426,,3.487652761554249e-08
2.860311527474457,,0.00047629310642500073,,3.487681841747179e-08
2.860297322071763,,0.00047644069444559176,,3.487710921940111e-08
2.8602831166690694,,0.0004765882824661828,,3.4877400021330424e-08
2.860268911266376,,0.0004767358704867692,,3.4877690823259734e-08
2.8602547058636825,,0.0004768834585073602,,3.487798162518905e-08
2.8602405004609888,,0.0004770310465279513,,3.4878272427118366e-08
2.860226295058295,,0.0004771786345485423,,3.487856322904768e-08
2.860212089655602,,0.00047732622256912874,,3.487885403097699e-08
2.860197884252908,,0.00047747381058971976,,3.487914483290631e-08
2.8601836788502144,,0.00047762139861031084,,3.4879435634835624e-08
2.860169473447521,,0.00047776898663089726,,3.4879726436764927e-08
2.8601552680448274,,0.0004779165746514883,,3.488001723869424e-08
2.8601410626421337,,0.0004780641626720793,,3.488030804062356e-08
2.8601268572394405,,0.0004782117506926657,,3.488059884255287e-08
2.860112651836747,,0.0004783593387132568,,3.4880889644482184e-08
2.860098446434053,,0.0004785069267338478,,3.48811804464115e-08
2.86008424103136,,0.00047865451475443424,,3.488147124834081e-08
2.860070035628666,,0.00047880210277502527,,3.4881762050270126e-08
2.8600558302259724,,0.00047894969079561635,,3.488205285219944e-08
2.860041624823279,,0.00047909727881620276,,3.4882343654128745e-08
2.8600274194205855,,0.0004792448668367938,,3.488263445605806e-08
2.8600132140178918,,0.0004793924548573848,,3.488292525798738e-08
2.8599990086151985,,0.0004795400428779712,,3.488321605991669e-08
2.859984803212505,,0.0004796876308985623,,3.4883506861846e-08
2.859970597809811,,0.00047983521891915333,,3.488379766377532e-08
2.8599563924071174,,0.00047998280693974435,,3.4884088465704635e-08
2.859942187004424,,0.00048013039496033077,,3.4884379267633945e-08
2.8599279816017305,,0.0004802779829809218,,3.488467006956326e-08
2.8599137761990368,,0.00048042557100151287,,3.488496087149258e-08
2.8598995707963435,,0.0004805731590220993,,3.488525167342188e-08
2.85988536539365,,0.0004807207470426903,,3.4885542475351196e-08
2.859871159990956,,0.00048086833506328134,,3.488583327728051e-08
2.859856954588263,,0.0004810159230838678,,3.488612407920982e-08
2.859842749185569,,0.00048116351110445883,,3.488641488113914e-08
2.8598285437828754,,0.00048131109912504986,,3.4886705683068454e-08
2.859814338380182,,0.0004814586871456363,,3.488699648499776e-08
2.8598001329774885,,0.0004816062751662273,,3.488728728692708e-08
2.8597859275747948,,0.0004817538631868184,,3.4887578088856395e-08
2.8597717221721015,,0.0004819014512074048,,3.48878688907857e-08
2.859757516769408,,0.0004820490392279958,,3.4888159692715014e-08
2.859743311366714,,0.00048219662724858684,,3.488845049464433e-08
2.8597291059640204,,0.0004823442152691779,,3.488874129657365e-08
2.859714900561327,,0.00048249180328976434,,3.4889032098502956e-08
2.8597006951586335,,0.00048263939131035536,,3.488932290043227e-08
2.8596864897559398,,0.0004827869793309464,,3.488961370236159e-08
2.8596722843532465,,0.0004829345673515328,,3.48899045042909e-08
2.859658078950553,,0.0004830821553721239,,3.4890195306220214e-08
2.859643873547859,,0.0004832297433927149,,3.489048610814953e-08
2.859629668145166,,0.0004833773314133013,,3.489077691007883e-08
2.859615462742472,,0.00048352491943389234,,3.489106771200815e-08
2.8596012573397784,,0.00048367250745448337,,3.4891358513937465e-08
2.859587051937085,,0.000483783866738904,,3.4891649315866775e-08
2.8595728465343915,,0.00048370636223591876,,3.489194011779609e-08
2.8595586411316978,,0.00048362885773293345,,3.489223091972541e-08
2.8595444357290045,,0.0004835513532299506,,3.4892521721654716e-08
2.859530230326311,,0.00048347384872696533,,3.489281252358403e-08
2.859516024923617,,0.00048339634422398,,3.489310332551335e-08
2.859501819520924,,0.00048331883972099716,,3.489339412744265e-08
2.85948761411823,,0.0004832413352180119,,3.489368492937197e-08
2.8594734087155365,,0.0004831638307150266,,3.4893975731301284e-08
2.8594592033128428,,0.00048308632621204135,,3.48942665332306e-08
2.8594449979101495,,0.0004830088217090585,,3.489455733515991e-08
2.859430792507456,,0.0004829313172060732,,3.4894848137089226e-08
2.859416587104762,,0.0004828538127030879,,3.489513893901854e-08
2.859402381702069,,0.00048277630820010506,,3.489542974094785e-08
2.859388176299375,,0.00048269880369711975,,3.489572054287717e-08
2.8593739708966814,,0.0004826212991941345,,3.4896011344806483e-08
2.859359765493988,,0.00048254379469115163,,3.4896302146735786e-08
2.8593455600912945,,0.00048246629018816633,,3.48965929486651e-08
2.859331354688601,,0.0004823887856851811,,3.489688375059442e-08
2.8593171492859075,,0.0004823112811821982,,3.489717455252373e-08
2.859302943883214,,0.0004822337766792129,,3.4897465354453044e-08
2.85928873848052,,0.00048215627217622765,,3.489775615638236e-08
2.859274533077827,,0.0004820787676732448,,3.489804695831167e-08
2.859260327675133,,0.0004820012631702595,,3.4898337760240986e-08
2.8592461222724395,,0.0004819237586672742,,3.48986285621703e-08
2.859231916869746,,0.00048184625416429136,,3.4898919364099605e-08
2.8592177114670525,,0.00048176874966130605,,3.489921016602892e-08
2.859203506064359,,0.0004816912451583208,,3.489950096795824e-08
2.859189300661665,,0.0004816137406553355,,3.489979176988755e-08
2.859175095258972,,0.00048153623615235263,,3.490008257181686e-08
2.859160889856278,,0.0004814587316493674,,3.490037337374618e-08
2.8591466844535844,,0.00048138122714638207,,3.4900664175675495e-08
2.859132479050891,,0.0004813037226433992,,3.4900954977604804e-08
2.8591182736481975,,0.00048122621814041395,,3.490124577953412e-08
2.859104068245504,,0.00048114871363742865,,3.4901536581463437e-08
2.8590898628428105,,0.0004810712091344458,,3.490182738339274e-08
2.859075657440117,,0.00048099370463146053,,3.4902118185322056e-08
2.859061452037423,,0.0004809162001284752,,3.490240898725137e-08
2.85904724663473,,0.00048083869562549235,,3.490269978918068e-08
2.859033041232036,,0.0004807611911225071,,3.490299059111e-08
2.8590188358293425,,0.0004806836866195218,,3.4903281393039313e-08
2.859004630426649,,0.00048060618211653893,,3.4903572194968616e-08
2.8589904250239555,,0.0004805286776135537,,3.490386299689793e-08
2.858976219621262,,0.00048045117311056837,,3.4904153798827255e-08
2.8589620142185685,,0.0004803736686075855,,3.490444460075656e-08
2.858947808815875,,0.00048029616410460025,,3.4904735402685874e-08
2.858933603413181,,0.00048021865960161495,,3.490502620461519e-08
2.8589193980104874,,0.0004801411550986297,,3.4905317006544506e-08
2.858905192607794,,0.00048006365059564683,,3.4905607808473816e-08
2.8588909872051005,,0.0004799861460926615,,3.490589861040313e-08
2.858876781802407,,0.00047990864158967627,,3.490618941233245e-08
2.8588625763997135,,0.0004798311370866934,,3.490648021426175e-08
2.85884837099702,,0.0004797536325837081,,3.490677101619107e-08
2.858834165594326,,0.00047967612808072285,,3.490706181812038e-08
2.858819960191633,,0.00047959862357774,,3.490735262004969e-08
2.858805754788939,,0.0004795211190747547,,3.490764342197901e-08
2.8587915493862455,,0.0004794436145717694,,3.4907934223908325e-08
2.858777343983552,,0.00047936611006878655,,3.4908225025837635e-08
2.8587631385808585,,0.00047928860556580125,,3.490851582776695e-08
2.858748933178165,,0.000479211101062816,,3.490880662969627e-08
2.8587347277754716,,0.00047913359655983313,,3.490909743162557e-08
2.858720522372778,,0.0004790560920568478,,3.4909388233554886e-08
2.858706316970084,,0.00047897858755386257,,3.49096790354842e-08
2.8586921115673904,,0.00047890108305087727,,3.490996983741352e-08
2.858677906164697,,0.0004788235785478944,,3.491026063934283e-08
2.8586637007620035,,0.00047874607404490915,,3.4910551441272144e-08
2.85864949535931,,0.00047866856954192384,,3.491084224320146e-08
2.8586352899566165,,0.000478591065038941,,3.491113304513077e-08
2.858621084553923,,0.00047851663152768015,,3.4911423847060085e-08
2.858606879151229,,0.00047852420914146703,,3.49117146489894e-08
2.858592673748536,,0.00047853178675525375,,3.4912005450918704e-08
2.858578468345842,,0.00047853936436904063,,3.491229625284802e-08
2.8585642629431485,,0.0004785469419828275,,3.4912587054777337e-08
2.858550057540455,,0.00047855451959661423,,3.4912877856706646e-08
2.8585358521377615,,0.0004785620972104011,,3.491316865863596e-08
2.858521646735068,,0.000478569674824188,,3.491345946056528e-08
2.8585074413323746,,0.0004785772524379747,,3.491375026249459e-08
2.858493235929681,,0.0004785848300517616,,3.4914041064423904e-08
2.858479030526987,,0.0004785924076655485,,3.491433186635322e-08
2.858464825124294,,0.0004785999852793352,,3.491462266828252e-08
2.8584506197216,,0.00047860756289312207,,3.491491347021184e-08
2.8584364143189065,,0.000478615140506909,,3.4915204272141155e-08
2.858422208916213,,0.0004786227181206959,,3.491549507407047e-08
2.8584080035135195,,0.00047863029573448255,,3.491578587599978e-08
2.858393798110826,,0.0004786378733482695,,3.49160766779291e-08
2.858379592708132,,0.00047864545096205636,,3.491636747985841e-08
2.858365387305439,,0.000478653028575843,,3.491665828178772e-08
2.858351181902745,,0.00047866060618962996,,3.491694908371704e-08
2.8583369765000515,,0.00047866818380341684,,3.4917239885646355e-08
2.858322771097358,,0.0004786757614172035,,3.491753068757566e-08
2.8583085656946645,,0.00047868333903099044,,3.4917821489504974e-08
2.858294360291971,,0.0004786909166447773,,3.491811229143429e-08
2.8582801548892776,,0.000478698494258564,,3.49184030933636e-08
2.858265949486584,,0.0004787060718723509,,3.4918693895292915e-08
2.85825174408389,,0.0004787136494861378,,3.491898469722223e-08
2.858237538681197,,0.00047872122709992446,,3.491927549915154e-08
2.858223333278503,,0.0004787288047137114,,3.491956630108086e-08
2.8582091278758095,,0.0004787363823274983,,3.491985710301017e-08
2.8581949224731162,,0.00047874395994128494,,3.4920147904939476e-08
2.8581807170704225,,0.0004787515375550719,,3.492043870686879e-08
2.858166511667729,,0.00047875911516885876,,3.492072950879811e-08
2.858152306265035,,0.0004787666927826457,,3.4921020310727424e-08
2.858138100862342,,0.00047877427039643236,,3.4921311112656734e-08
2.858123895459648,,0.00047878184801021924,,3.492160191458605e-08
2.8581096900569545,,0.00047878942562400617,,3.4921892716515366e-08
2.858095484654261,,0.00047879700323779284,,3.4922183518444676e-08
2.8580812792515675,,0.0004788045808515797,,3.492247432037399e-08
2.858067073848874,,0.00047881215846536665,,3.492276512230331e-08
2.8580528684461806,,0.0004788197360791533,,3.492305592423261e-08
2.858038663043487,,0.0004788273136929402,,3.492334672616193e-08
2.858024457640793,,0.00047883489130672713,,3.492363752809124e-08
2.8580102522381,,0.0004788424689205138,,3.492392833002055e-08
2.857996046835406,,0.0004788500465343007,,3.492421913194987e-08
2.8579818414327125,,0.0004788576241480876,,3.4924509933879185e-08
2.8579676360300192,,0.0004788652017618743,,3.4924800735808494e-08
2.8579534306273255,,0.00047887277937566115,,3.492509153773781e-08
2.857939225224632,,0.0004788803569894481,,3.4925382339667126e-08
2.8579250198219386,,0.00047888793460323475,,3.492567314159643e-08
2.857910814419245,,0.00047889551221702163,,3.4925963943525745e-08
2.857896609016551,,0.00047890308983080857,,3.492625474545506e-08
2.8578824036138575,,0.00047891066744459545,,3.492654554738438e-08
2.8578681982111642,,0.00047891824505838217,,3.492683634931369e-08
2.8578539928084705,,0.00047892582267216905,,3.4927127151243003e-08
2.857839787405777,,0.00047893340028595593,,3.492741795317232e-08
2.8578255820030836,,0.00047894097789974265,,3.492770875510163e-08
2.85781137660039,,0.00047894855551352953,,3.4927999557030945e-08
2.857797171197696,,0.0004789561331273164,,3.492829035896026e-08
2.857782965795003,,0.0004789637107411031,,3.4928581160889564e-08
2.857768760392309,,0.00047897128835489,,3.492887196281888e-08
2.8577545549896155,,0.00047897886596867694,,3.4929162764748196e-08
2.8577403495869222,,0.0004789864435824636,,3.4929453566677506e-08
2.8577261441842285,,0.0004789940211962505,,3.492974436860682e-08
2.857711938781535,,0.0004790015988100374,,3.493003517053614e-08
2.8576977333788416,,0.0004790091764238241,,3.493032597246545e-08
2.857683527976148,,0.00047901675403761097,,3.4930616774394764e-08
2.857669322573454,,0.0004790243316513979,,3.493090757632408e-08
2.857655117170761,,0.00047903190926518456,,3.493119837825338e-08
2.8576409117680672,,0.0004790112162418584,,3.49314891801827e-08
2.8576267063653735,,0.00047898776944427273,,3.4931779982112015e-08
2.85761250096268,,0.0004789643226466871,,3.493207078404133e-08
2.8575982955599866,,0.00047894087584910214,,3.493236158597064e-08
2.857584090157293,,0.00047891742905151647,,3.4932652387899957e-08
2.857569884754599,,0.0004788939822539308,,3.493294318982927e-08
2.857555679351906,,0.0004788705354563459,,3.493323399175858e-08
2.857541473949212,,0.0004788470886587602,,3.49335247936879e-08
2.8575272685465185,,0.00047882364186117453,,3.4933815595617214e-08
2.8575130631438252,,0.0004788001950635896,,3.493410639754652e-08
2.8574988577411315,,0.00047877674826600394,,3.4934397199475833e-08
2.857484652338438,,0.00047875330146841826,,3.493468800140515e-08
2.8574704469357446,,0.00047872985467083335,,3.493497880333446e-08
2.857456241533051,,0.0004787064078732477,,3.4935269605263775e-08
2.857442036130357,,0.000478682961075662,,3.493556040719309e-08
2.857427830727664,,0.0004786595142780771,,3.49358512091224e-08
2.8574136253249702,,0.0004786360674804914,,3.493614201105172e-08
2.8573994199222765,,0.00047861262068290574,,3.493643281298103e-08
2.857385214519583,,0.00047858917388532006,,3.493672361491035e-08
2.8573710091168896,,0.0004785657270877351,,3.493701441683965e-08
2.857356803714196,,0.0004785422802901495,,3.493730521876897e-08
2.857342598311502,,0.0004785188334925638,,3.4937596020698284e-08
2.857328392908809,,0.00047849538669497883,,3.4937886822627594e-08
2.857314187506115,,0.00047847193989739316,,3.493817762455691e-08
2.8572999821034215,,0.00047844849309980754,,3.4938468426486226e-08
2.8572857767007283,,0.00047842504630222257,,3.4938759228415535e-08
2.8572715712980346,,0.0004784015995046369,,3.493905003034485e-08
2.857257365895341,,0.0004783781527070512,,3.493934083227417e-08
2.8572431604926476,,0.0004783547059094663,,3.493963163420347e-08
2.857228955089954,,0.00047833125911188063,,3.4939922436132787e-08
2.85721474968726,,0.00047830781231429496,,3.49402132380621e-08
2.857200544284567,,0.00047828436551671004,,3.494050403999141e-08
2.8571863388818732,,0.00047826091871912437,,3.494079484192073e-08
2.8571721334791795,,0.0004782374719215387,,3.4941085643850045e-08
2.8571579280764863,,0.0004782140251239538,,3.4941376445779354e-08
2.8571437226737926,,0.0004781905783263681,,3.494166724770867e-08
2.857129517271099,,0.00047816713152878243,,3.4941958049637986e-08
2.857115311868405,,0.00047814368473119676,,3.49422488515673e-08
2.857101106465712,,0.00047812023793361184,,3.4942539653496605e-08
2.857086901063018,,0.00047809679113602617,,3.494283045542592e-08
2.8570726956603245,,0.0004780733443384405,,3.494312125735524e-08
2.8570584902576313,,0.0004780498975408555,,3.494341205928455e-08
2.8570442848549376,,0.0004780264507432699,,3.494370286121386e-08
2.857030079452244,,0.00047800300394568423,,3.494399366314318e-08
2.8570158740495506,,0.00047797955714809926,,3.494428446507249e-08
2.857001668646857,,0.0004779561103505136,,3.4944575267001805e-08
2.856987463244163,,0.00047793266355292797,,3.494486606893112e-08
2.85697325784147,,0.000477909216755343,,3.4945156870860424e-08
2.8569590524387762,,0.0004778857699577573,,3.494544767278974e-08
2.8569448470360825,,0.00047786232316017165,,3.4945738474719056e-08
2.8569306416333893,,0.00047783887636258674,,3.4946029276648366e-08
2.8569164362306956,,0.00047781542956500106,,3.494632007857768e-08
2.856902230828002,,0.0004777919827674154,,3.4946610880507e-08
2.8568880254253086,,0.00047776853596983047,,3.494690168243631e-08
2.856873820022615,,0.0004777450891722448,,3.4947192484365623e-08
2.856859614619921,,0.0004777216423746591,,3.494748328629494e-08
2.8568454092172275,,0.00047769819557707345,,3.4947774088224256e-08
2.8568312038145343,,0.00047767474877948853,,3.494806489015356e-08
2.8568169984118406,,0.00047765130198190286,,3.4948355692082875e-08
2.856802793009147,,0.0004776278551843172,,3.494864649401219e-08
2.8567885876064536,,0.00047760440838673227,,3.49489372959415e-08
2.85677438220376,,0.0004775809615891466,,3.4949228097870816e-08
2.856760176801066,,0.0004775575147915609,,3.494951889980013e-08
2.856745971398373,,0.00047753406799397595,,3.494980970172944e-08
2.8567317659956792,,0.00047751062119639033,,3.495010050365876e-08
2.8567175605929855,,0.00047748717439880466,,3.4950391305588074e-08
2.8567033551902923,,0.0004774637276012197,,3.495068210751738e-08
2.8566891497875986,,0.000477440280803634,,3.495097290944669e-08
2.856674944384905,,0.00047747316369337625,,3.495126371137601e-08
2.8566607389822116,,0.0004775213483064733,,3.495155451330532e-08
2.856646533579518,,0.00047756953291957187,,3.4951845315234635e-08
2.856632328176824,,0.00047761771753267044,,3.495213611716395e-08
2.856618122774131,,0.00047766590214576743,,3.495242691909326e-08
2.8566039173714373,,0.000477714086758866,,3.4952717721022577e-08
2.8565897119687436,,0.00047776227137196457,,3.495300852295189e-08
2.85657550656605,,0.00047781045598506314,,3.495329932488121e-08
2.8565613011633566,,0.0004778586405981602,,3.495359012681051e-08
2.856547095760663,,0.0004779068252112587,,3.495388092873983e-08
2.856532890357969,,0.00047795500982435727,,3.4954171730669144e-08
2.856518684955276,,0.0004780031944374543,,3.4954462532598453e-08
2.8565044795525822,,0.0004780513790505529,,3.495475333452777e-08
2.8564902741498885,,0.0004780995636636514,,3.4955044136457086e-08
2.8564760687471953,,0.00047814774827674845,,3.4955334938386395e-08
2.8564618633445016,,0.000478195932889847,,3.495562574031571e-08
2.856447657941808,,0.0004782441175029456,,3.495591654224503e-08
2.8564334525391146,,0.00047829230211604264,,3.495620734417433e-08
2.856419247136421,,0.00047834048672914115,,3.4956498146103646e-08
2.8564050417337272,,0.0004783886713422397,,3.495678894803296e-08
2.856390836331034,,0.00047843685595533677,,3.495707974996227e-08
2.8563766309283403,,0.00047848504056843534,,3.495737055189159e-08
2.8563624255256466,,0.00047853322518153385,,3.4957661353820904e-08
2.8563482201229533,,0.0004785814097946309,,3.4957952155750214e-08
2.8563340147202596,,0.00047862959440772947,,3.495824295767953e-08
2.856319809317566,,0.00047867777902082804,,3.4958533759608846e-08
2.856305603914872,,0.0004787259636339266,,3.495882456153816e-08
2.856291398512179,,0.0004787741482470236,,3.4959115363467465e-08
2.8562771931094852,,0.0004788223328601222,,3.495940616539678e-08
2.8562629877067915,,0.00047887051747322074,,3.49596969673261e-08
2.8562487823040983,,0.0004789187020863178,,3.495998776925541e-08
2.8562345769014046,,0.00047896688669941636,,3.496027857118472e-08
2.856220371498711,,0.0004790150713125149,,3.496056937311404e-08
2.8562061660960176,,0.0004790632559256119,,3.496086017504335e-08
2.856191960693324,,0.0004791114405387105,,3.4961150976972665e-08
2.8561777552906302,,0.00047915962515180906,,3.496144177890198e-08
2.856163549887937,,0.0004792078097649061,,3.4961732580831284e-08
2.8561493444852433,,0.0004792559943780046,,3.49620233827606e-08
2.8561351390825496,,0.0004793041789911032,,3.4962314184689916e-08
2.8561209336798563,,0.00047935236360420024,,3.4962604986619225e-08
2.8561067282771626,,0.0004794005482172988,,3.496289578854854e-08
2.856092522874469,,0.0004794487328303973,,3.496318659047786e-08
2.856078317471775,,0.0004794969174434959,,3.4963477392407174e-08
2.856064112069082,,0.00047954510205659294,,3.496376819433648e-08
2.8560499066663882,,0.0004795932866696915,,3.49640589962658e-08
2.8560357012636945,,0.00047964147128279,,3.4964349798195115e-08
2.8560214958610013,,0.0004796896558958871,,3.496464060012442e-08
2.8560072904583076,,0.00047973784050898564,,3.4964931402053734e-08
2.855993085055614,,0.0004797860251220842,,3.496522220398305e-08
2.8559788796529206,,0.00047983420973518126,,3.496551300591236e-08
2.855964674250227,,0.0004798823943482798,,3.4965803807841676e-08
2.8559504688475332,,0.00047993057896137835,,3.496609460977099e-08
2.85593626344484,,0.0004799787635744754,,3.49663854117003e-08
2.8559220580421463,,0.00048002694818757396,,3.496667621362962e-08
2.8559078526394526,,0.00048007513280067253,,3.4966967015558934e-08
2.8558936472367593,,0.0004801233174137696,,3.496725781748824e-08
2.8558794418340656,,0.0004801715020268681,,3.496754861941755e-08
2.855865236431372,,0.00048021968663996666,,3.496783942134687e-08
2.8558510310286787,,0.0004802678712530637,,3.496813022327618e-08
2.855836825625985,,0.0004803160558661623,,3.4968421025205495e-08
2.8558226202232913,,0.0004803642404792608,,3.496871182713481e-08
2.8558084148205976,,0.00048041242509235936,,3.496900262906413e-08
2.8557942094179043,,0.0004804606097054564,,3.4969293430993436e-08
2.8557800040152106,,0.000480508794318555,,3.496958423292275e-08
2.855765798612517,,0.0004805569789316535,,3.496987503485207e-08
2.8557515932098236,,0.00048060516354475055,,3.497016583678137e-08
2.85573738780713,,0.0004806533481578491,,3.497045663871069e-08
2.8557231824044362,,0.0004807015327709477,,3.4970747440640004e-08
2.855708977001743,,0.0004806794290306919,,3.497103824256931e-08
2.8556947715990493,,0.00048061859599128273,,3.497132904449863e-08
2.8556805661963556,,0.00048055776295187355,,3.4971619846427945e-08
2.8556663607936623,,0.00048049692991246627,,3.497191064835725e-08
2.8556521553909686,,0.0004804360968730571,,3.4972201450286564e-08
2.855637949988275,,0.00048037526383364786,,3.497249225221589e-08
2.8556237445855817,,0.0004803144307942406,,3.497278305414519e-08
2.855609539182888,,0.0004802535977548314,,3.4973073856074506e-08
2.8555953337801943,,0.0004801927647154222,,3.497336465800382e-08
2.855581128377501,,0.00048013193167601494,,3.497365545993313e-08
2.8555669229748073,,0.00048007109863660576,,3.497394626186245e-08
2.8555527175721136,,0.0004800102655971966,,3.4974237063791764e-08
2.85553851216942,,0.0004799494325577874,,3.497452786572108e-08
2.8555243067667266,,0.00047988859951838013,,3.497481866765038e-08
2.855510101364033,,0.00047982776647897095,,3.49751094695797e-08
2.8554958959613392,,0.0004797669334395617,,3.4975400271509015e-08
2.855481690558646,,0.00047970610040015444,,3.4975691073438325e-08
2.8554674851559523,,0.00047964526736074526,,3.497598187536764e-08
2.8554532797532586,,0.0004795844343213361,,3.497627267729696e-08
2.8554390743505653,,0.0004795236012819288,,3.4976563479226266e-08
2.8554248689478716,,0.0004794627682425196,,3.497685428115558e-08
2.855410663545178,,0.00047940193520311044,,3.49771450830849e-08
2.8553964581424847,,0.00047934110216370316,,3.49774358850142e-08
2.855382252739791,,0.000479280269124294,,3.497772668694352e-08
2.8553680473370973,,0.0004792194360848848,,3.4978017488872834e-08
2.855353841934404,,0.0004791586030454775,,3.497830829080214e-08
2.8553396365317103,,0.0004790977700060683,,3.497859909273146e-08
2.8553254311290166,,0.0004790369369666591,,3.4978889894660776e-08
2.8553112257263233,,0.00047897610392725183,,3.4979180696590085e-08
2.8552970203236296,,0.00047891527088784265,,3.49794714985194e-08
2.855282814920936,,0.0004788544378484335,,3.497976230044872e-08
2.8552686095182422,,0.0004787936048090243,,3.4980053102378033e-08
2.855254404115549,,0.000478732771769617,,3.4980343904307336e-08
2.8552401987128553,,0.00047867193873020784,,3.498063470623665e-08
2.8552259933101616,,0.00047861110569079866,,3.498092550816597e-08
2.8552117879074683,,0.0004785502726513914,,3.498121631009528e-08
2.8551975825047746,,0.00047848943961198214,,3.4981507112024594e-08
2.855183377102081,,0.00047842860657257297,,3.498179791395391e-08
2.8551691716993877,,0.0004783677735331657,,3.498208871588322e-08
2.855154966296694,,0.0004783069404937565,,3.4982379517812536e-08
2.8551407608940003,,0.00047824610745434733,,3.498267031974185e-08
2.855126555491307,,0.00047818527441494005,,3.4982961121671155e-08
2.8551123500886133,,0.00047812444137553087,,3.498325192360047e-08
2.8550981446859196,,0.0004780636083361217,,3.498354272552979e-08
2.8550839392832263,,0.0004780027752967144,,3.4983833527459097e-08
2.8550697338805326,,0.00047794194225730523,,3.498412432938841e-08
2.855055528477839,,0.000477881109217896,,3.498441513131773e-08
2.8550413230751452,,0.0004778202761784868,,3.4984705933247045e-08
2.855027117672452,,0.00047775944313907954,,3.4984996735176354e-08
2.8550129122697583,,0.00047769861009967036,,3.498528753710567e-08
2.8549987068670646,,0.0004776377770602612,,3.4985578339034987e-08
2.8549845014643713,,0.0004775769440208539,,3.498586914096429e-08
2.8549702960616776,,0.0004775161109814447,,3.4986159942893606e-08
2.854956090658984,,0.00047745527794203555,,3.498645074482292e-08
2.8549418852562907,,0.00047739444490262826,,3.498674154675223e-08
2.854927679853597,,0.0004773336118632191,,3.498703234868155e-08
2.8549134744509033,,0.00047727277882380985,,3.4987323150610863e-08
2.85489926904821,,0.00047721194578440257,,3.498761395254017e-08
2.8548850636455163,,0.0004771511127449934,,3.498790475446949e-08
2.8548708582428226,,0.0004770902797055842,,3.4988195556398805e-08
2.8548566528401293,,0.00047702944666617693,,3.498848635832811e-08
2.8548424474374356,,0.00047696861362676776,,3.4988777160257424e-08
2.854828242034742,,0.0004769077805873586,,3.498906796218674e-08
2.8548140366320487,,0.0004768469475479513,,3.498935876411605e-08
2.854799831229355,,0.0004767861145085421,,3.4989649566045366e-08
2.8547856258266613,,0.00047672528146913294,,3.498994036797468e-08
2.8547714204239676,,0.0004766644484297237,,3.4990231169904e-08
2.8547572150212743,,0.00047660361539031643,,3.499052197183331e-08
2.8547430096185806,,0.0004765099414162078,,3.4990812773762624e-08
2.854728804215887,,0.00047638593899223706,,3.499110357569194e-08
2.8547145988131937,,0.0004762619365682702,,3.499139437762124e-08
2.8547003934105,,0.00047613793414429947,,3.499168517955056e-08
2.8546861880078063,,0.0004760139317203287,,3.4991975981479875e-08
2.854671982605113,,0.0004758899292963618,,3.4992266783409184e-08
2.8546577772024193,,0.0004757659268723911,,3.49925575853385e-08
2.8546435717997256,,0.00047564192444842033,,3.499284838726782e-08
2.8546293663970324,,0.0004755179220244535,,3.4993139189197126e-08
2.8546151609943387,,0.00047539391960048274,,3.499342999112644e-08
2.854600955591645,,0.000475269917176512,,3.499372079305576e-08
2.8545867501889517,,0.0004751459147525451,,3.499401159498506e-08
2.854572544786258,,0.00047502191232857435,,3.499430239691438e-08
2.8545583393835643,,0.0004748979099046036,,3.4994593198843694e-08
2.854544133980871,,0.00047477390748063675,,3.4994884000773e-08
2.8545299285781773,,0.000474649905056666,,3.499517480270232e-08
2.8545157231754836,,0.00047452590263269526,,3.4995465604631635e-08
2.85450151777279,,0.00047440190020872446,,3.499575640656095e-08
2.8544873123700967,,0.0004742778977847576,,3.499604720849026e-08
2.854473106967403,,0.00047415389536078687,,3.499633801041958e-08
2.8544589015647093,,0.0004740298929368161,,3.499662881234889e-08
2.854444696162016,,0.0004739058905128492,,3.4996919614278196e-08
2.8544304907593223,,0.0004737818880888785,,3.499721041620751e-08
2.8544162853566286,,0.00047365788566490773,,3.499750121813683e-08
2.8544020799539354,,0.0004735338832409409,,3.499779202006614e-08
2.8543878745512417,,0.00047340988081697014,,3.4998082821995454e-08
2.854373669148548,,0.0004732858783929994,,3.499837362392477e-08
2.8543594637458547,,0.0004731618759690325,,3.499866442585408e-08
2.854345258343161,,0.00047303787354506174,,3.4998955227783396e-08
2.8543310529404673,,0.000472913871121091,,3.499924602971271e-08
2.854316847537774,,0.00047278986869712415,,3.4999536831642015e-08
2.8543026421350803,,0.0004726658662731534,,3.499982763357133e-08
2.8542884367323866,,0.00047254186384918266,,3.500011843550065e-08
2.8542742313296934,,0.00047241786142521576,,3.5000409237429956e-08
2.8542600259269997,,0.000472293859001245,,3.500070003935927e-08
2.854245820524306,,0.00047216985657727427,,3.500099084128859e-08
2.8542316151216123,,0.0004720458541533035,,3.5001281643217905e-08
2.854217409718919,,0.0004719218517293366,,3.5001572445147214e-08
2.8542032043162253,,0.00047179784930536587,,3.500186324707653e-08
2.8541889989135316,,0.0004716738468813951,,3.5002154049005846e-08
2.8541747935108384,,0.0004715498444574283,,3.500244485093515e-08
2.8541605881081447,,0.00047142584203345753,,3.5002735652864465e-08
2.854146382705451,,0.0004713018396094868,,3.500302645479378e-08
2.8541321773027577,,0.0004711778371855199,,3.500331725672309e-08
2.854117971900064,,0.00047105383476154914,,3.500360805865241e-08
2.8541037664973703,,0.0004709298323375784,,3.500389886058172e-08
2.854089561094677,,0.00047080582991361155,,3.500418966251103e-08
2.8540753556919833,,0.0004706818274896408,,3.500448046444035e-08
2.8540611502892896,,0.00047055782506567006,,3.5004771266369665e-08
2.8540469448865964,,0.00047043382264170316,,3.500506206829897e-08
2.8540327394839027,,0.0004703098202177324,,3.5005352870228284e-08
2.854018534081209,,0.00047018581779376166,,3.50056436721576e-08
2.8540043286785153,,0.0004700618153697909,,3.5005934474086916e-08
2.853990123275822,,0.00046993781294582407,,3.5006225276016226e-08
2.8539759178731283,,0.0004698138105218533,,3.500651607794554e-08
2.8539617124704346,,0.0004696898080978826,,3.500680687987486e-08
2.8539475070677414,,0.0004695658056739157,,3.500709768180417e-08
2.8539333016650477,,0.00046944180324994493,,3.5007388483733483e-08
2.853919096262354,,0.0004693178008259742,,3.50076792856628e-08
2.8539048908596607,,0.0004691937984020073,,3.50079700875921e-08
2.853890685456967,,0.00046906979597803654,,3.500826088952142e-08
2.8538764800542733,,0.0004689457935540658,,3.5008551691450735e-08
2.85386227465158,,0.00046882179113009895,,3.5008842493380044e-08
2.8538480692488863,,0.0004686977887061282,,3.500913329530936e-08
2.8538338638461926,,0.00046857378628215745,,3.5009424097238676e-08
2.8538196584434994,,0.00046844978385819056,,3.5009714899167986e-08
2.8538054530408057,,0.0004683257814342198,,3.50100057010973e-08
2.853791247638112,,0.00046820177901024906,,3.501029650302662e-08
2.8537770422354187,,0.00046812467647696054,,3.501058730495592e-08
2.853762836832725,,0.000468119398662399,,3.501087810688524e-08
2.8537486314300313,,0.0004681141208478375,,3.501116890881455e-08
2.8537344260273376,,0.000468108843033276,,3.501145971074387e-08
2.8537202206246444,,0.00046810356521871465,,3.501175051267318e-08
2.8537060152219507,,0.0004680982874041531,,3.5012041314602495e-08
2.853691809819257,,0.00046809300958959165,,3.501233211653181e-08
2.8536776044165637,,0.0004680877317750303,,3.501262291846112e-08
2.85366339901387,,0.00046808245396046875,,3.501291372039044e-08
2.8536491936111763,,0.0004680771761459073,,3.501320452231975e-08
2.853634988208483,,0.0004680718983313459,,3.5013495324249056e-08
2.8536207828057893,,0.0004680666205167844,,3.501378612617837e-08
2.8536065774030956,,0.0004680613427022229,,3.501407692810769e-08
2.8535923720004024,,0.00046805606488766155,,3.5014367730037e-08
2.8535781665977087,,0.0004680507870731,,3.5014658531966314e-08
2.853563961195015,,0.00046804550925853855,,3.501494933389563e-08
2.8535497557923217,,0.0004680402314439772,,3.501524013582494e-08
2.853535550389628,,0.00046803495362941565,,3.5015530937754255e-08
2.8535213449869343,,0.0004680296758148542,,3.501582173968357e-08
2.853507139584241,,0.0004680243980002928,,3.5016112541612874e-08
2.8534929341815474,,0.0004680191201857313,,3.501640334354219e-08
2.8534787287788537,,0.0004680138423711698,,3.5016694145471507e-08
2.85346452337616,,0.0004680085645566083,,3.501698494740082e-08
2.8534503179734667,,0.0004680032867420469,,3.501727574933013e-08
2.853436112570773,,0.00046799800892748545,,3.501756655125945e-08
2.8534219071680793,,0.0004679927311129239,,3.5017857353188764e-08
2.853407701765386,,0.00046798745329836255,,3.5018148155118074e-08
2.8533934963626923,,0.0004679821754838011,,3.501843895704739e-08
2.8533792909599986,,0.00046797689766923955,,3.5018729758976706e-08
2.8533650855573054,,0.0004679716198546782,,3.501902056090601e-08
2.8533508801546117,,0.0004679663420401167,,3.5019311362835325e-08
2.853336674751918,,0.0004679610642255552,,3.501960216476464e-08
2.8533224693492247,,0.0004679557864109938,,3.501989296669395e-08
2.853308263946531,,0.00046795050859643235,,3.502018376862327e-08
2.8532940585438373,,0.0004679452307818708,,3.502047457055258e-08
2.853279853141144,,0.00046793995296730945,,3.502076537248189e-08
2.8532656477384504,,0.000467934675152748,,3.502105617441121e-08
2.8532514423357567,,0.00046792939733818645,,3.5021346976340525e-08
2.8532372369330634,,0.0004679241195236251,,3.502163777826983e-08
2.8532230315303697,,0.00046791884170906356,,3.5021928580199144e-08
2.853208826127676,,0.0004679135638945021,,3.502221938212846e-08
2.8531946207249823,,0.00046790828607994056,,3.5022510184057776e-08
2.853180415322289,,0.0004679030082653792,,3.5022800985987085e-08
2.8531662099195954,,0.0004678977304508177,,3.50230917879164e-08
2.8531520045169017,,0.0004678924526362562,,3.502338258984572e-08
2.8531377991142084,,0.00046788717482169483,,3.502367339177503e-08
2.8531235937115147,,0.00046788189700713335,,3.502396419370434e-08
2.853109388308821,,0.0004678766191925718,,3.502425499563366e-08
2.8530951829061277,,0.00046787134137801046,,3.502454579756296e-08
2.853080977503434,,0.000467866063563449,,3.502483659949228e-08
2.8530667721007403,,0.00046786078574888746,,3.5025127401421594e-08
2.853052566698047,,0.0004678555079343261,,3.5025418203350904e-08
2.8530383612953534,,0.0004678502301197646,,3.502570900528022e-08
2.8530241558926597,,0.0004678449523052031,,3.5025999807209536e-08
2.8530099504899664,,0.00046783967449064173,,3.5026290609138846e-08
2.8529957450872727,,0.00046783439667608026,,3.502658141106816e-08
2.852981539684579,,0.00046782911886151873,,3.502687221299748e-08
2.8529673342818858,,0.00046782384104695736,,3.502716301492678e-08
2.852953128879192,,0.0004678185632323959,,3.50274538168561e-08
2.8529389234764984,,0.00046781328541783436,,3.502774461878541e-08
2.8529247180738047,,0.00046780800760327283,,3.502803542071473e-08
2.8529105126711114,,0.0004678027297887115,,3.502832622264404e-08
2.8528963072684177,,0.00046779745197415,,3.5028617024573355e-08
2.852882101865724,,0.00046779217415958847,,3.502890782650267e-08
2.8528678964630307,,0.00046778689634502716,,3.502919862843198e-08
2.852853691060337,,0.00046778161853046563,,3.5029489430361296e-08
2.8528394856576433,,0.0004677763407159041,,3.502978023229061e-08
2.85282528025495,,0.0004677710629013428,,3.5030071034219915e-08
2.8528110748522564,,0.000467782336434847,,3.503036183614923e-08
2.8527968694495627,,0.0004678383202173405,,3.503065263807855e-08
2.8527826640468694,,0.00046789430399983215,,3.503094344000786e-08
2.8527684586441757,,0.0004679502877823256,,3.5031234241937173e-08
2.852754253241482,,0.000468006271564819,,3.503152504386649e-08
2.8527400478387888,,0.0004680622553473107,,3.50318158457958e-08
2.852725842436095,,0.0004681182391298041,,3.5032106647725115e-08
2.8527116370334014,,0.0004681742229122976,,3.503239744965443e-08
2.8526974316307077,,0.00046823020669479104,,3.503268825158375e-08
2.8526832262280144,,0.0004682861904772827,,3.503297905351305e-08
2.8526690208253207,,0.00046834217425977616,,3.5033269855442366e-08
2.852654815422627,,0.00046839815804226956,,3.503356065737168e-08
2.8526406100199337,,0.0004684541418247613,,3.503385145930099e-08
2.85262640461724,,0.0004685101256072547,,3.503414226123031e-08
2.8526121992145463,,0.00046856610938974814,,3.5034433063159624e-08
2.852597993811853,,0.0004686220931722398,,3.5034723865088934e-08
2.8525837884091594,,0.00046867807695473326,,3.503501466701825e-08
2.8525695830064657,,0.0004687340607372267,,3.5035305468947566e-08
2.8525553776037724,,0.0004687900445197184,,3.503559627087687e-08
2.8525411722010787,,0.00046884602830221184,,3.5035887072806185e-08
2.852526966798385,,0.00046890201208470524,,3.50361778747355e-08
2.8525127613956918,,0.00046895799586719696,,3.503646867666481e-08
2.852498555992998,,0.0004690139796496904,,3.5036759478594127e-08
2.8524843505903044,,0.0004690699634321838,,3.503705028052344e-08
2.852470145187611,,0.00046912594721467554,,3.5037341082452746e-08
2.8524559397849174,,0.00046918193099716894,,3.503763188438206e-08
2.8524417343822237,,0.0004692379147796624,,3.5037922686311384e-08
2.85242752897953,,0.00046929389856215586,,3.50382134882407e-08
2.8524133235768367,,0.0004693498823446475,,3.5038504290170003e-08
2.852399118174143,,0.000469405866127141,,3.503879509209932e-08
2.8523849127714493,,0.0004694618499096344,,3.5039085894028636e-08
2.852370707368756,,0.0004695178336921261,,3.5039376695957945e-08
2.8523565019660624,,0.0004695738174746195,,3.503966749788726e-08
2.8523422965633687,,0.00046962980125711296,,3.503995829981658e-08
2.8523280911606754,,0.0004696857850396046,,3.504024910174588e-08
2.8523138857579817,,0.0004697417688220981,,3.5040539903675196e-08
2.852299680355288,,0.00046979775260459154,,3.504083070560451e-08
2.8522854749525948,,0.0004698537363870832,,3.504112150753382e-08
2.852271269549901,,0.00046990972016957666,,3.504141230946314e-08
2.8522570641472074,,0.00046996570395207006,,3.5041703111392454e-08
2.852242858744514,,0.0004700216877345618,,3.5041993913321764e-08
2.8522286533418204,,0.0004700776715170552,,3.504228471525108e-08
2.8522144479391267,,0.00047013365529954864,,3.5042575517180396e-08
2.8522002425364334,,0.0004701896390820403,,3.50428663191097e-08
2.8521860371337397,,0.00047024562286453376,,3.5043157121039015e-08
2.852171831731046,,0.0004703016066470272,,3.504344792296833e-08
2.8521576263283523,,0.0004703575904295206,,3.504373872489765e-08
2.852143420925659,,0.00047041357421201234,,3.5044029526826957e-08
2.8521292155229654,,0.0004704695579945058,,3.504432032875627e-08
2.8521150101202717,,0.0004705255417769992,,3.504461113068559e-08
2.8521008047175784,,0.0004705815255594909,,3.50449019326149e-08
2.8520865993148847,,0.0004706375093419843,,3.5045192734544215e-08
2.852072393912191,,0.0004706934931244778,,3.504548353647353e-08
2.8520581885094978,,0.00047074947690696944,,3.5045774338402834e-08
2.852043983106804,,0.0004708054606894629,,3.504606514033215e-08
2.8520297777041104,,0.00047086144447195635,,3.5046355942261466e-08
2.852015572301417,,0.000470917428254448,,3.5046646744190775e-08
2.8520013668987234,,0.0004709734120369415,,3.504693754612009e-08
2.8519871614960297,,0.0004710293958194349,,3.504722834804941e-08
2.8519729560933365,,0.0004710853796019266,,3.504751914997872e-08
2.8519587506906428,,0.00047114136338442,,3.504780995190803e-08
2.851944545287949,,0.00047119734716691346,,3.504810075383735e-08
2.851930339885256,,0.0004712533309494051,,3.504839155576665e-08
2.851916134482562,,0.0004713093147318986,,3.504868235769597e-08
2.8519019290798684,,0.00047136529851439204,,3.5048973159625284e-08
2.8518877236771747,,0.00047142128229688544,,3.50492639615546e-08
2.8518735182744814,,0.00047147726607937716,,3.504955476348391e-08
2.8518593128717877,,0.00047153324986187056,,3.5049845565413226e-08
2.851845107469094,,0.0004715755276201967,,3.505013636734254e-08
2.8518309020664008,,0.00047153719456944254,,3.505042716927185e-08
2.851816696663707,,0.0004714988615186872,,3.505071797120117e-08
2.8518024912610134,,0.0004714605284679319,,3.5051008773130484e-08
2.85178828585832,,0.00047142219541717776,,3.505129957505979e-08
2.8517740804556264,,0.00047138386236642244,,3.50515903769891e-08
2.8517598750529327,,0.00047134552931566716,,3.505188117891842e-08
2.8517456696502395,,0.00047130719626491303,,3.505217198084773e-08
2.8517314642475458,,0.0004712688632141577,,3.5052462782777045e-08
2.851717258844852,,0.0004712305301634024,,3.505275358470636e-08
2.851703053442159,,0.00047119219711264825,,3.505304438663567e-08
2.851688848039465,,0.0004711538640618929,,3.5053335188564986e-08
2.8516746426367714,,0.00047111553101113765,,3.50536259904943e-08
2.851660437234078,,0.0004710771979603835,,3.5053916792423605e-08
2.8516462318313844,,0.0004710388649096282,,3.505420759435292e-08
2.8516320264286907,,0.00047100053185887287,,3.505449839628224e-08
2.851617821025997,,0.00047096219880811755,,3.5054789198211554e-08
2.8516036156233038,,0.0004709238657573634,,3.505508000014086e-08
2.85158941022061,,0.0004708855327066081,,3.505537080207018e-08
2.8515752048179164,,0.0004708471996558528,,3.5055661603999495e-08
2.851560999415223,,0.0004708088666050987,,3.5055952405928805e-08
2.8515467940125294,,0.00047077053355434336,,3.505624320785812e-08
2.8515325886098357,,0.00047073220050358804,,3.505653400978744e-08
2.8515183832071425,,0.0004706938674528339,,3.505682481171674e-08
2.8515041778044488,,0.0004706555344020786,,3.5057115613646056e-08
2.851489972401755,,0.0004706172013513233,,3.505740641557537e-08
2.851475766999062,,0.0004705788683005692,,3.505769721750468e-08
2.851461561596368,,0.00047054053524981385,,3.5057988019434e-08
2.8514473561936744,,0.0004705022021990585,,3.5058278821363314e-08
2.851433150790981,,0.0004704638691483044,,3.5058569623292623e-08
2.8514189453882874,,0.00047042553609754907,,3.505886042522194e-08
2.8514047399855937,,0.00047038720304679374,,3.5059151227151256e-08
2.8513905345829,,0.00047034886999603847,,3.505944202908057e-08
2.851376329180207,,0.00047031053694528434,,3.5059732831009875e-08
2.851362123777513,,0.000470272203894529,,3.506002363293919e-08
2.8513479183748194,,0.0004702338708437737,,3.506031443486851e-08
2.851333712972126,,0.00047019553779301956,,3.5060605236797816e-08
2.8513195075694324,,0.00047015720474226423,,3.506089603872713e-08
2.8513053021667387,,0.00047011887169150896,,3.506118684065645e-08
2.8512910967640455,,0.00047008053864075483,,3.506147764258576e-08
2.8512768913613518,,0.0004700422055899995,,3.5061768444515074e-08
2.851262685958658,,0.0004700038725392442,,3.506205924644439e-08
2.851248480555965,,0.00046996553948849005,,3.506235004837369e-08
2.851234275153271,,0.0004699272064377347,,3.506264085030301e-08
2.8512200697505774,,0.00046988887338697945,,3.5062931652232325e-08
2.851205864347884,,0.0004698505403362253,,3.5063222454161635e-08
2.8511916589451904,,0.00046981220728547,,3.506351325609095e-08
2.8511774535424967,,0.00046977387423471467,,3.506380405802027e-08
2.8511632481398035,,0.00046973554118396053,,3.506409485994958e-08
2.85114904273711,,0.0004696972081332052,,3.506438566187889e-08
2.851134837334416,,0.0004696588750824499,,3.506467646380821e-08
2.8511206319317224,,0.0004696205420316946,,3.5064967265737525e-08
2.851106426529029,,0.0004695822089809405,,3.506525806766683e-08
2.8510922211263354,,0.00046954387593018516,,3.5065548869596144e-08
2.8510780157236417,,0.00046950554287942983,,3.506583967152546e-08
2.8510638103209485,,0.0004694672098286757,,3.506613047345477e-08
2.8510496049182548,,0.0004694288767779204,,3.5066421275384086e-08
2.851035399515561,,0.0004693905437271651,,3.50667120773134e-08
2.851021194112868,,0.00046935221067641097,,3.506700287924271e-08
2.851006988710174,,0.00046931387762565564,,3.506729368117203e-08
2.8509927833074804,,0.0004692755445749003,,3.5067584483101344e-08
2.850978577904787,,0.0004692372115241462,,3.5067875285030646e-08
2.8509643725020934,,0.00046919887847339086,,3.506816608695996e-08
2.8509501670993997,,0.00046916054542263554,,3.506845688888928e-08
2.8509359616967065,,0.00046912221237188146,,3.506874769081859e-08
2.850921756294013,,0.00046908387932112613,,3.5069038492747904e-08
2.850907550891319,,0.0004690455462703708,,3.506932929467722e-08
2.850893345488626,,0.0004690072132196167,,3.506962009660653e-08
2.850879140085932,,0.0004689738226698016,,3.5069910898535846e-08
2.8508649346832384,,0.0004690681861772513,,3.507020170046516e-08
2.8508507292805447,,0.00046916254968470093,,3.507049250239448e-08
2.8508365238778515,,0.00046925691319214764,,3.507078330432378e-08
2.8508223184751578,,0.0004693512766995973,,3.50710741062531e-08
2.850808113072464,,0.0004694456402070469,,3.5071364908182413e-08
2.850793907669771,,0.0004695400037144936,,3.507165571011172e-08
2.850779702267077,,0.0004696343672219433,,3.507194651204104e-08
2.8507654968643834,,0.00046972873072939294,,3.5072237313970355e-08
2.85075129146169,,0.00046982309423683965,,3.5072528115899665e-08
2.8507370860589965,,0.0004699174577442893,,3.507281891782898e-08
2.8507228806563027,,0.000470011821251739,,3.50731097197583e-08
2.8507086752536095,,0.0004701061847591857,,3.50734005216876e-08
2.850694469850916,,0.0004702005482666353,,3.5073691323616916e-08
2.850680264448222,,0.00047029491177408495,,3.507398212554623e-08
2.850666059045529,,0.00047038927528153166,,3.507427292747554e-08
2.850651853642835,,0.0004704836387889813,,3.507456372940486e-08
2.8506376482401414,,0.000470578002296431,,3.5074854531334174e-08
2.850623442837448,,0.0004706723658038777,,3.507514533326348e-08
2.8506092374347545,,0.0004707667293113273,,3.50754361351928e-08
2.8505950320320608,,0.00047086109281877696,,3.5075726937122115e-08
2.850580826629367,,0.00047095545632622665,,3.507601773905143e-08
2.850566621226674,,0.00047104981983367336,,3.5076308540980734e-08
2.85055241582398,,0.000471144183341123,,3.507659934291005e-08
2.8505382104212864,,0.0004712385468485726,,3.5076890144839367e-08
2.850524005018593,,0.00047133291035601933,,3.5077180946768676e-08
2.8505097996158995,,0.00047142727386346897,,3.507747174869799e-08
2.8504955942132058,,0.00047152163737091866,,3.507776255062731e-08
2.8504813888105125,,0.00047161600087836537,,3.507805335255662e-08
2.850467183407819,,0.000471710364385815,,3.5078344154485934e-08
2.850452978005125,,0.00047180472789326464,,3.507863495641525e-08
2.850438772602432,,0.00047189909140071134,,3.507892575834455e-08
2.850424567199738,,0.00047199345490816103,,3.507921656027387e-08
2.8504103617970444,,0.00047208781841561067,,3.5079507362203185e-08
2.850396156394351,,0.0004721821819230574,,3.5079798164132495e-08
2.8503819509916575,,0.000472276545430507,,3.508008896606181e-08
2.8503677455889638,,0.0004723709089379567,,3.508037976799113e-08
2.85035354018627,,0.00047246527244540633,,3.508067056992044e-08
2.850339334783577,,0.00047255963595285304,,3.508096137184975e-08
2.850325129380883,,0.0004726539994603027,,3.508125217377907e-08
2.8503109239781894,,0.0004727483629677523,,3.5081542975708385e-08
2.850296718575496,,0.000472842726475199,,3.508183377763769e-08
2.8502825131728025,,0.0004729370899826487,,3.5082124579567004e-08
2.8502683077701088,,0.00047303145349009834,,3.508241538149632e-08
2.8502541023674155,,0.00047312581699754505,,3.508270618342563e-08
2.850239896964722,,0.0004732201805049947,,3.5082996985354946e-08
2.850225691562028,,0.0004733145440124444,,3.508328778728426e-08
2.850211486159335,,0.00047340890751989103,,3.508357858921357e-08
2.850197280756641,,0.0004735032710273407,,3.508386939114289e-08
2.8501830753539474,,0.00047359763453479035,,3.5084160193072203e-08
2.850168869951254,,0.00047369199804223706,,3.5084450995001506e-08
2.8501546645485605,,0.0004737863615496867,,3.508474179693082e-08
2.850140459145867,,0.0004738807250571364,,3.508503259886014e-08
2.8501262537431735,,0.0004739750885645831,,3.508532340078945e-08
2.85011204834048,,0.0004740694520720327,,3.5085614202718764e-08
2.850097842937786,,0.00047416381557948236,,3.508590500464808e-08
2.8500836375350924,,0.00047425817908693205,,3.5086195806577396e-08
2.850069432132399,,0.0004743525425943787,,3.5086486608506706e-08
2.8500552267297055,,0.0004744469061018284,,3.508677741043602e-08
2.8500410213270118,,0.00047454126960927803,,3.508706821236534e-08
2.8500268159243185,,0.00047463563311672473,,3.508735901429464e-08
2.850012610521625,,0.00047472999662417437,,3.508764981622396e-08
2.849998405118931,,0.00047482436013162406,,3.508794061815327e-08
2.849984199716238,,0.00047491872363907077,,3.508823142008258e-08
2.849969994313544,,0.0004750130871465204,,3.50885222220119e-08
2.8499557889108504,,0.00047510745065397004,,3.5088813023941215e-08
2.849941583508157,,0.00047520181416141674,,3.5089103825870524e-08
2.8499273781054635,,0.00047529617766886643,,3.508939462779984e-08
2.84991317270277,,0.00047539054117631607,,3.5089685429729157e-08
2.8498989673000765,,0.0004731151313688563,,3.508997623165846e-08
2.849884761897383,,0.00047061217181384844,,3.5090267033587776e-08
2.849870556494689,,0.0004681092122588406,,3.509055783551709e-08
2.849856351091996,,0.00046560625270391094,,3.50908486374464e-08
2.849842145689302,,0.0004631032931489031,,3.509113943937572e-08
2.8498279402866085,,0.0004606003335938952,,3.5091430241305033e-08
2.8498137348839148,,0.00045809737403888735,,3.509172104323435e-08
2.8497995294812215,,0.0004555944144839577,,3.509201184516366e-08
2.849785324078528,,0.00045309145492894985,,3.5092302647092975e-08
2.849771118675834,,0.000450588495373942,,3.509259344902229e-08
2.849756913273141,,0.0004480855358190124,,3.5092884250951594e-08
2.849742707870447,,0.00044558257626400454,,3.509317505288091e-08
2.8497285024677534,,0.0004430796167089967,,3.5093465854810226e-08
2.84971429706506,,0.0004405766571540671,,3.5093756656739536e-08
2.8497000916623665,,0.0004380736975990592,,3.509404745866885e-08
2.849685886259673,,0.00043557073804405136,,3.509433826059817e-08
2.8496716808569795,,0.0004330677784891217,,3.509462906252748e-08
2.849657475454286,,0.0004305648189341139,,3.5094919864456794e-08
2.849643270051592,,0.00042806185937910605,,3.509521066638611e-08
2.849629064648899,,0.0004255588998241764,,3.509550146831541e-08
2.849614859246205,,0.00042305594026916855,,3.509579227024473e-08
2.8496006538435115,,0.0004205529807141607,,3.5096083072174045e-08
2.849586448440818,,0.00041805002115923105,,3.5096373874103354e-08
2.8495722430381245,,0.0004155470616042232,,3.509666467603267e-08
2.849558037635431,,0.0004130441020492153,,3.509695547796199e-08
2.849543832232737,,0.00041054114249420746,,3.50972462798913e-08
2.849529626830044,,0.0004080381829392779,,3.509753708182061e-08
2.84951542142735,,0.00040553522338427,,3.509782788374993e-08
2.8495012160246564,,0.00040303226382926215,,3.5098118685679245e-08
2.849487010621963,,0.00040052930427433256,,3.509840948760855e-08
2.8494728052192695,,0.0003980263447193247,,3.5098700289537864e-08
2.849458599816576,,0.00039552338516431684,,3.509899109146718e-08
2.8494443944138825,,0.0003930204256093872,,3.509928189339649e-08
2.849430189011189,,0.00039051746605437934,,3.5099572695325805e-08
2.849415983608495,,0.00038801450649937147,,3.509986349725512e-08
2.849401778205802,,0.00038551154694444183,,3.510015429918443e-08
2.849387572803108,,0.00038300858738943397,,3.510044510111375e-08
2.8493733674004145,,0.00038050562783442616,,3.510073590304306e-08
2.849359161997721,,0.0003780026682794965,,3.5101026704972366e-08
2.8493449565950275,,0.00037549970872448866,,3.510131750690168e-08
2.849330751192334,,0.0003729967491694808,,3.5101608308831e-08
2.8493165457896406,,0.0003704937896145512,,3.510189911076031e-08
2.849302340386947,,0.00036799083005954335,,3.5102189912689624e-08
2.849288134984253,,0.0003654878705045355,,3.510248071461894e-08
2.8492739295815595,,0.0003629849109495276,,3.5102771516548256e-08
2.849259724178866,,0.000360481951394598,,3.510306231847756e-08
2.8492455187761725,,0.0003579789918395901,,3.510335312040688e-08
2.849231313373479,,0.00035547603228458226,,3.51036439223362e-08
2.8492171079707855,,0.0003529730727296527,,3.51039347242655e-08
2.849202902568092,,0.0003504701131746448,,3.510422552619482e-08
2.849188697165398,,0.00034796715361963695,,3.510451632812413e-08
2.849174491762705,,0.0003454641940647073,,3.510480713005344e-08
2.849160286360011,,0.00034296123450969945,,3.510509793198276e-08
2.8491460809573175,,0.0003404582749546916,,3.5105388733912075e-08
2.849131875554624,,0.000337955315399762,,3.510567953584138e-08
2.8491176701519305,,0.00033545235584475413,,3.5105970337770694e-08
2.849103464749237,,0.00033294939628974627,,3.5106261139700016e-08
2.8490892593465436,,0.0003304464367348167,,3.510655194162932e-08
2.84907505394385,,0.0003279434771798088,,3.5106842743558635e-08
2.849060848541156,,0.00032544051762480096,,3.510713354548795e-08
2.8490466431384625,,0.0003229375580697931,,3.510742434741727e-08
2.849032437735769,,0.00032043459851486346,,3.510771514934658e-08
2.8490182323330755,,0.0003179316389598556,,3.510800595127589e-08
2.849004026930382,,0.00031542867940484773,,3.510829675320521e-08
2.8489898215276885,,0.00031292571984991815,,3.510858755513451e-08
2.848975616124995,,0.0003104227602949103,,3.510887835706383e-08
2.848961410722301,,0.0003079198007399024,,3.5109169158993144e-08
2.848947205319608,,0.0003054168411849728,,3.5109459960922454e-08
2.848932999916914,,0.0003068602961584238,,3.510975076285177e-08
2.8489187945142205,,0.0003093684359030343,,3.5110041564781086e-08
2.848904589111527,,0.0003118765756475664,,3.5110332366710396e-08
2.8488903837088335,,0.00031438471539217683,,3.511062316863971e-08
2.84887617830614,,0.0003168928551367873,,3.511091397056903e-08
2.8488619729034466,,0.0003194009948813194,,3.511120477249833e-08
2.848847767500753,,0.00032190913462592987,,3.511149557442765e-08
2.848833562098059,,0.0003244172743705403,,3.511178637635696e-08
2.848819356695366,,0.0003269254141150724,,3.511207717828627e-08
2.848805151292672,,0.0003294335538596829,,3.511236798021559e-08
2.8487909458899785,,0.00033194169360429334,,3.5112658782144905e-08
2.848776740487285,,0.00033444983334890384,,3.511294958407422e-08
2.8487625350845915,,0.00033695797309343594,,3.511324038600353e-08
2.848748329681898,,0.0003394661128380464,,3.5113531187932846e-08
2.848734124279204,,0.0003419742525826569,,3.511382198986216e-08
2.848719918876511,,0.000344482392327189,,3.5114112791791465e-08
2.848705713473817,,0.0003469905320717994,,3.511440359372078e-08
2.8486915080711235,,0.0003494986718164099,,3.51146943956501e-08
2.8486773026684302,,0.000352006811560942,,3.511498519757941e-08
2.8486630972657365,,0.00035451495130555245,,3.511527599950872e-08
2.848648891863043,,0.00035702309105016295,,3.511556680143804e-08
2.8486346864603496,,0.000359531230794695,,3.511585760336735e-08
2.848620481057656,,0.0003620393705393055,,3.5116148405296665e-08
2.848606275654962,,0.00036454751028391593,,3.5116727920469855e-08
2.848592070252269,,0.00036705565002844803,,3.5117458617542264e-08
2.848577864849575,,0.00036956378977305853,,3.5118189314614706e-08
2.8485636594468815,,0.00037207192951766897,,3.511892001168714e-08
2.8485494540441882,,0.00037458006926220107,,3.511965070875956e-08
2.8485352486414945,,0.00037708820900681156,,3.512038140583199e-08
2.848521043238801,,0.000379596348751422,,3.5121112102904435e-08
2.848506837836107,,0.0003821044884960325,,3.512184279997687e-08
2.848492632433414,,0.0003846126282405646,,3.5122573497049286e-08
2.84847842703072,,0.00038712076798517504,,3.512330419412172e-08
2.8484642216280265,,0.00038962890772978553,,3.512403489119416e-08
2.8484500162253332,,0.0003921370474743176,,3.512476558826657e-08
2.8484358108226395,,0.0003946451872189281,,3.5125496285339014e-08
2.848421605419946,,0.00039715332696353857,,3.512622698241145e-08
2.8484074000172526,,0.0003996614667080706,,3.5126957679483865e-08
2.848393194614559,,0.0004021696064526811,,3.51276883765563e-08
2.848378989211865,,0.00040467774619729155,,3.512841907362874e-08
2.848364783809172,,0.00040718588594182366,,3.512914977070116e-08
2.848350578406478,,0.00040969402568643415,,3.5129880467773593e-08
2.8483363730037845,,0.0004122021654310446,,3.513061116484603e-08
2.8483221676010912,,0.0004147103051755767,,3.5131341861918444e-08
2.8483079621983975,,0.0004172184449201872,,3.513207255899088e-08
2.848293756795704,,0.00041972658466479763,,3.513280325606332e-08
2.8482795513930106,,0.00042223472440932973,,3.513353395313574e-08
2.848265345990317,,0.00042474286415394017,,3.513426465020817e-08
2.848251140587623,,0.00042725100389855066,,3.513499534728061e-08
2.8482369351849295,,0.00042975914364316116,,3.513572604435305e-08
2.8482227297822362,,0.0004322672833876932,,3.5136456741425466e-08
2.8482085243795425,,0.0004347754231323037,,3.51371874384979e-08
2.848194318976849,,0.0004372835628769142,,3.513791813557034e-08
2.8481801135741556,,0.00043979170262144625,,3.513864883264275e-08
2.848165908171462,,0.00044229984236605674,,3.513937952971519e-08
2.848151702768768,,0.00044480798211066723,,3.514011022678763e-08
2.848137497366075,,0.0004473161218551993,,3.5140840923860045e-08
2.848123291963381,,0.0004498242615998098,,3.514157162093248e-08
2.8481090865606875,,0.0004523324013444202,,3.5142302318004916e-08
2.8480948811579943,,0.0004548405410889523,,3.514303301507733e-08
2.8480806757553006,,0.0004573486808335628,,3.5143763712149774e-08
2.848066470352607,,0.00045985682057817325,,3.514449440922221e-08
2.8480522649499136,,0.00046236496032270536,,3.5145225106294625e-08
2.84803805954722,,0.0004648731000673158,,3.514595580336706e-08
2.848023854144526,,0.0004673812398119263,,3.5146686500439496e-08
2.8480096487418325,,0.0004698893795565368,,3.514741719751194e-08
2.8479954433391392,,0.00047239751930106883,,3.514814789458435e-08
2.8479812379364455,,0.0004749056590456793,,3.514887859165679e-08
2.847967032533752,,0.0004757669911474923,,3.5149609288729224e-08
2.8479528271310586,,0.0004757900538716826,,3.515033998580164e-08
2.847938621728365,,0.0004758131165958736,,3.515107068287408e-08
2.847924416325671,,0.0004758361793200646,,3.515180137994652e-08
2.847910210922978,,0.00047585924204425484,,3.515253207701893e-08
2.847896005520284,,0.00047588230476844584,,3.515326277409137e-08
2.8478818001175905,,0.00047590536749263684,,3.5153993471163803e-08
2.8478675947148973,,0.00047592843021682714,,3.515472416823622e-08
2.8478533893122036,,0.00047595149294101815,,3.515545486530866e-08
2.84783918390951,,0.00047597455566520915,,3.5156185562381097e-08
2.8478249785068166,,0.00047599761838939945,,3.515691625945351e-08
2.847810773104123,,0.00047602068111359045,,3.515764695652595e-08
2.847796567701429,,0.00047604374383778146,,3.515837765359839e-08
2.847782362298736,,0.0004760668065619717,,3.51591083506708e-08
2.8477681568960422,,0.0004760898692861627,,3.515983904774324e-08
2.8477539514933485,,0.0004761129320103537,,3.5160569744815676e-08
2.847739746090655,,0.0004761359947345447,,3.516130044188811e-08
2.8477255406879616,,0.000476159057458735,,3.516203113896053e-08
2.847711335285268,,0.000476182120182926,,3.516276183603297e-08
2.847697129882574,,0.000476205182907117,,3.5163492533105404e-08
2.847682924479881,,0.0004762282456313073,,3.516422323017782e-08
2.847668719077187,,0.0004762513083554983,,3.5164953927250255e-08
2.8476545136744935,,0.0004762743710796893,,3.51656846243227e-08
2.8476403082718003,,0.0004762974338038796,,3.5166415321395106e-08
2.8476261028691066,,0.0004763204965280706,,3.516714601846755e-08
2.847611897466413,,0.0004763435592522616,,3.5167876715539984e-08
2.8475976920637196,,0.0004763666219764519,,3.51686074126124e-08
2.847583486661026,,0.0004763896847006429,,3.5169338109684835e-08
2.847569281258332,,0.0004764127474248339,,3.517006880675728e-08
2.847555075855639,,0.00047643581014902413,,3.517079950382969e-08
2.8475408704529452,,0.00047645887287321514,,3.517153020090213e-08
2.8475266650502515,,0.00047648193559740614,,3.517226089797456e-08
2.8475124596475583,,0.00047650499832159644,,3.517299159504698e-08
2.8474982542448646,,0.00047652806104578745,,3.5173722292119414e-08
2.847484048842171,,0.00047655112376997845,,3.5174452989191856e-08
2.847469843439477,,0.00047657418649416945,,3.517518368626429e-08
2.847455638036784,,0.00047659724921835975,,3.517591438333671e-08
2.84744143263409,,0.00047662031194255076,,3.517664508040914e-08
2.8474272272313965,,0.00047664337466674176,,3.5177375777481585e-08
2.8474130218287033,,0.000476666437390932,,3.5178106474554e-08
2.8473988164260096,,0.000476689500115123,,3.5178837171626436e-08
2.847384611023316,,0.000476712562839314,,3.517956786869887e-08
2.8473704056206226,,0.0004767356255635043,,3.5180298565771287e-08
2.847356200217929,,0.0004767586882876953,,3.518102926284372e-08
2.847341994815235,,0.0004767817510118863,,3.5181759959916164e-08
2.847327789412542,,0.0004768048137360766,,3.518249065698858e-08
2.8473135840098482,,0.0004768278764602676,,3.5183221354061015e-08
2.8472993786071545,,0.00047685093918445863,,3.518395205113345e-08
2.8472851732044613,,0.00047687400190864887,,3.5184682748205866e-08
2.8472709678017676,,0.0004768970646328399,,3.518541344527831e-08
2.847256762399074,,0.0004769201273570309,,3.5186144142350744e-08
2.8472425569963806,,0.0004769431900812212,,3.518687483942316e-08
2.847228351593687,,0.0004769662528054122,,3.5187605536495595e-08
2.8472141461909932,,0.0004769893155296032,,3.518833623356803e-08
2.8471999407882995,,0.0004770123782537942,,3.518906693064047e-08
2.8471857353856063,,0.0004770354409779845,,3.518979762771289e-08
2.8471715299829126,,0.0004770585037021755,,3.519052832478532e-08
2.847157324580219,,0.0004770815664263665,,3.519125902185776e-08
2.8471431191775256,,0.00047710462915055674,,3.5191989718930174e-08
2.847128913774832,,0.00047712769187474775,,3.5192720416002616e-08
2.847114708372138,,0.00047715075459893875,,3.519345111307505e-08
2.847100502969445,,0.00047717381732312905,,3.519418181014747e-08
2.8470862975667512,,0.00047719688004732005,,3.51949125072199e-08
2.8470720921640575,,0.00047721994277151106,,3.519564320429234e-08
2.8470578867613643,,0.00047724300549570136,,3.5196373901364753e-08
2.8470436813586706,,0.0004772660682198923,,3.5197104598437195e-08
2.847029475955977,,0.0004772891309440833,,3.519783529550963e-08
2.8470152705532836,,0.0004773121936682736,,3.5198565992582046e-08
2.84700106515059,,0.00047726962717238976,,3.519929668965448e-08
2.8469868597478962,,0.0004771743551263708,,3.5200027386726924e-08
2.846972654345203,,0.00047707908308035487,,3.520075808379933e-08
2.8469584489425093,,0.0004769838110343359,,3.5201488780871775e-08
2.8469442435398156,,0.00047688853898831694,,3.520221947794421e-08
2.846930038137122,,0.000476793266942298,,3.5202950175016646e-08
2.8469158327344286,,0.000476697994896282,,3.520368087208906e-08
2.846901627331735,,0.00047660272285026306,,3.5204411569161503e-08
2.846887421929041,,0.0004765074508042441,,3.520514226623394e-08
2.846873216526348,,0.0004764121787582281,,3.5205872963306354e-08
2.8468590111236542,,0.0004763169067122092,,3.520660366037879e-08
2.8468448057209605,,0.00047622163466619024,,3.520733435745123e-08
2.8468306003182673,,0.00047612636262017423,,3.520806505452364e-08
2.8468163949155736,,0.0004760310905741553,,3.520879575159608e-08
2.84680218951288,,0.00047593581852813636,,3.520952644866852e-08
2.8467879841101866,,0.00047584054648212035,,3.5210257145740934e-08
2.846773778707493,,0.0004757452744361014,,3.521098784281337e-08
2.8467595733047992,,0.0004756500023900825,,3.521171853988581e-08
2.846745367902106,,0.00047555473034406647,,3.521244923695823e-08
2.8467311624994123,,0.00047545945829804753,,3.521317993403066e-08
2.8467169570967186,,0.0004753641862520286,,3.52139106311031e-08
2.846702751694025,,0.00047526891420600966,,3.521464132817554e-08
2.8466885462913316,,0.00047517364215999365,,3.521537202524795e-08
2.846674340888638,,0.0004750783701139747,,3.521610272232039e-08
2.846660135485944,,0.0004749830980679558,,3.5216833419392826e-08
2.846645930083251,,0.00047488782602193977,,3.521756411646524e-08
2.8466317246805573,,0.00047479255397592083,,3.521829481353768e-08
2.8466175192778636,,0.0004746972819299019,,3.521902551061012e-08
2.8466033138751703,,0.0004746020098838859,,3.5219756207682535e-08
2.8465891084724766,,0.00047450673783786695,,3.522048690475497e-08
2.846574903069783,,0.000474411465791848,,3.5221217601827406e-08
2.8465606976670896,,0.000474316193745832,,3.522194829889982e-08
2.846546492264396,,0.00047422092169981307,,3.5222678995972256e-08
2.8465322868617022,,0.00047412564965379413,,3.52234096930447e-08
2.846518081459009,,0.0004740303776077781,,3.5224140390117114e-08
2.8465038760563153,,0.0004739351055617592,,3.522487108718955e-08
2.8464896706536216,,0.00047383983351574025,,3.5225601784261985e-08
2.8464754652509283,,0.00047374456146972424,,3.52263324813344e-08
2.8464612598482346,,0.0004736492894237053,,3.522706317840684e-08
2.846447054445541,,0.00047355401737768637,,3.522779387547928e-08
2.846432849042847,,0.0004734587453316674,,3.5228524572551713e-08
2.846418643640154,,0.0004733634732856514,,3.522925526962413e-08
2.8464044382374603,,0.0004732682012396325,,3.5229985966696564e-08
2.8463902328347666,,0.0004731729291936135,,3.5230716663769006e-08
2.8463760274320733,,0.00047307765714759754,,3.523144736084142e-08
2.8463618220293796,,0.0004729823851015786,,3.523217805791386e-08
2.846347616626686,,0.0004728871130555596,,3.523290875498629e-08
2.8463334112239926,,0.00047279184100954366,,3.523363945205871e-08
2.846319205821299,,0.0004726965689635247,,3.523437014913115e-08
2.8463050004186052,,0.00047260129691750573,,3.5235100846203586e-08
2.846290795015912,,0.0004725060248714898,,3.5235831543276e-08
2.8462765896132183,,0.00047241075282547084,,3.523656224034844e-08
2.8462623842105246,,0.00047231548077945185,,3.523729293742087e-08
2.8462481788078313,,0.0004722202087334359,,3.523802363449329e-08
2.8462339734051376,,0.00047212493668741696,,3.523875433156573e-08
2.846219768002444,,0.00047202966464139797,,3.5239485028638165e-08
2.8462055625997507,,0.000471934392595382,,3.524021572571058e-08
2.846191357197057,,0.0004718391205493631,,3.5240946422783016e-08
2.8461771517943633,,0.0004717438485033441,,3.524167711985546e-08
2.8461629463916696,,0.00047164857645732515,,3.5242407816927894e-08
2.8461487409889763,,0.0004715533044113092,,3.524313851400031e-08
2.8461345355862826,,0.0004714580323652902,,3.5243869211072745e-08
2.846120330183589,,0.00047136276031927126,,3.524459990814518e-08
2.8461061247808956,,0.0004712674882732553,,3.5245330605217596e-08
2.846091919378202,,0.0004711722162272363,,3.524606130229004e-08
2.8460777139755082,,0.0004710769441812174,,3.524679199936247e-08
2.846063508572815,,0.00047098167213520143,,3.524752269643489e-08
2.8460493031701213,,0.00047088640008918244,,3.5248253393507324e-08
2.8460350977674276,,0.0004707973910174656,,3.5248984090579766e-08
2.8460208923647343,,0.00047071669248678974,,3.5249714787652175e-08
2.8460066869620406,,0.00047063599395611133,,3.525044548472462e-08
2.845992481559347,,0.0004705552954254329,,3.525117618179705e-08
2.8459782761566537,,0.000470474596894757,,3.525190687886947e-08
2.84596407075396,,0.0004703938983640786,,3.5252637575941904e-08
2.8459498653512663,,0.00047031319983340024,,3.5253368273014346e-08
2.845935659948573,,0.00047023250130272433,,3.525409897008676e-08
2.8459214545458793,,0.0004701518027720459,,3.5254829667159197e-08
2.8459072491431856,,0.0004700711042413675,,3.525556036423163e-08
2.845893043740492,,0.0004699904057106891,,3.5256291061304074e-08
2.8458788383377986,,0.00046990970718001324,,3.525702175837648e-08
2.845864632935105,,0.00046982900864933483,,3.5257752455448925e-08
2.8458504275324112,,0.0004697483101186564,,3.525848315252136e-08
2.845836222129718,,0.00046966761158798056,,3.5259213849593776e-08
2.8458220167270243,,0.00046958691305730216,,3.525994454666621e-08
2.8458078113243306,,0.00046950621452662375,,3.5260675243738653e-08
2.8457936059216373,,0.0004694255159959479,,3.526140594081107e-08
2.8457794005189436,,0.0004693448174652695,,3.5262136637883504e-08
2.84576519511625,,0.00046926411893459107,,3.526286733495594e-08
2.8457509897135567,,0.00046918342040391515,,3.5263598032028355e-08
2.845736784310863,,0.00046910272187323675,,3.526432872910079e-08
2.8457225789081693,,0.00046902202334255834,,3.526505942617323e-08
2.845708373505476,,0.0004689413248118825,,3.526579012324565e-08
2.8456941681027823,,0.00046886062628120407,,3.5266520820318084e-08
2.8456799627000886,,0.00046877992775052566,,3.526725151739052e-08
2.845665757297395,,0.00046869922921984725,,3.526798221446296e-08
2.8456515518947016,,0.0004686185306891714,,3.526871291153538e-08
2.845637346492008,,0.000468537832158493,,3.526944360860781e-08
2.8456231410893142,,0.0004684571336278146,,3.527017430568025e-08
2.845608935686621,,0.0004683764350971387,,3.5270905002752663e-08
2.8455947302839273,,0.0004682957365664603,,3.52716356998251e-08
2.8455805248812336,,0.0004682150380357819,,3.527236639689754e-08
2.8455663194785403,,0.000468134339505106,,3.5273097093969956e-08
2.8455521140758466,,0.0004680536409744276,,3.527382779104239e-08
2.845537908673153,,0.00046797294244374916,,3.527455848811483e-08
2.8455237032704597,,0.0004678922439130733,,3.527528918518724e-08
2.845509497867766,,0.0004678115453823949,,3.527601988225968e-08
2.8454952924650723,,0.0004677308468517165,,3.527675057933212e-08
2.845481087062379,,0.0004676501483210406,,3.5277481276404536e-08
2.8454668816596853,,0.0004675694497903622,,3.527821197347697e-08
2.8454526762569916,,0.0004674887512596838,,3.5278942670549407e-08
2.8454384708542984,,0.00046740805272900795,,3.527967336762182e-08
2.8454242654516047,,0.00046732735419832954,,3.5280404064694264e-08
2.845410060048911,,0.00046724665566765113,,3.52811347617667e-08
2.8453958546462172,,0.0004671659571369727,,3.5281865458839135e-08
2.845381649243524,,0.0004670852586062968,,3.528259615591155e-08
2.8453674438408303,,0.00046700456007561845,,3.528332685298399e-08
2.8453532384381366,,0.00046692386154494005,,3.528405755005643e-08
2.8453390330354433,,0.00046684316301426413,,3.5284788247128844e-08
2.8453248276327496,,0.0004667624644835857,,3.528551894420128e-08
2.845310622230056,,0.0004666817659529073,,3.5286249641273714e-08
2.8452964168273627,,0.00046660106742223145,,3.528698033834613e-08
2.845282211424669,,0.00046652036889155305,,3.528771103541857e-08
2.8452680060219753,,0.00046643967036087464,,3.528844173249101e-08
2.845253800619282,,0.0004663589718301988,,3.528917242956342e-08
2.8452395952165883,,0.00046627827329952037,,3.528990312663586e-08
2.8452253898138946,,0.00046619757476884196,,3.5290633823708294e-08
2.8452111844112014,,0.00046611687623816604,,3.529136452078071e-08
2.8451969790085077,,0.0004660361777074877,,3.529209521785315e-08
2.845182773605814,,0.0004659554791768093,,3.529282591492559e-08
2.8451685682031207,,0.00046587478064613337,,3.5293556611998e-08
2.845154362800427,,0.00046579408211545496,,3.529428730907044e-08
2.8451401573977333,,0.00046571338358477655,,3.529501800614288e-08
2.8451259519950396,,0.00046563268505409814,,3.5295748703215315e-08
2.8451117465923463,,0.0004655519865234223,,3.529647940028773e-08
2.8450975411896526,,0.00046547128799274387,,3.5297210097360166e-08
2.845083335786959,,0.00046539058946206546,,3.529794079443261e-08
2.8450691303842657,,0.0004653633577705039,,3.529867149150502e-08
2.845054924981572,,0.0004654488714861869,,3.529940218857746e-08
2.8450407195788783,,0.00046553438520186995,,3.5300132885649895e-08
2.845026514176185,,0.00046561989891755033,,3.530086358272231e-08
2.8450123087734913,,0.0004657054126332333,,3.5301594279794746e-08
2.8449981033707976,,0.00046579092634891635,,3.530232497686719e-08
2.8449838979681044,,0.00046587644006459674,,3.53030556739396e-08
2.8449696925654107,,0.0004659619537802798,,3.530378637101204e-08
2.844955487162717,,0.00046604746749596276,,3.5304517068084474e-08
2.8449412817600237,,0.00046613298121164315,,3.530524776515689e-08
2.84492707635733,,0.0004662184949273262,,3.5305978462229325e-08
2.8449128709546363,,0.0004663040086430092,,3.530670915930177e-08
2.844898665551943,,0.00046638952235868956,,3.530743985637418e-08
2.8448844601492493,,0.0004664750360743726,,3.530817055344662e-08
2.8448702547465556,,0.0004665605497900556,,3.5308901250519054e-08
2.844856049343862,,0.0004666460635057386,,3.5309631947591496e-08
2.8448418439411687,,0.000466731577221419,,3.5310362644663905e-08
2.844827638538475,,0.000466817090937102,,3.531109334173635e-08
2.8448134331357813,,0.00046690260465278503,,3.531182403880878e-08
2.844799227733088,,0.0004669881183684654,,3.53125547358812e-08
2.8447850223303943,,0.0004670736320841484,,3.531328543295363e-08
2.8447708169277006,,0.00046715914579983144,,3.5314016130026075e-08
2.8447566115250074,,0.0004672446595155118,,3.531474682709849e-08
2.8447424061223137,,0.00046733017323119486,,3.5315477524170926e-08
2.84472820071962,,0.00046741568694687785,,3.531620822124336e-08
2.8447139953169267,,0.00046750120066255823,,3.531693891831578e-08
2.844699789914233,,0.0004675867143782413,,3.531766961538821e-08
2.8446855845115393,,0.00046767222809392426,,3.5318400312460655e-08
2.844671379108846,,0.00046775774180960464,,3.531913100953307e-08
2.8446571737061523,,0.0004678432555252877,,3.5319861706605506e-08
2.8446429683034586,,0.00046792876924097067,,3.532059240367794e-08
2.8446287629007654,,0.00046801428295665105,,3.5321323100750357e-08
2.8446145574980717,,0.0004680997966723341,,3.53220537978228e-08
2.844600352095378,,0.0004681853103880171,,3.5322784494895234e-08
2.8445861466926843,,0.0004682708241037001,,3.532351519196767e-08
2.844571941289991,,0.0004683563378193805,,3.5324245889040085e-08
2.8445577358872973,,0.00046844185153506354,,3.532497658611252e-08
2.8445435304846036,,0.0004685273652507465,,3.532570728318496e-08
2.8445293250819104,,0.0004686128789664269,,3.532643798025738e-08
2.8445151196792167,,0.00046869839268210995,,3.5327168677329813e-08
2.844500914276523,,0.00046878390639779294,,3.532789937440225e-08
2.8444867088738297,,0.0004688694201134733,,3.5328630071474664e-08
2.844472503471136,,0.00046895493382915636,,3.5329360768547106e-08
2.8444582980684423,,0.00046904044754483935,,3.533009146561954e-08
2.844444092665749,,0.00046912596126051973,,3.533082216269196e-08
2.8444298872630553,,0.00046921147497620277,,3.533155285976439e-08
2.8444156818603616,,0.00046929698869188575,,3.533228355683683e-08
2.8444014764576684,,0.00046938250240756614,,3.5333014253909244e-08
2.8443872710549747,,0.0004694680161232492,,3.5333744950981686e-08
2.844373065652281,,0.00046955352983893216,,3.533447564805412e-08
2.8443588602495873,,0.0004696390435546152,,3.533520634512656e-08
2.844344654846894,,0.0004697245572702956,,3.533593704219897e-08
2.8443304494442003,,0.0004698100709859786,,3.5336667739271414e-08
2.8443162440415066,,0.0004698955847016616,,3.533739843634385e-08
2.8443020386388134,,0.000469981098417342,,3.5338129133416265e-08
2.8442878332361197,,0.00047006661213302504,,3.53388598304887e-08
2.844273627833426,,0.000470152125848708,,3.5339590527561136e-08
2.8442594224307327,,0.0004702376395643884,,3.534032122463355e-08
2.844245217028039,,0.00047032315328007145,,3.5341051921705994e-08
2.8442310116253453,,0.00047040866699575443,,3.534178261877843e-08
2.844216806222652,,0.0004704941807114348,,3.5342513315850845e-08
2.8442026008199583,,0.00047057969442711785,,3.534324401292328e-08
2.8441883954172646,,0.00047066520814280084,,3.534397470999572e-08
2.8441741900145714,,0.0004707507218584812,,3.534470540706813e-08
2.8441599846118777,,0.00047083623557416426,,3.534543610414057e-08
2.844145779209184,,0.00047092174928984725,,3.534616680121301e-08
2.8441315738064907,,0.00047100726300552763,,3.5346897498285424e-08
2.844117368403797,,0.0004710927767212107,,3.534762819535786e-08
2.8441031630011033,,0.000471150482493548,,3.53483588924303e-08
2.8440889575984096,,0.00047109471156536005,,3.534908958950274e-08
2.8440747521957164,,0.0004710389406371738,,3.534982028657515e-08
2.8440605467930227,,0.00047098316970898586,,3.535055098364759e-08
2.844046341390329,,0.00047092739878079793,,3.535128168072003e-08
2.8440321359876357,,0.0004708716278526117,,3.535201237779244e-08
2.844017930584942,,0.00047081585692442375,,3.535274307486488e-08
2.8440037251822483,,0.0004707600859962358,,3.5353473771937317e-08
2.843989519779555,,0.00047070431506804957,,3.535420446900973e-08
2.8439753143768614,,0.00047064854413986164,,3.535493516608217e-08
2.8439611089741677,,0.0004705927732116737,,3.535566586315461e-08
2.8439469035714744,,0.00047053700228348746,,3.5356396560227025e-08
2.8439326981687807,,0.0004704812313552995,,3.535712725729946e-08
2.843918492766087,,0.0004704254604271116,,3.5357857954371896e-08
2.8439042873633937,,0.00047036968949892534,,3.535858865144431e-08
2.8438900819607,,0.0004703139185707374,,3.535931934851675e-08
2.8438758765580063,,0.0004702581476425495,,3.536005004558919e-08
2.843861671155313,,0.00047020237671436323,,3.5360780742661605e-08
2.8438474657526194,,0.0004701466057861753,,3.536151143973404e-08
2.8438332603499257,,0.00047009083485798737,,3.5362242136806475e-08
2.843819054947232,,0.0004700350639297994,,3.536297283387892e-08
2.8438048495445387,,0.0004699792930016132,,3.536370353095133e-08
2.843790644141845,,0.00046992352207342526,,3.536443422802377e-08
2.8437764387391513,,0.00046986775114523727,,3.5365164925096204e-08
2.843762233336458,,0.0004698119802170511,,3.536589562216862e-08
2.8437480279337644,,0.00046975620928886314,,3.5366626319241055e-08
2.8437338225310707,,0.00046970043836067516,,3.53673570163135e-08
2.8437196171283774,,0.00046964466743248896,,3.536808771338591e-08
2.8437054117256837,,0.00046958889650430103,,3.536881841045835e-08
2.84369120632299,,0.00046953312557611304,,3.536954910753078e-08
2.8436770009202967,,0.00046947735464792685,,3.53702798046032e-08
2.843662795517603,,0.0004694215837197389,,3.537101050167564e-08
2.8436485901149093,,0.00046936581279155093,,3.5371741198748076e-08
2.843634384712216,,0.00046931004186336474,,3.537247189582049e-08
2.8436201793095224,,0.0004692542709351768,,3.537320259289293e-08
2.8436059739068287,,0.0004691985000069888,,3.537393328996536e-08
2.8435917685041354,,0.0004691427290788026,,3.537466398703778e-08
2.8435775631014417,,0.0004690869581506147,,3.537539468411022e-08
2.843563357698748,,0.0004690311872224267,,3.5376125381182656e-08
2.8435491522960543,,0.0004689754162942388,,3.537685607825509e-08
2.843534946893361,,0.0004689196453660526,,3.537758677532751e-08
2.8435207414906674,,0.00046886387443786465,,3.537831747239995e-08
2.8435065360879737,,0.00046880810350967666,,3.5379048169472384e-08
2.8434923306852804,,0.00046875233258149047,,3.53797788665448e-08
2.8434781252825867,,0.00046869656165330253,,3.5380509563617235e-08
2.843463919879893,,0.00046864079072511455,,3.538124026068967e-08
2.8434497144771997,,0.00046858501979692835,,3.5381970957762086e-08
2.843435509074506,,0.0004685292488687404,,3.538270165483453e-08
2.8434213036718123,,0.00046847347794055244,,3.5383432351906964e-08
2.843407098269119,,0.00046841770701236624,,3.538416304897938e-08
2.8433928928664254,,0.0004683619360841783,,3.5384893746051815e-08
2.8433786874637317,,0.0004683061651559903,,3.5385624443124257e-08
2.8433644820610384,,0.0004682503942278041,,3.5386355140196666e-08
2.8433502766583447,,0.0004681946232996162,,3.538708583726911e-08
2.843336071255651,,0.0004681388523714282,,3.538781653434154e-08
2.8433218658529578,,0.000468083081443242,,3.538854723141396e-08
2.843307660450264,,0.0004680273105150541,,3.5389277928486394e-08
2.8432934550475704,,0.0004679715395868661,,3.5390008625558836e-08
2.8432792496448767,,0.00046791576865867817,,3.539073932263127e-08
2.8432650442421834,,0.00046785999773049197,,3.539147001970369e-08
2.8432508388394897,,0.000467804226802304,,3.539220071677612e-08
2.843236633436796,,0.00046774845587411605,,3.5392931413848564e-08
2.8432224280341027,,0.00046769268494592986,,3.5393662110920973e-08
2.843208222631409,,0.00046763691401774187,,3.5394392807993415e-08
2.8431940172287153,,0.00046758114308955394,,3.539512350506585e-08
2.843179811826022,,0.00046752537216136774,,3.5395854202138266e-08
2.8431656064233284,,0.00046746960123317976,,3.53965848992107e-08
2.8431514010206347,,0.0004674138303049918,,3.5397315596283144e-08
2.8431371956179414,,0.0004673648032990409,,3.539804629335556e-08
2.8431229902152477,,0.00046738502039735694,,3.5398776990427995e-08
2.843108784812554,,0.00046740523749567303,,3.539950768750043e-08
2.8430945794098608,,0.0004674254545939884,,3.5400238384572846e-08
2.843080374007167,,0.0004674456716923045,,3.540096908164528e-08
2.8430661686044734,,0.00046746588879062055,,3.5401699778717723e-08
2.8430519632017797,,0.0004674861058889366,,3.540243047579016e-08
2.8430377577990864,,0.00046750632298725204,,3.5403161172862574e-08
2.8430235523963927,,0.0004675265400855681,,3.540389186993501e-08
2.843009346993699,,0.0004675467571838841,,3.540462256700745e-08
2.8429951415910057,,0.00046756697428219956,,3.540535326407987e-08
2.842980936188312,,0.0004675871913805156,,3.54060839611523e-08
2.8429667307856183,,0.00046760740847883163,,3.540681465822474e-08
2.842952525382925,,0.0004676276255771471,,3.5407545355297154e-08
2.8429383199802314,,0.0004676478426754631,,3.540827605236959e-08
2.8429241145775377,,0.0004676680597737792,,3.540900674944203e-08
2.8429099091748444,,0.0004676882768720946,,3.540973744651445e-08
2.8428957037721507,,0.00046770849397041064,,3.541046814358688e-08
2.842881498369457,,0.00046772871106872673,,3.541119884065932e-08
2.8428672929667638,,0.0004677489281670421,,3.541192953773173e-08
2.84285308756407,,0.0004677691452653582,,3.5412660234804175e-08
2.8428388821613764,,0.00046778936236367425,,3.541339093187661e-08
2.842824676758683,,0.00046780957946198964,,3.5414121628949026e-08
2.8428104713559894,,0.00046782979656030574,,3.541485232602146e-08
2.8427962659532957,,0.0004678500136586218,,3.54155830230939e-08
2.842782060550602,,0.0004678702307569378,,3.541631372016634e-08
2.8427678551479088,,0.00046789044785525326,,3.5417044417238755e-08
2.842753649745215,,0.0004679106649535693,,3.541777511431119e-08
2.8427394443425213,,0.00046793088205188534,,3.5418505811383626e-08
2.842725238939828,,0.0004679510991502008,,3.541923650845604e-08
2.8427110335371344,,0.0004679713162485168,,3.541996720552848e-08
2.8426968281344407,,0.00046799153334683286,,3.542069790260092e-08
2.8426826227317474,,0.0004680117504451483,,3.5421428599673334e-08
2.8426684173290537,,0.00046803196754346434,,3.542215929674577e-08
2.84265421192636,,0.00046805218464178043,,3.5422889993818205e-08
2.8426400065236668,,0.0004680724017400958,,3.542362069089062e-08
2.842625801120973,,0.00046809261883841186,,3.542435138796306e-08
2.8426115957182794,,0.00046811283593672795,,3.54250820850355e-08
2.842597390315586,,0.00046813305303504334,,3.5425812782107914e-08
2.8425831849128924,,0.00046815327013335944,,3.542654347918035e-08
2.8425689795101987,,0.0004681734872316755,,3.542727417625279e-08
2.8425547741075055,,0.00046819370432999086,,3.54280048733252e-08
2.8425405687048118,,0.00046821392142830696,,3.542873557039764e-08
2.842526363302118,,0.000468234138526623,,3.542946626747008e-08
2.8425121578994244,,0.00046825435562493904,,3.543019696454251e-08
2.842497952496731,,0.0004682745727232545,,3.543092766161493e-08
2.8424837470940374,,0.0004682947898215705,,3.543165835868737e-08
2.8424695416913437,,0.00046831500691988656,,3.5432389055759806e-08
2.8424553362886504,,0.000468335224018202,,3.543311975283222e-08
2.8424411308859567,,0.00046835544111651804,,3.543385044990466e-08
2.842426925483263,,0.0004683756582148341,,3.54345811469771e-08
2.8424127200805698,,0.0004683958753131495,,3.543531184404951e-08
2.842398514677876,,0.00046841609241146556,,3.543604254112195e-08
2.8423843092751824,,0.00046843630950978165,,3.5436773238194385e-08
2.842370103872489,,0.00046845652660809704,,3.54375039352668e-08
2.8423558984697954,,0.0004684767437064131,,3.5438234632339236e-08
2.8423416930671017,,0.0004684969608047292,,3.543896532941168e-08
2.8423274876644085,,0.00046851717790304456,,3.5439696026484094e-08
2.8423132822617148,,0.00046853739500136066,,3.544042672355653e-08
2.842299076859021,,0.0004685576120996767,,3.5441157420628965e-08
2.842284871456328,,0.0004685778291979921,,3.544188811770138e-08
2.842270666053634,,0.0004685980462963082,,3.5442618814773816e-08
2.8422564606509404,,0.0004686182633946242,,3.544334951184626e-08
2.8422422552482467,,0.00046863848049294026,,3.544408020891869e-08
2.8422280498455534,,0.0004686586975912557,,3.544481090599111e-08
2.8422138444428597,,0.00046867891468957174,,3.5445541603063544e-08
2.842199639040166,,0.0004686991317878878,,3.5446272300135986e-08
2.842185433637473,,0.0004687193488862032,,3.54470029972084e-08
2.842171228234779,,0.00046873956598451926,,3.544773369428084e-08
2.8421570228320854,,0.0004686582867983659,,3.544846439135327e-08
2.842142817429392,,0.0004685732056970497,,3.544919508842569e-08
2.8421286120266984,,0.0004684881245957308,,3.5449925785498124e-08
2.8421144066240047,,0.0004684030434944119,,3.5450656482570566e-08
2.8421002012213115,,0.00046831796239309566,,3.545138717964298e-08
2.8420859958186178,,0.00046823288129177676,,3.5452117876715417e-08
2.842071790415924,,0.00046814780019045787,,3.545284857378785e-08
2.842057585013231,,0.00046806271908914163,,3.545357927086027e-08
2.842043379610537,,0.00046797763798782274,,3.545430996793271e-08
2.8420291742078434,,0.00046789255688650384,,3.5455040665005145e-08
2.8420149688051497,,0.00046780747578518495,,3.545577136207758e-08
2.8420007634024564,,0.0004677223946838687,,3.5456502059149996e-08
2.8419865579997627,,0.00046763731358254976,,3.545723275622243e-08
2.841972352597069,,0.00046755223248123087,,3.5457963453294873e-08
2.841958147194376,,0.00046746715137991463,,3.545869415036729e-08
2.841943941791682,,0.00046738207027859573,,3.5459424847439724e-08
2.8419297363889884,,0.00046729698917727684,,3.546015554451216e-08
2.841915530986295,,0.0004672119080759606,,3.5460886241584575e-08
2.8419013255836014,,0.0004671268269746417,,3.546161693865702e-08
2.8418871201809077,,0.0004670417458733228,,3.546234763572945e-08
2.8418729147782145,,0.00046695666477200657,,3.546307833280187e-08
2.8418587093755208,,0.0004668715836706877,,3.5463809029874304e-08
2.841844503972827,,0.0004667865025693688,,3.546453972694674e-08
2.841830298570134,,0.00046670142146805255,,3.5465270424019155e-08
2.84181609316744,,0.00046661634036673365,,3.54660011210916e-08
2.8418018877647464,,0.0004665312592654147,,3.546673181816403e-08
2.841787682362053,,0.00046644617816409846,,3.546746251523645e-08
2.8417734769593594,,0.00046636109706277957,,3.5468193212308883e-08
2.8417592715566657,,0.0004662760159614607,,3.546892390938132e-08
2.841745066153972,,0.0004661909348601418,,3.546965460645376e-08
2.841730860751279,,0.00046610585375882554,,3.5470385303526176e-08
2.841716655348585,,0.00046602077265750665,,3.547111600059861e-08
2.8417024499458914,,0.00046593569155618775,,3.547184669767105e-08
2.841688244543198,,0.0004658506104548715,,3.547257739474346e-08
2.8416740391405044,,0.0004657655293535526,,3.5473308091815905e-08
2.8416598337378107,,0.0004656804482522337,,3.547403878888834e-08
2.8416456283351175,,0.0004655953671509175,,3.5474769485960756e-08
2.8416314229324238,,0.0004655102860495986,,3.547550018303319e-08
2.84161721752973,,0.00046542520494827964,,3.547623088010563e-08
2.841603012127037,,0.0004653401238469634,,3.547696157717804e-08
2.841588806724343,,0.0004652550427456445,,3.5477692274250484e-08
2.8415746013216494,,0.0004651699616443256,,3.547842297132292e-08
2.841560395918956,,0.0004650848805430094,,3.5479153668395335e-08
2.8415461905162624,,0.0004649997994416905,,3.547988436546777e-08
2.8415319851135687,,0.0004649147183403716,,3.548061506254021e-08
2.8415177797108755,,0.00046482963723905535,,3.548134575961262e-08
2.841503574308182,,0.00046474455613773646,,3.5482076456685064e-08
2.841489368905488,,0.00046465947503641756,,3.54828071537575e-08
2.8414751635027944,,0.00046457439393509867,,3.5483537850829935e-08
2.841460958100101,,0.00046448931283378243,,3.548426854790235e-08
2.8414467526974074,,0.0004644042317324635,,3.548499924497479e-08
2.8414325472947137,,0.0004643191506311446,,3.548572994204723e-08
2.8414183418920205,,0.00046423406952982835,,3.548646063911964e-08
2.8414041364893268,,0.00046414898842850945,,3.548719133619208e-08
2.841389931086633,,0.00046406390732719056,,3.548792203326452e-08
2.84137572568394,,0.0004639788262258743,,3.548865273033693e-08
2.841361520281246,,0.0004638937451245554,,3.548938342740937e-08
2.8413473148785524,,0.00046380866402323653,,3.549011412448181e-08
2.841333109475859,,0.0004637235829219203,,3.549084482155422e-08
2.8413189040731655,,0.0004636385018206014,,3.549157551862666e-08
2.8413046986704718,,0.0004635534207192825,,3.54923062156991e-08
2.8412904932677785,,0.00046346833961796627,,3.5493036912771516e-08
2.841276287865085,,0.00046338325851664737,,3.549376760984395e-08
2.841262082462391,,0.0004632981774153284,,3.5494498306916386e-08
2.841247877059698,,0.0004632130963140122,,3.54952290039888e-08
2.841233671657004,,0.0004631280152126933,,3.549595970106124e-08
2.8412194662543104,,0.0004630429341113744,,3.549669039813368e-08
2.8412052608516167,,0.0004629578530100555,,3.5497421095206115e-08
2.8411910554489235,,0.00046293383269021713,,3.549815179227853e-08
2.8411768500462298,,0.0004629200991550848,,3.5498882489350966e-08
2.841162644643536,,0.0004629063656199525,,3.549961318642341e-08
2.841148439240843,,0.00046289263208482064,,3.5500343883495823e-08
2.841134233838149,,0.0004628788985496884,,3.550107458056826e-08
2.8411200284354554,,0.0004628651650145561,,3.5501805277640694e-08
2.841105823032762,,0.0004628514314794242,,3.550253597471311e-08
2.8410916176300685,,0.00046283769794429195,,3.5503266671785545e-08
2.8410774122273748,,0.00046282396440915964,,3.550399736885799e-08
2.8410632068246815,,0.00046281023087402776,,3.55047280659304e-08
2.841049001421988,,0.0004627964973388955,,3.550545876300284e-08
2.841034796019294,,0.0004627827638037632,,3.5506189460075274e-08
2.841020590616601,,0.0004627690302686313,,3.550692015714769e-08
2.841006385213907,,0.000462755296733499,,3.550765085422013e-08
2.8409921798112134,,0.00046274156319836676,,3.550838155129257e-08
2.8409779744085197,,0.00046272782966323445,,3.5509112248365e-08
2.8409637690058265,,0.0004627140961281026,,3.550984294543742e-08
2.8409495636031328,,0.0004627003625929703,,3.551057364250985e-08
2.840935358200439,,0.000462686629057838,,3.5511304339582295e-08
2.840921152797746,,0.00046267289552270614,,3.551203503665471e-08
2.840906947395052,,0.0004626591619875739,,3.5512765733727146e-08
2.8408927419923584,,0.0004626454284524416,,3.551349643079958e-08
2.840878536589665,,0.0004626316949173097,,3.5514227127872e-08
2.8408643311869715,,0.0004626179613821774,,3.551495782494444e-08
2.8408501257842778,,0.00046260422784704514,,3.5515688522016875e-08
2.8408359203815845,,0.00046259049431191326,,3.551641921908929e-08
2.840821714978891,,0.00046257676077678095,,3.5517149916161726e-08
2.840807509576197,,0.0004625630272416487,,3.551788061323416e-08
2.840793304173504,,0.0004625492937065168,,3.5518611310306577e-08
2.84077909877081,,0.0004625355601713845,,3.551934200737902e-08
2.8407648933681164,,0.00046252182663625226,,3.5520072704451454e-08
2.840750687965423,,0.0004625080931011204,,3.552080340152387e-08
2.8407364825627295,,0.0004624943595659881,,3.5521534098596305e-08
2.840722277160036,,0.00046248062603085577,,3.552226479566875e-08
2.840708071757342,,0.0004624668924957235,,3.552299549274118e-08
2.840693866354649,,0.00046245315896059164,,3.55237261898136e-08
2.840679660951955,,0.00046243942542545933,,3.5524456886886033e-08
2.8406654555492614,,0.0004624256918903271,,3.552518758395847e-08
2.840651250146568,,0.0004624119583551952,,3.5525918281030884e-08
2.8406370447438745,,0.0004623982248200629,,3.5526648978103327e-08
2.8406228393411808,,0.00046238449128493063,,3.552737967517576e-08
2.8406086339384875,,0.00046237075774979876,,3.552811037224818e-08
2.840594428535794,,0.00046235702421466645,,3.552884106932061e-08
2.8405802231331,,0.00046234329067953414,,3.5529571766393055e-08
2.840566017730407,,0.0004623295571444023,,3.5530302463465464e-08
2.840551812327713,,0.00046231582360927,,3.5531033160537906e-08
2.8405376069250194,,0.0004623020900741377,,3.553176385761034e-08
2.840523401522326,,0.0004622883565390059,,3.553249455468276e-08
2.8405091961196325,,0.0004622746230038736,,3.553322525175519e-08
2.840494990716939,,0.00046226088946874126,,3.5533955948827634e-08
2.8404807853142455,,0.00046224715593360944,,3.553468664590005e-08
2.840466579911552,,0.00046223342239847713,,3.5535417342972485e-08
2.840452374508858,,0.0004622196888633448,,3.553614804004492e-08
2.8404381691061644,,0.00046220595532821257,,3.553687873711736e-08
2.840423963703471,,0.0004621922217930807,,3.553760943418977e-08
2.8404097583007775,,0.0004621784882579484,,3.5538340131262214e-08
2.8403955528980838,,0.0004621647547228161,,3.553907082833465e-08
2.8403813474953905,,0.00046215102118768426,,3.5539801525407065e-08
2.840367142092697,,0.00046213728765255195,,3.55405322224795e-08
2.840352936690003,,0.00046212355411741964,,3.554126291955194e-08
2.84033873128731,,0.0004621098205822878,,3.554199361662436e-08
2.840324525884616,,0.0004620960870471555,,3.554272431369679e-08
2.8403103204819224,,0.0004620823535120232,,3.554345501076923e-08
2.840296115079229,,0.0004620686199768913,,3.5544185707841644e-08
2.8402819096765355,,0.00046205488644175907,,3.554491640491408e-08
2.840267704273842,,0.00046204115290662676,,3.554564710198652e-08
2.8402534988711485,,0.0004620274193714949,,3.554637779905894e-08
2.840239293468455,,0.00046201368583636263,,3.554710849613137e-08
2.840225088065761,,0.0004620058949456889,,3.554783919320381e-08
2.840210882663068,,0.0004620001087872715,,3.5548569890276224e-08
2.840196677260374,,0.000461994322628854,,3.5549300587348666e-08
2.8401824718576805,,0.00046198853647043647,,3.55500312844211e-08
2.8401682664549868,,0.00046198275031201895,,3.5550761981493537e-08
2.8401540610522935,,0.0004619769641536016,,3.555149267856595e-08
2.8401398556496,,0.00046197117799518406,,3.555222337563839e-08
2.840125650246906,,0.00046196539183676654,,3.555295407271083e-08
2.840111444844213,,0.0004619596056783492,,3.5553684769783245e-08
2.840097239441519,,0.00046195381951993165,,3.555441546685568e-08
2.8400830340388254,,0.00046194803336151413,,3.5555146163928116e-08
2.840068828636132,,0.00046194224720309677,,3.555587686100053e-08
2.8400546232334385,,0.00046193646104467924,,3.5556607558072974e-08
2.840040417830745,,0.0004619306748862617,,3.555733825514541e-08
2.8400262124280515,,0.00046192488872784436,,3.5558068952217825e-08
2.840012007025358,,0.00046191910256942684,,3.555879964929026e-08
2.839997801622664,,0.0004619133164110093,,3.5559530346362695e-08
2.839983596219971,,0.00046190753025259195,,3.556026104343511e-08
2.839969390817277,,0.00046190174409417443,,3.556099174050755e-08
2.8399551854145835,,0.0004618959579357569,,3.556172243757999e-08
2.83994098001189,,0.00046189017177733954,,3.5562453134652404e-08
2.8399267746091965,,0.000461884385618922,,3.556318383172484e-08
2.839912569206503,,0.0004618785994605045,,3.556391452879728e-08
2.839898363803809,,0.00046187281330208697,,3.556464522586972e-08
2.839884158401116,,0.0004618670271436696,,3.556537592294213e-08
2.839869952998422,,0.0004618612409852521,,3.556610662001457e-08
2.8398557475957285,,0.0004618554548268345,,3.5566837317087e-08
2.839841542193035,,0.0004618496686684172,,3.556756801415942e-08
2.8398273367903415,,0.0004618438825099997,,3.556829871123186e-08
2.839813131387648,,0.0004618380963515821,,3.5569029408304296e-08
2.8397989259849545,,0.0004618323101931648,,3.556976010537671e-08
2.839784720582261,,0.0004618265240347472,,3.557049080244915e-08
2.839770515179567,,0.0004618207378763297,,3.557122149952159e-08
2.839756309776874,,0.0004618149517179124,,3.5571952196594e-08
2.83974210437418,,0.0004618091655594948,,3.557268289366644e-08
2.8397278989714865,,0.0004618033794010773,,3.5573413590738876e-08
2.839713693568793,,0.0004617975932426599,,3.557414428781129e-08
2.8396994881660995,,0.0004617918070842424,,3.557487498488373e-08
2.839685282763406,,0.0004617860209258249,,3.557560568195617e-08
2.8396710773607126,,0.0004617802347674075,,3.5576336379028584e-08
2.839656871958019,,0.00046177444860899,,3.557706707610102e-08
2.839642666555325,,0.00046176866245057247,,3.5577797773173455e-08
2.8396284611526315,,0.00046176287629215494,,3.55785284702459e-08
2.839614255749938,,0.0004617570901337376,,3.5579259167318306e-08
2.8396000503472445,,0.00046175130397532006,,3.557998986439075e-08
2.839585844944551,,0.00046174551781690253,,3.5580720561463184e-08
2.8395716395418575,,0.0004617397316584852,,3.55814512585356e-08
2.839557434139164,,0.00046173394550006765,,3.5582181955608035e-08
2.83954322873647,,0.0004617281593416501,,3.5582912652680477e-08
2.839529023333777,,0.00046172237318323276,,3.558364334975289e-08
2.839514817931083,,0.00046171658702481524,,3.558437404682533e-08
2.8395006125283895,,0.0004617108008663977,,3.558510474389776e-08
2.839486407125696,,0.00046170501470798036,,3.558583544097018e-08
2.8394722017230025,,0.00046169922854956283,,3.5586566138042614e-08
2.839457996320309,,0.0004616934423911453,,3.5587296835115056e-08
2.8394437909176156,,0.00046168765623272795,,3.558802753218747e-08
2.839429585514922,,0.0004616818700743104,,3.558875822925991e-08
2.839415380112228,,0.0004616760839158929,,3.558948892633234e-08
2.8394011747095345,,0.0004616702977574754,,3.5590219623404785e-08
2.839386969306841,,0.000461664511599058,,3.55909503204772e-08
2.8393727639041475,,0.0004616587254406405,,3.5591681017549635e-08
2.839358558501454,,0.0004616529392822229,,3.559241171462207e-08
2.8393443530987605,,0.0004616471531238056,,3.5593142411694486e-08
2.839330147696067,,0.00046164136696538803,,3.559387310876692e-08
2.839315942293373,,0.0004616355808069705,,3.5594603805839364e-08
2.83930173689068,,0.0004616297946485532,,3.559533450291178e-08
2.839287531487986,,0.0004616240084901356,,3.5596065199984215e-08
2.8392733260852925,,0.0004616182223317181,,3.559679589705665e-08
2.8392591206825992,,0.00046165154852405304,,3.5597526594129066e-08
2.8392449152799055,,0.00046170690628523315,,3.559825729120151e-08
2.839230709877212,,0.00046176226404641326,,3.5598987988273943e-08
2.8392165044745186,,0.00046181762180759164,,3.559971868534636e-08
2.839202299071825,,0.00046187297956877174,,3.5600449382418794e-08
2.839188093669131,,0.0004619283373299519,,3.560118007949123e-08
2.839173888266438,,0.0004619836950911303,,3.5601910776563645e-08
2.839159682863744,,0.0004620390528523104,,3.560264147363609e-08
2.8391454774610505,,0.0004620944106134905,,3.560337217070852e-08
2.839131272058357,,0.00046214976837467066,,3.560410286778096e-08
2.8391170666556635,,0.00046220512613584904,,3.5604833564853374e-08
2.83910286125297,,0.00046226048389702915,,3.5605564261925816e-08
2.839088655850276,,0.00046231584165820925,,3.560629495899825e-08
2.839074450447583,,0.00046237119941938763,,3.560702565607067e-08
2.839060245044889,,0.0004624265571805678,,3.56077563531431e-08
2.8390460396421955,,0.0004624819149417479,,3.560848705021554e-08
2.8390318342395022,,0.0004625372727029263,,3.560921774728795e-08
2.8390176288368085,,0.0004625926304641064,,3.5609948444360395e-08
2.839003423434115,,0.00046264798822528655,,3.561067914143283e-08
2.8389892180314216,,0.0004627033459864649,,3.5611409838505246e-08
2.838975012628728,,0.00046275870374764503,,3.561214053557768e-08
2.838960807226034,,0.00046281406150882514,,3.5612871232650124e-08
2.838946601823341,,0.00046286941927000357,,3.561360192972253e-08
2.838932396420647,,0.0004629247770311837,,3.5614332626794975e-08
2.8389181910179535,,0.0004629801347923638,,3.561506332386741e-08
2.8389039856152603,,0.00046303549255354216,,3.5615794020939826e-08
2.8388897802125665,,0.00046309085031472227,,3.561652471801226e-08
2.838875574809873,,0.00046314620807590243,,3.56172554150847e-08
2.838861369407179,,0.00046320156583708254,,3.561798611215714e-08
2.838847164004486,,0.0004632569235982609,,3.5618716809229554e-08
2.838832958601792,,0.000463312281359441,,3.561944750630199e-08
2.8388187531990985,,0.0004633676391206212,,3.562017820337443e-08
2.8388045477964052,,0.00046342299688179956,,3.562090890044684e-08
2.8387903423937115,,0.00046347835464297967,,3.562163959751928e-08
2.838776136991018,,0.0004635337124041598,,3.562237029459172e-08
2.8387619315883246,,0.0004635890701653382,,3.5623100991664134e-08
2.838747726185631,,0.0004636444279265183,,3.562383168873657e-08
2.838733520782937,,0.0004636997856876984,,3.562456238580901e-08
2.838719315380244,,0.0004637551434488768,,3.5625293082881427e-08
2.83870510997755,,0.0004638105012100569,,3.562602377995386e-08
2.8386909045748565,,0.00046386585897123707,,3.56267544770263e-08
2.8386766991721633,,0.00046392121673241544,,3.562748517409871e-08
2.8386624937694696,,0.00046397657449359555,,3.562821587117115e-08
2.838648288366776,,0.00046403193225477566,,3.562894656824359e-08
2.8386340829640826,,0.0004640872900159541,,3.5629677265316006e-08
2.838619877561389,,0.0004641426477771342,,3.563040796238844e-08
2.838605672158695,,0.0004641980055383143,,3.563113865946088e-08
2.8385914667560015,,0.0004642533632994944,,3.563186935653332e-08
2.8385772613533082,,0.0004643087210606728,,3.5632600053605734e-08
2.8385630559506145,,0.00046436407882185295,,3.563333075067817e-08
2.838548850547921,,0.00046441943658303306,,3.5634061447750605e-08
2.8385346451452276,,0.00046447479434421143,,3.563479214482302e-08
2.838520439742534,,0.00046453015210539154,,3.5635522841895456e-08
2.83850623433984,,0.0004645855098665717,,3.56362535389679e-08
2.838492028937147,,0.0004646408676277501,,3.5636984236040314e-08
2.838477823534453,,0.0004646962253889302,,3.563771493311275e-08
2.8384636181317595,,0.0004647515831501103,,3.5638445630185185e-08
2.8384494127290663,,0.0004648069409112887,,3.56391763272576e-08
2.8384352073263726,,0.00046486229867246883,,3.563990702433004e-08
2.838421001923679,,0.00046491765643364894,,3.564063772140248e-08
2.8384067965209856,,0.0004649730141948273,,3.5641368418474893e-08
2.838392591118292,,0.0004650283719560074,,3.564209911554733e-08
2.838378385715598,,0.0004650837297171876,,3.5642829812619764e-08
2.8383641803129045,,0.0004651390874783677,,3.5643560509692206e-08
2.8383499749102112,,0.00046519444523954607,,3.564429120676462e-08
2.8383357695075175,,0.0004652498030007262,,3.564502190383706e-08
2.838321564104824,,0.00046530516076190634,,3.564575260090949e-08
2.8383073587021306,,0.0004653605185230847,,3.564648329798191e-08
2.838293153299437,,0.0004653882596540975,,3.564721399505435e-08
2.838278947896743,,0.00046539166784018116,,3.5647944692126786e-08
2.83826474249405,,0.0004653950760262647,,3.56486753891992e-08
2.838250537091356,,0.00046539848421234834,,3.5649406086271637e-08
2.8382363316886625,,0.000465401892398432,,3.565013678334407e-08
2.8382221262859693,,0.0004654053005845155,,3.565086748041649e-08
2.8382079208832756,,0.0004654087087705992,,3.565159817748893e-08
2.838193715480582,,0.00046541211695668285,,3.5652328874561365e-08
2.8381795100778886,,0.00046541552514276635,,3.565305957163378e-08
2.838165304675195,,0.00046541893332885,,3.5653790268706216e-08
2.838151099272501,,0.0004654223415149337,,3.565452096577866e-08
2.838136893869808,,0.0004654257497010172,,3.565525166285107e-08
2.8381226884671142,,0.00046542915788710086,,3.565598235992351e-08
2.8381084830644205,,0.00046543256607318453,,3.5656713056995944e-08
2.838094277661727,,0.00046543597425926814,,3.565744375406838e-08
2.8380800722590336,,0.0004654393824453517,,3.5658174451140795e-08
2.83806586685634,,0.00046544279063143537,,3.565890514821324e-08
2.838051661453646,,0.000465446198817519,,3.565963584528567e-08
2.838037456050953,,0.00046544960700360254,,3.566036654235809e-08
2.838023250648259,,0.00046545301518968616,,3.5661097239430524e-08
2.8380090452455655,,0.0004654564233757698,,3.5661827936502966e-08
2.8379948398428723,,0.0004654598315618534,,3.5662558633575375e-08
2.8379806344401786,,0.000465463239747937,,3.566328933064782e-08
2.837966429037485,,0.00046546664793402066,,3.566402002772025e-08
2.8379522236347916,,0.0004654700561201042,,3.566475072479267e-08
2.837938018232098,,0.00046547346430618784,,3.5665481421865103e-08
2.837923812829404,,0.0004654768724922715,,3.5666212118937545e-08
2.837909607426711,,0.00046548028067835506,,3.5666942816009954e-08
2.8378954020240172,,0.0004654836888644387,,3.5667673513082396e-08
2.8378811966213235,,0.00046548709705052235,,3.566840421015483e-08
2.8378669912186303,,0.00046549050523660585,,3.566913490722725e-08
2.8378527858159366,,0.0004654939134226895,,3.566986560429968e-08
2.837838580413243,,0.0004654973216087732,,3.5670596301372125e-08
2.837824375010549,,0.0004655007297948568,,3.567132699844456e-08
2.837810169607856,,0.00046550413798094036,,3.5672057695516976e-08
2.8377959642051622,,0.00046550754616702403,,3.567278839258941e-08
2.8377817588024685,,0.00046551095435310764,,3.567351908966185e-08
2.8377675533997753,,0.0004655143625391912,,3.567424978673426e-08
2.8377533479970816,,0.00046551777072527487,,3.5674980483806704e-08
2.837739142594388,,0.0004655211789113585,,3.567571118087914e-08
2.8377249371916946,,0.00046552458709744204,,3.5676441877951555e-08
2.837710731789001,,0.00046552799528352566,,3.567717257502399e-08
2.837696526386307,,0.0004655314034696093,,3.567790327209643e-08
2.837682320983614,,0.0004655348116556929,,3.567863396916885e-08
2.8376681155809202,,0.0004655382198417765,,3.5679364666241284e-08
2.8376539101782265,,0.00046554162802786017,,3.568009536331372e-08
2.8376397047755333,,0.0004655450362139437,,3.5680826060386135e-08
2.8376254993728396,,0.00046554844440002734,,3.568155675745857e-08
2.837611293970146,,0.000465551852586111,,3.568228745453101e-08
2.8375970885674526,,0.00046555526077219457,,3.568301815160343e-08
2.837582883164759,,0.0004655586689582782,,3.568374884867586e-08
2.8375686777620652,,0.00046556207714436185,,3.56844795457483e-08
2.8375544723593715,,0.00046556548533044546,,3.568521024282074e-08
2.8375402669566783,,0.000465568893516529,,3.5685940939893156e-08
2.8375260615539846,,0.0004655723017026127,,3.568667163696559e-08
2.837511856151291,,0.0004655757098886963,,3.568740233403803e-08
2.8374976507485976,,0.00046557911807477986,,3.568813303111044e-08
2.837483445345904,,0.00046558252626086353,,3.568886372818288e-08
2.83746923994321,,0.00046558593444694714,,3.568959442525532e-08
2.837455034540517,,0.0004655893426330307,,3.5690325122327736e-08
2.8374408291378233,,0.00046559275081911437,,3.569105581940017e-08
2.8374266237351295,,0.000465596159005198,,3.5691786516472606e-08
2.8374124183324363,,0.00046559956719128154,,3.569251721354502e-08
2.8373982129297426,,0.0004656029753773652,,3.5693247910617464e-08
2.837384007527049,,0.0004656063835634488,,3.56939786076899e-08
2.8373698021243556,,0.0004656097917495324,,3.5694709304762315e-08
2.837355596721662,,0.000465613199935616,,3.569544000183475e-08
2.8373413913189682,,0.00046561660812169967,,3.5696170698907186e-08
2.8373271859162745,,0.00046557878489204526,,3.569690139597963e-08
2.8373129805135813,,0.0004654848417705623,,3.5697632093052043e-08
2.8372987751108876,,0.00046539089864907636,,3.569836279012448e-08
2.837284569708194,,0.0004652969555275904,,3.5699093487196914e-08
2.8372703643055006,,0.0004652030124061074,,3.569982418426933e-08
2.837256158902807,,0.0004651090692846215,,3.570055488134177e-08
2.837241953500113,,0.0004650151261631356,,3.570128557841421e-08
2.83722774809742,,0.00046492118304165256,,3.570201627548662e-08
2.8372135426947263,,0.00046482723992016665,,3.570274697255906e-08
2.8371993372920326,,0.00046473329679868074,,3.5703477669631494e-08
2.8371851318893393,,0.0004646393536771977,,3.570420836670391e-08
2.8371709264866456,,0.0004645454105557118,,3.570493906377635e-08
2.837156721083952,,0.0004644514674342259,,3.570566976084879e-08
2.8371425156812586,,0.00046435752431274284,,3.57064004579212e-08
2.837128310278565,,0.00046426358119125693,,3.570713115499364e-08
2.8371141048758712,,0.000464169638069771,,3.570786185206608e-08
2.837099899473178,,0.00046407569494828803,,3.570859254913849e-08
2.8370856940704843,,0.00046398175182680207,,3.570932324621093e-08
2.8370714886677906,,0.00046388780870531616,,3.5710053943283366e-08
2.837057283265097,,0.0004637938655838302,,3.57107846403558e-08
2.8370430778624036,,0.0004636999224623472,,3.571151533742822e-08
2.83702887245971,,0.0004636059793408613,,3.571224603450066e-08
2.837014667057016,,0.00046351203621937533,,3.5712976731573095e-08
2.837000461654323,,0.00046341809309789235,,3.571370742864551e-08
2.8369862562516293,,0.00046332414997640644,,3.5714438125717946e-08
2.8369720508489356,,0.0004632302068549205,,3.571516882279039e-08
2.8369578454462423,,0.0004631362637334375,,3.5715899519862797e-08
2.8369436400435486,,0.0004630423206119516,,3.571663021693524e-08
2.836929434640855,,0.00046294837749046567,,3.5717360914007674e-08
2.8369152292381616,,0.00046285443436898263,,3.571809161108009e-08
2.836901023835468,,0.0004627604912474967,,3.5718822308152525e-08
2.8368868184327742,,0.0004626665481260108,,3.571955300522497e-08
2.836872613030081,,0.0004625726050045278,,3.572028370229738e-08
2.8368584076273873,,0.00046247866188304186,,3.572101439936982e-08
2.8368442022246936,,0.00046238471876155595,,3.5721745096442253e-08
2.8368299968220003,,0.0004622907756400729,,3.572247579351467e-08
2.8368157914193066,,0.000462196832518587,,3.5723206490587104e-08
2.836801586016613,,0.0004621028893971011,,3.5723937187659547e-08
2.836787380613919,,0.00046200894627561513,,3.572466788473198e-08
2.836773175211226,,0.00046191500315413215,,3.57253985818044e-08
2.8367589698085323,,0.00046182106003264623,,3.572612927887683e-08
2.8367447644058386,,0.00046172711691116027,,3.5726859975949275e-08
2.8367305590031453,,0.0004616331737896773,,3.572759067302169e-08
2.8367163536004516,,0.0004615392306681914,,3.5728321370094126e-08
2.836702148197758,,0.0004614452875467054,,3.572905206716656e-08
2.8366879427950646,,0.00046135134442522243,,3.572978276423898e-08
2.836673737392371,,0.0004612574013037365,,3.573051346131141e-08
2.8366595319896772,,0.0004611634581822506,,3.5731244158383854e-08
2.836645326586984,,0.00046106951506076757,,3.573197485545627e-08
2.8366311211842903,,0.00046097557193928166,,3.5732705552528705e-08
2.8366169157815966,,0.00046088162881779575,,3.573343624960114e-08
2.8366027103789033,,0.0004607876856963127,,3.5734166946673556e-08
2.8365885049762096,,0.0004606937425748268,,3.5734897643746e-08
2.836574299573516,,0.0004605997994533409,,3.5735628340818434e-08
2.8365600941708227,,0.00046050585633185785,,3.573635903789085e-08
2.836545888768129,,0.00046041191321037194,,3.5737089734963285e-08
2.8365316833654353,,0.00046031797008888603,,3.573782043203572e-08
2.8365174779627416,,0.00046022402696740006,,3.573855112910816e-08
2.8365032725600483,,0.0004601300838459171,,3.573928182618058e-08
2.8364890671573546,,0.00046003614072443117,,3.574001252325301e-08
2.836474861754661,,0.0004599421976029452,,3.574074322032545e-08
2.8364606563519676,,0.0004598482544814622,,3.5741473917397864e-08
2.836446450949274,,0.0004597543113599763,,3.5742204614470306e-08
2.8364322455465802,,0.00045966036823849035,,3.574293531154274e-08
2.836418040143887,,0.00045956642511700736,,3.574366600861516e-08
2.8364038347411933,,0.00045947248199552145,,3.574439670568759e-08
2.8363896293384996,,0.00045937853887403554,,3.574512740276003e-08
2.8363754239358063,,0.0004592845957525525,,3.5745858099832444e-08
2.8363612185331126,,0.0004592507325282146,,3.5746588796904886e-08
2.836347013130419,,0.0004593472411776324,,3.574731949397732e-08
2.8363328077277257,,0.00045944374982704727,,3.574805019104974e-08
2.836318602325032,,0.00045954025847646515,,3.574878088812217e-08
2.8363043969223383,,0.000459636767125883,,3.5749511585194614e-08
2.836290191519645,,0.0004597332757752978,,3.575024228226702e-08
2.8362759861169513,,0.0004598297844247157,,3.5750972979339465e-08
2.8362617807142576,,0.0004599262930741336,,3.57517036764119e-08
2.836247575311564,,0.0004600228017235514,,3.5752434373484336e-08
2.8362333699088706,,0.00046011931037296625,,3.575316507055675e-08
2.836219164506177,,0.00046021581902238413,,3.5753895767629194e-08
2.8362049591034832,,0.000460312327671802,,3.575462646470163e-08
2.83619075370079,,0.00046040883632121686,,3.5755357161774045e-08
2.8361765482980963,,0.0004605053449706347,,3.575608785884648e-08
2.8361623428954026,,0.00046060185362005256,,3.575681855591892e-08
2.8361481374927093,,0.0004606983622694674,,3.575754925299133e-08
2.8361339320900156,,0.00046079487091888523,,3.575827995006377e-08
2.836119726687322,,0.0004608913795683031,,3.575901064713621e-08
2.8361055212846287,,0.00046098788821771796,,3.5759741344208624e-08
2.836091315881935,,0.00046108439686713584,,3.576047204128106e-08
2.8360771104792413,,0.00046118090551655367,,3.57612027383535e-08
2.836062905076548,,0.0004612774141659685,,3.576193343542592e-08
2.8360486996738543,,0.0004613739228153864,,3.576266413249835e-08
2.8360344942711606,,0.00046147043146480427,,3.576339482957079e-08
2.836020288868467,,0.0004615669401142221,,3.576412552664323e-08
2.8360060834657737,,0.00046166344876363694,,3.576485622371564e-08
2.83599187806308,,0.0004617599574130548,,3.576558692078808e-08
2.8359776726603863,,0.00046185646606247265,,3.5766317617860516e-08
2.835963467257693,,0.0004619529747118875,,3.576704831493293e-08
2.8359492618549993,,0.0004620494833613054,,3.576777901200537e-08
2.8359350564523056,,0.00046214599201072326,,3.576850970907781e-08
2.8359208510496123,,0.0004622425006601381,,3.5769240406150225e-08
2.8359066456469186,,0.0004623390093095559,,3.576997110322266e-08
2.835892440244225,,0.0004624355179589738,,3.5770701800295096e-08
2.8358782348415317,,0.00046253202660838865,,3.577143249736751e-08
2.835864029438838,,0.0004626285352578065,,3.577216319443995e-08
2.8358498240361443,,0.00046272504390722436,,3.577289389151239e-08
2.835835618633451,,0.0004628215525566392,,3.5773624588584804e-08
2.8358214132307573,,0.0004629180612060571,,3.577435528565724e-08
2.8358072078280636,,0.0004630145698554749,,3.5775085982729675e-08
2.8357930024253704,,0.00046311107850488975,,3.577581667980209e-08
2.8357787970226767,,0.00046320758715430764,,3.577654737687453e-08
2.835764591619983,,0.0004633040958037255,,3.577727807394697e-08
2.8357503862172893,,0.00046340060445314334,,3.5778008771019404e-08
2.835736180814596,,0.0004634971131025582,,3.577873946809182e-08
2.8357219754119023,,0.00046359362175197607,,3.5779470165164255e-08
2.8357077700092086,,0.0004636901304013939,,3.5780200862236697e-08
2.8356935646065153,,0.00046378663905080874,,3.578093155930911e-08
2.8356793592038216,,0.0004638831477002266,,3.578166225638155e-08
2.835665153801128,,0.0004639796563496445,,3.578239295345398e-08
2.8356509483984347,,0.00046407616499905934,,3.57831236505264e-08
2.835636742995741,,0.00046417267364847717,,3.578385434759884e-08
2.8356225375930473,,0.00046426918229789505,,3.5784585044671276e-08
2.835608332190354,,0.0004643656909473099,,3.578531574174369e-08
2.8355941267876603,,0.0004644621995967278,,3.578604643881613e-08
2.8355799213849666,,0.0004645587082461456,,3.578677713588856e-08
2.8355657159822734,,0.00046465521689556045,,3.578750783296098e-08
2.8355515105795797,,0.00046475172554497833,,3.578823853003342e-08
2.835537305176886,,0.00046484823419439615,,3.5788969227105856e-08
2.8355230997741927,,0.000464944742843811,,3.578969992417827e-08
2.835508894371499,,0.0004650412514932289,,3.5790430621250707e-08
2.8354946889688053,,0.00046513776014264676,,3.579116131832315e-08
2.8354804835661116,,0.0004652342687920646,,3.5791892015395584e-08
2.8354662781634183,,0.00046533077744147943,,3.5792622712468e-08
2.8354520727607246,,0.0004654272860908973,,3.5793353409540435e-08
2.835437867358031,,0.0004655237947403152,,3.579408410661287e-08
2.8354236619553377,,0.00046562030338973004,,3.5794814803685286e-08
2.835409456552644,,0.00046571681203914786,,3.579554550075773e-08
2.8353952511499503,,0.00046579211900653,,3.5796276197830163e-08
2.835381045747257,,0.0004657863954885826,,3.579700689490258e-08
2.8353668403445633,,0.00046578067197063506,,3.5797737591975014e-08
2.8353526349418696,,0.0004657749484526875,,3.5798468289047456e-08
2.8353384295391764,,0.00046576922493474015,,3.5799198986119865e-08
2.8353242241364827,,0.0004657635014167926,,3.579992968319231e-08
2.835310018733789,,0.000465757777898845,,3.580066038026474e-08
2.8352958133310957,,0.0004657520543808976,,3.580139107733716e-08
2.835281607928402,,0.00046574633086295006,,3.5802121774409594e-08
2.8352674025257083,,0.00046574060734500255,,3.5802852471482036e-08
2.835253197123015,,0.00046573488382705515,,3.580358316855445e-08
2.8352389917203213,,0.0004657291603091076,,3.580431386562689e-08
2.8352247863176276,,0.00046572343679116,,3.580504456269932e-08
2.835210580914934,,0.00046571771327321245,,3.5805775259771764e-08
2.8351963755122407,,0.0004657119897552651,,3.580650595684417e-08
2.835182170109547,,0.00046570626623731754,,3.5807236653916615e-08
2.8351679647068533,,0.00046570054271937,,3.580796735098905e-08
2.83515375930416,,0.0004656948192014226,,3.5808698048061466e-08
2.8351395539014663,,0.00046568909568347507,,3.58094287451339e-08
2.8351253484987726,,0.0004656833721655275,,3.5810159442206344e-08
2.8351111430960794,,0.0004656776486475801,,3.581089013927876e-08
2.8350969376933857,,0.00046567192512963254,,3.5811620836351195e-08
2.835082732290692,,0.00046566620161168497,,3.581235153342363e-08
2.8350685268879987,,0.0004656604780937376,,3.5813082230496046e-08
2.835054321485305,,0.00046565475457579006,,3.581381292756848e-08
2.8350401160826113,,0.0004656490310578425,,3.581454362464092e-08
2.835025910679918,,0.00046564330753989515,,3.581527432171334e-08
2.8350117052772243,,0.0004656375840219476,,3.5816005018785774e-08
2.8349974998745306,,0.000465631860504,,3.581673571585821e-08
2.8349832944718374,,0.0004656261369860526,,3.5817466412930625e-08
2.8349690890691437,,0.00046562041346810505,,3.581819711000307e-08
2.83495488366645,,0.0004656146899501575,,3.58189278070755e-08
2.8349406782637563,,0.00046560896643221,,3.581965850414794e-08
2.834926472861063,,0.0004656032429142626,,3.5820389201220354e-08
2.8349122674583693,,0.000465597519396315,,3.582111989829279e-08
2.8348980620556756,,0.00046559179587836745,,3.582185059536523e-08
2.8348838566529824,,0.0004655860723604201,,3.5822581292437647e-08
2.8348696512502887,,0.00046558034884247254,,3.582331198951008e-08
2.834855445847595,,0.000465574625324525,,3.582404268658252e-08
2.8348412404449017,,0.00046556890180657757,,3.582477338365493e-08
2.834827035042208,,0.00046556317828863006,,3.5825504080727375e-08
2.8348128296395143,,0.0004655574547706825,,3.582623477779981e-08
2.834798624236821,,0.0004655517312527351,,3.5826965474872226e-08
2.8347844188341274,,0.00046554600773478753,,3.582769617194466e-08
2.8347702134314336,,0.00046554028421683997,,3.58284268690171e-08
2.8347560080287404,,0.0004655345606988926,,3.582915756608951e-08
2.8347418026260467,,0.00046552883718094506,,3.5829888263161954e-08
2.834727597223353,,0.0004655231136629975,,3.583061896023439e-08
2.8347133918206593,,0.00046551739014504993,,3.5831349657306825e-08
2.834699186417966,,0.0004655116666271026,,3.583208035437924e-08
2.8346849810152723,,0.000465505943109155,,3.583281105145168e-08
2.8346707756125786,,0.00046550021959120745,,3.583316276725452e-08
2.8346565702098854,,0.00046549449607326005,,3.583345634931497e-08
2.8346423648071917,,0.0004654887725553125,,3.583374993137544e-08
2.834628159404498,,0.000465483049037365,,3.5834043513435895e-08
2.8346139540018047,,0.0004654773255194176,,3.5834337095496354e-08
2.834599748599111,,0.00046547160200147,,3.583463067755681e-08
2.8345855431964173,,0.00046546587848352245,,3.583492425961728e-08
2.834571337793724,,0.0004654601549655751,,3.583521784167773e-08
2.8345571323910304,,0.00046545443144762754,,3.5835511423738195e-08
2.8345429269883367,,0.00046544870792967997,,3.5835805005798653e-08
2.8345287215856434,,0.00046544298441173257,,3.583609858785911e-08
2.8345145161829497,,0.000465437260893785,,3.583639216991957e-08
2.834500310780256,,0.0004654315373758375,,3.5836685751980036e-08
2.8344861053775627,,0.0004654258138578901,,3.583697933404049e-08
2.834471899974869,,0.00046542009033994253,,3.583727291610095e-08
2.8344576945721753,,0.00046541436682199497,,3.583756649816141e-08
2.8344434891694816,,0.0004654086433040474,,3.5837860080221876e-08
2.8344292837667884,,0.00046539985883667053,,3.583815366228233e-08
2.8344150783640947,,0.0004653633147845054,,3.5838447244342793e-08
2.834400872961401,,0.0004653267707323403,,3.583874082640325e-08
2.8343866675587077,,0.0004652902266801763,,3.583903440846371e-08
2.834372462156014,,0.0004652536826280112,,3.583932799052417e-08
2.8343582567533203,,0.0004652171385758461,,3.5839621572584634e-08
2.834344051350627,,0.0004651805945236821,,3.5839915154645086e-08
2.8343298459479334,,0.000465144050471517,,3.584020873670555e-08
2.8343156405452397,,0.00046510750641935185,,3.5840502318766017e-08
2.8343014351425464,,0.0004650709623671879,,3.584079590082647e-08
2.8342872297398527,,0.0004650344183150228,,3.584108948288693e-08
2.834273024337159,,0.00046499787426285767,,3.584138306494739e-08
2.8342588189344657,,0.0004649613302106937,,3.5841676647007844e-08
2.834244613531772,,0.00046492478615852854,,3.584197022906831e-08
2.8342304081290783,,0.00046488824210636344,,3.5842263811128774e-08
2.834216202726385,,0.00046485169805419947,,3.5842557393189226e-08
2.8342019973236914,,0.00046481515400203437,,3.5842850975249685e-08
2.8341877919209977,,0.00046477860994986926,,3.584314455731015e-08
2.834173586518304,,0.0004647420658977041,,3.5843438139370615e-08
2.8341593811156107,,0.00046470552184554013,,3.584373172143107e-08
2.834145175712917,,0.000464668977793375,,3.584402530349153e-08
2.8341309703102233,,0.0004646324337412099,,3.584431888555199e-08
2.83411676490753,,0.00046459588968904595,,3.584461246761244e-08
2.8341025595048364,,0.0004645593456368808,,3.584490604967291e-08
2.8340883541021427,,0.0004645228015847157,,3.584519963173337e-08
2.8340741486994494,,0.0004644862575325517,,3.5845493213793825e-08
2.8340599432967557,,0.0004644497134803866,,3.584578679585429e-08
2.834045737894062,,0.0004644131694282215,,3.584608037791475e-08
2.8340315324913687,,0.0004643766253760575,,3.58463739599752e-08
2.834017327088675,,0.0004643400813238924,,3.5846667542035666e-08
2.8340031216859813,,0.0004643035372717273,,3.584696112409613e-08
2.833988916283288,,0.0004642669932195633,,3.584725470615658e-08
2.8339747108805944,,0.0004642304491673982,,3.584754828821705e-08
2.8339605054779007,,0.00046419390511523304,,3.584784187027751e-08
2.8339463000752074,,0.00046415736106306907,,3.584813545233796e-08
2.8339320946725137,,0.00046412081701090397,,3.5848429034398424e-08
2.83391788926982,,0.00046408427295873886,,3.584872261645889e-08
2.8339036838671263,,0.00046404772890657375,,3.584901619851935e-08
2.833889478464433,,0.00046401118485440973,,3.5849309780579806e-08
2.8338752730617394,,0.00046397464080224463,,3.5849603362640265e-08
2.8338610676590457,,0.0004639380967500795,,3.584989694470073e-08
2.8338468622563524,,0.00046390155269791555,,3.585019052676118e-08
2.8338326568536587,,0.00046386500864575045,,3.585048410882165e-08
2.833818451450965,,0.0004638284645935853,,3.5850777690882105e-08
2.8338042460482717,,0.0004637919205414213,,3.5851071272942564e-08
2.833790040645578,,0.0004637553764892562,,3.585136485500302e-08
2.8337758352428843,,0.0004637188324370911,,3.585165843706349e-08
2.833761629840191,,0.00046368228838492714,,3.585195201912394e-08
2.8337474244374974,,0.000463645744332762,,3.5852245601184405e-08
2.8337332190348037,,0.0004636092002805969,,3.585253918324486e-08
2.8337190136321104,,0.0004635726562284329,,3.585283276530532e-08
2.8337048082294167,,0.0004635361121762678,,3.585312634736578e-08
2.833690602826723,,0.0004634995681241027,,3.5853419929426246e-08
2.8336763974240293,,0.00046346302407193754,,3.5853713511486704e-08
2.833662192021336,,0.00046342648001977357,,3.585400709354716e-08
2.8336479866186424,,0.00046338993596760846,,3.585430067560762e-08
2.8336337812159487,,0.00046335339191544336,,3.5854594257668086e-08
2.8336195758132554,,0.0004633168478632794,,3.585488783972854e-08
2.8336053704105617,,0.00046328030381111423,,3.5855181421789003e-08
2.833591165007868,,0.0004632437597589491,,3.585547500384946e-08
2.8335769596051747,,0.00046320721570678516,,3.585576858590992e-08
2.833562754202481,,0.00046317067165462005,,3.585606216797038e-08
2.8335485487997873,,0.0004631341276024549,,3.5856355750030844e-08
2.833534343397094,,0.0004630975835502909,,3.5856649332091296e-08
2.8335201379944004,,0.0004630610394981258,,3.585694291415176e-08
2.8335059325917067,,0.0004630244954459607,,3.5857236496212227e-08
2.8334917271890134,,0.00046298795139379674,,3.585753007827268e-08
2.8334775217863197,,0.0004629514073416316,,3.585782366033314e-08
2.833463316383626,,0.0004629148632894665,,3.58581172423936e-08
2.8334491109809328,,0.0004630524130938464,,3.5858410824454054e-08
2.833434905578239,,0.00046319150091683135,,3.585870440651452e-08
2.8334207001755454,,0.00046333058873981636,,3.5858997988574984e-08
2.8334064947728517,,0.0004634696765628013,,3.585929157063544e-08
2.8333922893701584,,0.00046360876438578195,,3.5859585152695895e-08
2.8333780839674647,,0.0004637478522087669,,3.585987873475636e-08
2.833363878564771,,0.00046388694003175187,,3.5860172316816825e-08
2.8333496731620778,,0.0004640260278547325,,3.586046589887728e-08
2.833335467759384,,0.00046416511567771746,,3.586075948093774e-08
2.8333212623566904,,0.0004643042035007024,,3.58610530629982e-08
2.833307056953997,,0.00046444329132368304,,3.586134664505865e-08
2.8332928515513034,,0.000464582379146668,,3.586164022711912e-08
