wavelength,flux_mjy,flux_normalized,instrument
2.8332928515513034,,,NIRISS_SOSS
2.8323054405547574,,,NIRISS_SOSS
2.831318029609128,,,NIRISS_SOSS
2.8303306184717623,,,NIRISS_SOSS
2.8293432080549774,,,NIRISS_SOSS
2.8283557913681623,0.03200015040987018,0.48463840228635013,NIRISS_SOSS
2.8273683446051003,0.03213127191036487,0.4866242215306727,NIRISS_SOSS
2.826380859399971,0.027574130487600462,0.41760686661723223,NIRISS_SOSS
2.8253933380815317,0.028864218382031973,0.43714509153049397,NIRISS_SOSS
2.824405780294838,0.029132713044616912,0.44121141067683906,NIRISS_SOSS
2.823418186425521,0.029055884546613606,0.4400478523795975,NIRISS_SOSS
2.822430556654193,0.02901119027822779,0.43937096309800283,NIRISS_SOSS
2.8214428912170924,0.028948831780755538,0.4384265512062822,NIRISS_SOSS
2.8204551903343646,0.028907330857982506,0.4377980247572338,NIRISS_SOSS
2.819467454229763,0.02721331216195989,0.4121423167756119,NIRISS_SOSS
2.8184796831252505,0.02921917374068614,0.4425208474471935,NIRISS_SOSS
2.817491877242476,0.02771718375622611,0.4197733910447921,NIRISS_SOSS
2.8165040368023733,0.02910105835939511,0.4407320043029853,NIRISS_SOSS
2.81551616202527,0.029222642160195166,0.442573376240583,NIRISS_SOSS
2.81452825313086,0.029088343402082127,0.44053943781444144,NIRISS_SOSS
2.8135403103382126,0.02904727795694473,0.43991750662144224,NIRISS_SOSS
2.8125523338657694,0.028922582739680323,0.43802901265832844,NIRISS_SOSS
2.8115643239313477,0.02879345146474697,0.4360733351390879,NIRISS_SOSS
2.8105762807521404,0.029180588216187922,0.4419364743519211,NIRISS_SOSS
2.809588204544715,0.028523306711863004,0.43198202557501336,NIRISS_SOSS
2.808600095525019,0.029344302672733257,0.4444159099681624,NIRISS_SOSS
2.8076119539083773,0.02986207502877528,0.45225750959085814,NIRISS_SOSS
2.806623779909491,0.029850606367998567,0.45208381811241194,NIRISS_SOSS
2.8056355737424434,0.02962672546215189,0.44869316890851046,NIRISS_SOSS
2.804647335620699,0.029712001983856713,0.44998467150153626,NIRISS_SOSS
2.803659065757101,0.029319439997283793,0.44403936775970215,NIRISS_SOSS
2.802670764363877,0.02913820265099261,0.44129455010053,NIRISS_SOSS
2.8016824316526363,0.029267245274298085,0.4432488850016033,NIRISS_SOSS
2.800694067834373,0.02934471068826754,0.4444220893140126,NIRISS_SOSS
2.7997056731194645,0.029340735653678774,0.44436188789659875,NIRISS_SOSS
2.798717247717676,0.02928338873675948,0.44349337578537934,NIRISS_SOSS
2.7977287918381566,0.029457041422217205,0.44612332467483856,NIRISS_SOSS
2.796740305689445,0.029561613293100624,0.4477070529942343,NIRISS_SOSS
2.795751789479465,0.029751133463150177,0.4505773130160598,NIRISS_SOSS
2.7947632434155323,0.02948625622645731,0.44656577934672864,NIRISS_SOSS
2.7937746677043505,0.02988981349719776,0.4526776053355955,NIRISS_SOSS
2.792786062552014,0.0297866192604571,0.45111474111844085,NIRISS_SOSS
2.7917974281640086,0.02998597050017307,0.45413389149968253,NIRISS_SOSS
2.790808764745212,0.030073793944567478,0.45546396692837365,NIRISS_SOSS
2.7898200724998965,0.029731230210852503,0.45027588067057706,NIRISS_SOSS
2.788831351631725,0.029946309935213845,0.4535332370468308,NIRISS_SOSS
2.7878426023437597,0.029414039142361834,0.4454720603546137,NIRISS_SOSS
2.786853824838454,0.029705394798650142,0.4498846064818064,NIRISS_SOSS
2.7858650193176606,0.029854413490033847,0.4521414765145399,NIRISS_SOSS
2.7848761859826268,0.030149880738776676,0.4566162922114843,NIRISS_SOSS
2.783887325034001,0.02944657257972719,0.4459647753232523,NIRISS_SOSS
2.7828984366718283,0.029522033664652923,0.4471076243150471,NIRISS_SOSS
2.7819095210955536,0.029915763924112812,0.45307062140825993,NIRISS_SOSS
2.7809205785040243,0.02882613681040434,0.4365683507404108,NIRISS_SOSS
2.7799316090954833,0.029945444845656245,0.45352013537025554,NIRISS_SOSS
2.7789426130675965,0.02988591933945947,0.4526186287882867,NIRISS_SOSS
2.7779535906173622,0.02989385680653185,0.4527388407657583,NIRISS_SOSS
2.7769645419414033,0.029989999665558535,0.4541949127214564,NIRISS_SOSS
2.7759754672351233,0.029925915620066953,0.45322436761397134,NIRISS_SOSS
2.774986366694888,0.029003464586484434,0.4392539584322403,NIRISS_SOSS
2.7739972405134665,0.029906911540246786,0.45293655312675796,NIRISS_SOSS
2.773008088682614,0.030011261928826454,0.454516927123488,NIRISS_SOSS
2.77201891153374,0.02995983645985289,0.45373809462423553,NIRISS_SOSS
2.77102970932987,0.030095967678132777,0.45579978543766714,NIRISS_SOSS
2.7700404822635054,0.029891316415232808,0.4527003668472116,NIRISS_SOSS
2.769051230526218,0.029868602759112326,0.45235637127621214,NIRISS_SOSS
2.7680619543091423,0.030076770895377882,0.45550905248784634,NIRISS_SOSS
2.767072653802769,0.030118469387516555,0.456140571101009,NIRISS_SOSS
2.7660833291970213,0.030154841614010632,0.45669142406607033,NIRISS_SOSS
2.76509398068123,0.030031226203298185,0.4548192836424062,NIRISS_SOSS
2.7641046084441445,0.027916061426206763,0.4227853692697484,NIRISS_SOSS
2.763115212673928,0.030174916641035786,0.45699545791899643,NIRISS_SOSS
2.7621257935581616,0.030472626517980765,0.4615042379484483,NIRISS_SOSS
2.761136351283843,0.03002909757667003,0.45478704584992957,NIRISS_SOSS
2.760146886037389,0.02914673864325023,0.44142382666944213,NIRISS_SOSS
2.7591573980046356,0.030268357961497138,0.45841061540031713,NIRISS_SOSS
2.7581678873708393,0.030340165639533612,0.45949813398725337,NIRISS_SOSS
2.757178354320677,0.03046799627922744,0.46143411354331665,NIRISS_SOSS
2.7561887990382465,0.03057374699122485,0.4630356952686095,NIRISS_SOSS
2.755199221707072,0.029556419027783873,0.44762838647511116,NIRISS_SOSS
2.7542096225100967,0.030915812496318758,0.4682162359142826,NIRISS_SOSS
2.753220001629691,0.030739633052620285,0.4655480195772934,NIRISS_SOSS
2.752230359247648,0.030863633074589492,0.4674259848918593,NIRISS_SOSS
2.751240695545191,0.03107544717021144,0.47063388371636883,NIRISS_SOSS
2.7502510107029647,0.03096521131966854,0.46896437511101835,NIRISS_SOSS
2.749261304901047,0.031033492549588555,0.46999848606833355,NIRISS_SOSS
2.7482715783189398,0.0312037298753789,0.47257670974927873,NIRISS_SOSS
2.7472818311355773,0.03145682075721536,0.476409740501804,NIRISS_SOSS
2.746292063529322,0.031408875823723856,0.4756836202908852,NIRISS_SOSS
2.74530227567797,0.03049527384742394,0.46184722900995306,NIRISS_SOSS
2.7443124677587467,0.03180529461129851,0.48168733481677733,NIRISS_SOSS
2.743322639948312,0.031186539256196254,0.47231635990378484,NIRISS_SOSS
2.7423327924227587,0.03152835842395673,0.47749316980037804,NIRISS_SOSS
2.7413429253576136,0.03163397843183999,0.4790927720276921,NIRISS_SOSS
2.7403530389278394,0.031616486615118344,0.4788278605819494,NIRISS_SOSS
2.7393631333078354,0.029689114383479404,0.44963804156583426,NIRISS_SOSS
2.7383732086714367,0.03166131167911496,0.4795067307472285,NIRISS_SOSS
2.737383265191918,0.03191572824574432,0.48335983883538297,NIRISS_SOSS
2.7363933030419902,0.030347933208385296,0.4596157728767496,NIRISS_SOSS
2.7354033223938066,0.0316413178396623,0.4792039264702549,NIRISS_SOSS
2.734413323418958,0.031765126056219395,0.4810789869150847,NIRISS_SOSS
2.7334233062884787,0.030151289030631745,0.4566376206210652,NIRISS_SOSS
2.732433271172844,0.03167894970358208,0.47977385649156856,NIRISS_SOSS
2.731443218241972,0.03167965495399579,0.4797845374236684,NIRISS_SOSS
2.7304531476652247,0.031767728760594895,0.48111840455762733,NIRISS_SOSS
2.729463059611409,0.03176594717127181,0.4810914226031049,NIRISS_SOSS
2.728472954248778,0.031673061576811996,0.4796846815247712,NIRISS_SOSS
2.727482831745028,0.03139035664370814,0.4754031495524819,NIRISS_SOSS
2.726492692267306,0.03164389317530099,0.4792429296165932,NIRISS_SOSS
2.725502535982205,0.0315609961559878,0.4779874642990973,NIRISS_SOSS
2.724512363055768,0.0317236355872438,0.48045061878753237,NIRISS_SOSS
2.723522173653486,0.031918839735851676,0.48340696197621336,NIRISS_SOSS
2.722531967940302,0.03171607888312172,0.48033617341882734,NIRISS_SOSS
2.7215417460806104,0.031670111419126554,0.47964000174393095,NIRISS_SOSS
2.720551508238257,0.03186041538910192,0.4825221323207036,NIRISS_SOSS
2.719561254576541,0.03181140472661516,0.48177987177322656,NIRISS_SOSS
2.7185709852582143,0.03204481671068376,0.4853148680024506,NIRISS_SOSS
2.7175807004454855,0.03190968523396195,0.4832683181538332,NIRISS_SOSS
2.7165904003000185,0.03214946875795653,0.4868998105835526,NIRISS_SOSS
2.715600084982933,0.03219861091548623,0.48764406260752907,NIRISS_SOSS
2.7146097546548047,0.03201658378762786,0.4848872838021756,NIRISS_SOSS
2.7136194094756707,0.03157727817475131,0.4782340535012877,NIRISS_SOSS
2.712629049605024,0.032116996368355376,0.48640802017590906,NIRISS_SOSS
2.7116386752018187,0.03196919198559606,0.48416954070022195,NIRISS_SOSS
2.7106482864244703,0.031856525188160144,0.48246321569859885,NIRISS_SOSS
2.709657883430854,0.027797875070121825,0.4209954512208825,NIRISS_SOSS
2.7086674663783095,0.027771460003867925,0.4205953982417056,NIRISS_SOSS
2.7076770354236386,0.027813557111816354,0.42123295384302895,NIRISS_SOSS
2.7066865907231055,0.03250675926329144,0.4923109320139126,NIRISS_SOSS
2.7056961324324433,0.03248947914523623,0.49204922671883333,NIRISS_SOSS
2.704705660706847,0.032487701042337856,0.4920222975657909,NIRISS_SOSS
2.7037151757009807,0.032333332709600815,0.48968440786267836,NIRISS_SOSS
2.702724677568974,0.03283728847292563,0.49731675686205695,NIRISS_SOSS
2.701734166464427,0.0326748854217087,0.4948571823206847,NIRISS_SOSS
2.700743642540408,0.031726418004941796,0.4804927581665783,NIRISS_SOSS
2.6997531059494535,0.03271828491350069,0.4955144623675817,NIRISS_SOSS
2.6987625568435742,0.03275130328310403,0.49601452157623227,NIRISS_SOSS
2.6977719953742496,0.03172850558651325,0.48052437433664236,NIRISS_SOSS
2.6967814216924344,0.03271771082998061,0.49550576794219964,NIRISS_SOSS
2.6957908359485536,0.03272888483229559,0.49567499685393024,NIRISS_SOSS
2.6948002382925096,0.033033501075484556,0.5002883729636886,NIRISS_SOSS
2.6938096288736766,0.03236496442037935,0.4901634662913715,NIRISS_SOSS
2.6928190078409093,0.03297919113792277,0.49946585553701744,NIRISS_SOSS
2.691828375342534,0.03297854748740177,0.4994561075278321,NIRISS_SOSS
2.6908377315263574,0.03299330156464874,0.4996795562408099,NIRISS_SOSS
2.6898470765396656,0.033124858413185444,0.501671968778502,NIRISS_SOSS
2.6888564105292225,0.0329137625099751,0.49847494689108296,NIRISS_SOSS
2.687865733641272,0.033304399486217016,0.5043910965846,NIRISS_SOSS
2.68687504602154,0.033443748462975716,0.5065015199604771,NIRISS_SOSS
2.685884347815234,0.03357020796536308,0.508416733808098,NIRISS_SOSS
2.6848936391670444,0.0335106424162762,0.5075146207814084,NIRISS_SOSS
2.683902920221145,0.0316403571092437,0.4791893763244232,NIRISS_SOSS
2.682912191121193,0.033326672739461716,0.5047284223073847,NIRISS_SOSS
2.681921452010333,0.03327546884848304,0.5039529455800287,NIRISS_SOSS
2.6809307030311946,0.03242658370727193,0.49109668292839176,NIRISS_SOSS
2.679939944325894,0.03352002437362485,0.5076567093891658,NIRISS_SOSS
2.678949176036038,0.03346102219853181,0.5067631285933802,NIRISS_SOSS
2.6779583983027124,0.033642768126954284,0.5095156486673343,NIRISS_SOSS
2.676967611266521,0.033377049796034175,0.5054913767278001,NIRISS_SOSS
2.6759768150674774,0.0333913580005689,0.5057080727525524,NIRISS_SOSS
2.6749860098452984,0.03335989069708671,0.5052315042524504,NIRISS_SOSS
2.673995195738739,0.03342010233613019,0.5061434022332822,NIRISS_SOSS
2.673004372849016,0.033702087705003485,0.510414036492449,NIRISS_SOSS
2.672013541312398,0.03349674748171991,0.5073041836804265,NIRISS_SOSS
2.671022701308069,0.03357894253216021,0.508549017764361,NIRISS_SOSS
2.670031852973381,0.033306557363312436,0.5044237773718606,NIRISS_SOSS
2.6690409964446724,0.03159763513156008,0.478542357146641,NIRISS_SOSS
2.668050131858021,0.033378657913652375,0.5055157314743619,NIRISS_SOSS
2.667059259348911,0.03328828343185828,0.5041470208932192,NIRISS_SOSS
2.6660683790523554,0.03304784243517384,0.5005055711192412,NIRISS_SOSS
2.66507749110286,0.03339887185201373,0.5058218691226505,NIRISS_SOSS
2.664086595634431,0.03055580370416617,0.46276394635929174,NIRISS_SOSS
2.663095692780578,0.033541378933716136,0.507980121615409,NIRISS_SOSS
2.6621047826743114,0.03377451219000494,0.5115108965461659,NIRISS_SOSS
2.661113865448146,0.03397371455178572,0.5145277921891104,NIRISS_SOSS
2.6601229412341008,0.03404052292417363,0.5155395968974857,NIRISS_SOSS
2.659132010163699,0.03420630000631865,0.518050270728621,NIRISS_SOSS
2.658141072367971,0.033705457573361686,0.5104650727405952,NIRISS_SOSS
2.6571501279774523,0.03338968033106043,0.5056826646510361,NIRISS_SOSS
2.656159177122186,0.03360858632386982,0.5089979693995204,NIRISS_SOSS
2.6551682199317255,0.03316683974216843,0.5023077709214161,NIRISS_SOSS
2.6541772565351316,0.0318140302962731,0.4818196357077025,NIRISS_SOSS
2.6531862870609757,0.03418171999504523,0.5176780094348724,NIRISS_SOSS
2.652195311637341,0.03396568180881923,0.5144061372697617,NIRISS_SOSS
2.6512043303918222,0.03397130407705978,0.5144912858413285,NIRISS_SOSS
2.650213343451525,0.03442041342314622,0.5212929924943094,NIRISS_SOSS
2.649222350943071,0.03427206399196563,0.5190462583262951,NIRISS_SOSS
2.6482313529925943,0.03443110386364252,0.5214548979208622,NIRISS_SOSS
2.6472403497257466,0.03267190700479093,0.4948120745571935,NIRISS_SOSS
2.646249341267692,0.03470168306024256,0.5255527870823993,NIRISS_SOSS
2.645258327743115,0.034364071066600756,0.5204396943282851,NIRISS_SOSS
2.644267309276216,0.03441596684061831,0.5212256495404682,NIRISS_SOSS
2.643276285990714,0.03437704873283344,0.5206362395116,NIRISS_SOSS
2.6422852580098493,0.03271827243687952,0.49551427341066506,NIRISS_SOSS
2.641294225456381,0.03369003485139192,0.5102314974842731,NIRISS_SOSS
2.6403031884525885,0.03290458797186897,0.49833599962263203,NIRISS_SOSS
2.6393121471202754,0.03260596667734568,0.4938134162843421,NIRISS_SOSS
2.6383211015807673,0.034138981400970415,0.517030738603858,NIRISS_SOSS
2.637330051954913,0.0334628756049034,0.5067911982084042,NIRISS_SOSS
2.6363389983630863,0.03471788804945521,0.5257982096813714,NIRISS_SOSS
2.6353479409251865,0.03467148062974461,0.5250953749304497,NIRISS_SOSS
2.6343568797606394,0.03460656537175913,0.5241122412104161,NIRISS_SOSS
2.633365814988398,0.03452733585171174,0.5229123197251148,NIRISS_SOSS
2.6323747467269425,0.03435506342998256,0.5203032747626548,NIRISS_SOSS
2.6313836750942823,0.03428950738107083,0.5193104363416521,NIRISS_SOSS
2.6303926002079567,0.03441596932132437,0.521225687110461,NIRISS_SOSS
2.629401522185037,0.03442996855980642,0.5214377038817658,NIRISS_SOSS
2.6284104411421225,0.03421952266537403,0.5182505262985636,NIRISS_SOSS
2.627419357195348,0.03357089310118985,0.508427110107215,NIRISS_SOSS
2.6264282704603796,0.032457943575486,0.49157162433436996,NIRISS_SOSS
2.6254371810524186,0.03156722007502848,0.4780817247991638,NIRISS_SOSS
2.6244460890861996,0.033964493704742,0.5143881435774083,NIRISS_SOSS
2.6234549946759946,0.03432214839960487,0.5198047806140607,NIRISS_SOSS
2.6224638979356114,0.03464877832860563,0.5247515513292698,NIRISS_SOSS
2.6214727989783944,0.03466481974190291,0.5249944965908149,NIRISS_SOSS
2.620481697917227,0.034774239481810666,0.5266516452994388,NIRISS_SOSS
2.6194905948645326,0.034713598832442,0.5257332500091912,NIRISS_SOSS
2.618499489932273,0.03484229862899643,0.5276823928406411,NIRISS_SOSS
2.617508383231951,0.03488638034414257,0.5283500050776098,NIRISS_SOSS
2.6165172748746115,0.03544530999846631,0.5368149269980508,NIRISS_SOSS
2.6155261649708423,0.03484195459804443,0.52767718253354,NIRISS_SOSS
2.614535053630774,0.03506265912993512,0.531019725938582,NIRISS_SOSS
2.613543940964082,0.03520859384685844,0.533229889551626,NIRISS_SOSS
2.6125528270799854,0.03491783373496728,0.5288263628721992,NIRISS_SOSS
2.6115617120872505,0.035469961268991226,0.5371882675045329,NIRISS_SOSS
2.6105705960941905,0.03538324430155134,0.5358749495353079,NIRISS_SOSS
2.609579479208665,0.03348840701127117,0.5071778682656295,NIRISS_SOSS
2.608588361538084,0.033844113483414075,0.5125649997051455,NIRISS_SOSS
2.6075972431894043,0.0356702370354855,0.5402214197318587,NIRISS_SOSS
2.606606124269135,0.03538592317205786,0.5359155207046801,NIRISS_SOSS
2.605615004883335,0.033632628715904785,0.5093620885150159,NIRISS_SOSS
2.6046238851376162,0.03522875088973323,0.5335351655246614,NIRISS_SOSS
2.6036327651371427,0.03551864152078272,0.5379255240220475,NIRISS_SOSS
2.602641644986632,0.03532576757224419,0.5350044714311966,NIRISS_SOSS
2.601650524790356,0.035501559329170006,0.5376668162989682,NIRISS_SOSS
2.6006594046521423,0.035594419171040954,0.5390731673574626,NIRISS_SOSS
2.5996682846753747,0.03543448241180523,0.5366509445094427,NIRISS_SOSS
2.5986771649629943,0.03528158186763905,0.5343352842864659,NIRISS_SOSS
2.597686045617498,0.03506518203430044,0.5310579350196353,NIRISS_SOSS
2.5966949267409447,0.03527068986244306,0.5341703261869487,NIRISS_SOSS
2.5957038084349513,0.03510443558275092,0.5316524252567576,NIRISS_SOSS
2.594712690800694,0.03518097649733094,0.532811628137884,NIRISS_SOSS
2.593721573938912,0.0354023555609974,0.5361643872449744,NIRISS_SOSS
2.5927304579499055,0.034993462647502395,0.5299717535928118,NIRISS_SOSS
2.59173934293354,0.034564601896300104,0.52347670945696,NIRISS_SOSS
2.59074822898924,0.03588203114884996,0.5434290159274987,NIRISS_SOSS
2.589757116216001,0.03589227246410915,0.5435841194067308,NIRISS_SOSS
2.588766004712379,0.034122179799646955,0.5167762803867259,NIRISS_SOSS
2.587774894576499,0.035844966493609604,0.5428676762129377,NIRISS_SOSS
2.5867837859060527,0.033296986350929904,0.5042788255485122,NIRISS_SOSS
2.5857926787982985,0.035234842055423224,0.53362741549131,NIRISS_SOSS
2.5848015733500675,0.03572996683885484,0.5411260203697628,NIRISS_SOSS
2.5838104696577564,0.0357425810204886,0.5413170606228501,NIRISS_SOSS
2.582819367817335,0.035990236707068295,0.5450677760014907,NIRISS_SOSS
2.5818282679243443,0.03574928383272487,0.5414185739023629,NIRISS_SOSS
2.5808371700738975,0.03618734667781991,0.5480529826357166,NIRISS_SOSS
2.57984607436068,0.036685280468362017,0.5555941295866472,NIRISS_SOSS
2.578854980878954,0.03493478368339525,0.5290830677882621,NIRISS_SOSS
2.5778638897225536,0.034639759768326304,0.5246149663261147,NIRISS_SOSS
2.5768728009848907,0.03677512032235392,0.5569547432944768,NIRISS_SOSS
2.5758817147589546,0.03636648552795719,0.5507660188247955,NIRISS_SOSS
2.5748906311373085,0.03669256248200245,0.5557044148012766,NIRISS_SOSS
2.5738995502120985,0.03671849444746118,0.5560971512774211,NIRISS_SOSS
2.5729084720750466,0.03669424012702936,0.5557298225320227,NIRISS_SOSS
2.5719173968174567,0.036150795288730664,0.5474994162748505,NIRISS_SOSS
2.570926324530212,0.036159199864499995,0.547626702556964,NIRISS_SOSS
2.5699352553037795,0.035270622315967115,0.5341693032037513,NIRISS_SOSS
2.568944189228209,0.03681993872176944,0.5576335125254822,NIRISS_SOSS
2.5679531263931303,0.0361890628160983,0.5480789733420942,NIRISS_SOSS
2.566962066887765,0.0356853611518994,0.5404504726432027,NIRISS_SOSS
2.5659710108008977,0.036571030538843606,0.5538638282413745,NIRISS_SOSS
2.564979958220965,0.03462132566280937,0.5243357840306919,NIRISS_SOSS
2.563988909235828,0.03650101905472197,0.552803512793734,NIRISS_SOSS
2.562997863933244,0.036267555482385735,0.5492677352664446,NIRISS_SOSS
2.5620068224264774,0.036131544315493,0.5472078626167315,NIRISS_SOSS
2.561015784785659,0.03622616092572058,0.5486408197192174,NIRISS_SOSS
2.5600247510890517,0.03636695585417624,0.55077314185842,NIRISS_SOSS
2.5590337214225523,0.036439114166458994,0.5518659707585493,NIRISS_SOSS
2.558042695871673,0.034873947117717144,0.5281617053692363,NIRISS_SOSS
2.5570516745215097,0.034559465000008484,0.5233989117847743,NIRISS_SOSS
2.556060657456754,0.03662886526511352,0.5547397281661283,NIRISS_SOSS
2.555069644761694,0.03671729185480988,0.5560789381573682,NIRISS_SOSS
2.554078636520211,0.03672172223563937,0.5561460357384489,NIRISS_SOSS
2.553087632815783,0.036016489609395005,0.5454653730276307,NIRISS_SOSS
2.552096633731486,0.036183571673612996,0.5479958106542093,NIRISS_SOSS
2.5511056393499945,0.03652870245006283,0.5532227744633202,NIRISS_SOSS
2.550114649753581,0.036816714194729545,0.557584677453999,NIRISS_SOSS
2.549123665024118,0.037025948260340696,0.560753502036473,NIRISS_SOSS
2.5481326852430786,0.036647721001514234,0.5550252960102207,NIRISS_SOSS
2.5471417104915375,0.03677359545427219,0.556931649352062,NIRISS_SOSS
2.5461507408501722,0.037045375450308074,0.5610477244756213,NIRISS_SOSS
2.545159776399264,0.03698480647168126,0.5601304146300787,NIRISS_SOSS
2.544168817218696,0.03689224649223909,0.5587286049517507,NIRISS_SOSS
2.543177863387958,0.036820038831180256,0.5576350286703844,NIRISS_SOSS
2.542186914986145,0.03559019819963918,0.5390092412568019,NIRISS_SOSS
2.5411959720919595,0.03588108943586419,0.5434147537983839,NIRISS_SOSS
2.5402050347837113,0.037024759365904575,0.5607354963742299,NIRISS_SOSS
2.539214103139317,0.03745052450280298,0.567183657806372,NIRISS_SOSS
2.538223177236304,0.036520424313299917,0.5530974030846454,NIRISS_SOSS
2.5372322571518104,0.03755912897767758,0.5688284594248089,NIRISS_SOSS
2.5362413429625827,0.038045686917572555,0.5761973204954651,NIRISS_SOSS
2.535250434744982,0.037890103346860986,0.5738410261604109,NIRISS_SOSS
2.5342595325749793,0.037932260780016006,0.5744794953796818,NIRISS_SOSS
2.533268636528161,0.0378415077161034,0.573105051218206,NIRISS_SOSS
2.532277746679728,0.03803617004703051,0.5760531886437336,NIRISS_SOSS
2.5312868631044956,0.03829624812128216,0.579992039579139,NIRISS_SOSS
2.530295985876895,0.03847289767909314,0.5826673757374246,NIRISS_SOSS
2.5293051150709744,0.03791598009498967,0.5742329263767794,NIRISS_SOSS
2.5283142507604004,0.03664330680396877,0.5549584435230163,NIRISS_SOSS
2.527323393018458,0.037973527401290355,0.57510447336091,NIRISS_SOSS
2.526332541918052,0.03744535662736031,0.5671053909586956,NIRISS_SOSS
2.525341697531706,0.03800515237633392,0.5755834297777127,NIRISS_SOSS
2.524350859931566,0.03783007070855686,0.5729318391240971,NIRISS_SOSS
2.5233600291894005,0.038596300346940726,0.5845362941961666,NIRISS_SOSS
2.5223692053766005,0.03825671454939456,0.5793933084209764,NIRISS_SOSS
2.521378388564179,0.03854385386636648,0.5837419985998807,NIRISS_SOSS
2.5203875788227768,0.038274280522738756,0.5796593429597862,NIRISS_SOSS
2.519396776222659,0.03852010122636127,0.5833822677437828,NIRISS_SOSS
2.518405980833715,0.03822299190979382,0.5788825831285122,NIRISS_SOSS
2.5174151927254638,0.03834139528930499,0.5806757879708837,NIRISS_SOSS
2.5164244119670514,0.038126974913455056,0.5774284173479788,NIRISS_SOSS
2.515433638627253,0.038115887873255684,0.5772605054669567,NIRISS_SOSS
2.5144428727744734,0.03805688793927816,0.5763669586125942,NIRISS_SOSS
2.513452114476749,0.037972324360163276,0.5750862534487456,NIRISS_SOSS
2.5124613638017457,0.03799047983268139,0.5753612158811477,NIRISS_SOSS
2.511470620816763,0.03822834298633412,0.5789636245346238,NIRISS_SOSS
2.510479885588733,0.03833657081048203,0.5806027218234227,NIRISS_SOSS
2.5094891581842234,0.03891002726054365,0.5892876503059132,NIRISS_SOSS
2.5084984386694336,0.03911413512412916,0.5923788391795647,NIRISS_SOSS
2.507507727110202,0.038665055386592616,0.585577580944486,NIRISS_SOSS
2.5065170235720022,0.039040622176743464,0.5912654944948667,NIRISS_SOSS
2.5055263281199456,0.03768370160551233,0.5707150967858576,NIRISS_SOSS
2.5045356408187813,0.034944681558955595,0.5292329699148508,NIRISS_SOSS
2.5035449617328975,0.037739161862491634,0.5715550356607871,NIRISS_SOSS
2.5025542909263234,0.03898974307981435,0.590494936734054,NIRISS_SOSS
2.5015636284627276,0.03884266094051623,0.5882673955481128,NIRISS_SOSS
2.500572974405423,0.03894472743640665,0.589813180266676,NIRISS_SOSS
2.499582328817363,0.03749010703729453,0.5677831304972414,NIRISS_SOSS
2.4985916917611433,0.03874969858771835,0.5868594919740456,NIRISS_SOSS
2.4976010632990073,0.039096925415149184,0.5921182002214023,NIRISS_SOSS
2.4966104434928407,0.03918116199435074,0.5933939530111678,NIRISS_SOSS
2.4956198324041767,0.03904284887007348,0.5912992174956656,NIRISS_SOSS
2.494629230094195,0.0393615602310456,0.5961260624571317,NIRISS_SOSS
2.493638636623723,0.038949460770768246,0.5898848660423085,NIRISS_SOSS
2.4926480520532355,0.03906988592468323,0.5917086904131604,NIRISS_SOSS
2.4916574764428594,0.03895925977262876,0.5900332707386883,NIRISS_SOSS
2.4906669098523695,0.03933409446358765,0.5957100967354741,NIRISS_SOSS
2.4896763523411933,0.03932176809023972,0.5955234153040181,NIRISS_SOSS
2.4886858039684085,0.039004514700422835,0.5907186511391171,NIRISS_SOSS
2.487695264792748,0.03825017317382728,0.579294240080263,NIRISS_SOSS
2.486704734872597,0.03767041448499582,0.5705138649548935,NIRISS_SOSS
2.4857142142659936,0.036807981419849325,0.5574524206361007,NIRISS_SOSS
2.4847237030306357,0.03882830602803584,0.5880499921371803,NIRISS_SOSS
2.483733201223873,0.03857178231169858,0.5841649715219054,NIRISS_SOSS
2.482742708902716,0.03773081577449225,0.5714286351688659,NIRISS_SOSS
2.4817522261238314,0.03804422960249452,0.5761752496351097,NIRISS_SOSS
2.4807617529435433,0.038143984113162464,0.5776860196174927,NIRISS_SOSS
2.479771289417838,0.037578415860619975,0.5691205569310569,NIRISS_SOSS
2.4787808356023624,0.03841348999340091,0.5817676535327273,NIRISS_SOSS
2.477790391552422,0.03960943542974496,0.5998801023202386,NIRISS_SOSS
2.4767999573229873,0.03953577064920316,0.5987644581407806,NIRISS_SOSS
2.4758095329686913,0.039487591606695606,0.5980347923771676,NIRISS_SOSS
2.4748191185438317,0.03958841168390055,0.5995617002356982,NIRISS_SOSS
2.473828714102368,0.03817729838064386,0.5781905601636691,NIRISS_SOSS
2.4728383196979293,0.03949944047991365,0.5982142421269886,NIRISS_SOSS
2.4718479353838085,0.03971234299757957,0.6014386249715308,NIRISS_SOSS
2.4708575612129664,0.03988514535273611,0.6040556957115656,NIRISS_SOSS
2.4698671972380337,0.037937280659932,0.5745555208530311,NIRISS_SOSS
2.468876843511309,0.040025849090627785,0.6061866367807209,NIRISS_SOSS
2.4678865000847607,0.04006435918782391,0.6067698675386384,NIRISS_SOSS
2.466896167010029,0.040072718678176925,0.6068964710075822,NIRISS_SOSS
2.4659058443384243,0.040017779443939736,0.6060644229589788,NIRISS_SOSS
2.4649155321209304,0.039711444285161615,0.6014250140808076,NIRISS_SOSS
2.463925230408204,0.039924370681316955,0.6046497585621801,NIRISS_SOSS
2.4629349392505784,0.039619883127494454,0.6000383314372906,NIRISS_SOSS
2.461944658698058,0.03993440095151362,0.6048016657895008,NIRISS_SOSS
2.460954388800329,0.04008264401071163,0.607046788966722,NIRISS_SOSS
2.4599641296067385,0.03977457602473895,0.6023811366305593,NIRISS_SOSS
2.458973881166362,0.037762323146214145,0.5719058104976054,NIRISS_SOSS
2.4579836435278146,0.03944815132897851,0.5974374741479181,NIRISS_SOSS
2.4569934167397016,0.03878703331538198,0.5874249219027474,NIRISS_SOSS
2.456003200884963,0.03936672153580005,0.5962042297925308,NIRISS_SOSS
2.4550129960488896,0.03944489284706098,0.5973881248339253,NIRISS_SOSS
2.4540228022077977,0.03955453806138959,0.5990486883253449,NIRISS_SOSS
2.45303261940818,0.03964300772994822,0.6003885507407363,NIRISS_SOSS
2.452042447697178,0.03998653213635169,0.6055911862700492,NIRISS_SOSS
2.4510522871211333,0.039604319308114415,0.5998026192777788,NIRISS_SOSS
2.450062137726265,0.039497802582066116,0.5981894363624604,NIRISS_SOSS
2.4490719995584094,0.03962780729874482,0.6001583420511482,NIRISS_SOSS
2.4480818726631135,0.039564247938890434,0.5991957432440915,NIRISS_SOSS
2.4470917570856052,0.039558252875609566,0.5991049487367898,NIRISS_SOSS
2.4461016528708024,0.03968024147835953,0.6009524513508916,NIRISS_SOSS
2.4451115600633138,0.040134563800904105,0.6078331079009657,NIRISS_SOSS
2.444121478707436,0.04018074186679575,0.6085324691160773,NIRISS_SOSS
2.44313140884716,0.03844417203711659,0.5822323293687716,NIRISS_SOSS
2.442141350526167,0.04088653779765786,0.619221663007107,NIRISS_SOSS
2.441151303787833,0.040800820474634,0.6179234845314917,NIRISS_SOSS
2.4401612686752268,0.040466529295637224,0.6128606851129788,NIRISS_SOSS
2.4391712452311127,0.038507378358438156,0.5831895814500065,NIRISS_SOSS
2.438181233497949,0.04019362601712155,0.6087275980123085,NIRISS_SOSS
2.437191233517893,0.04046449768119365,0.6128299165582881,NIRISS_SOSS
2.436201245332798,0.040550106962040124,0.6141264587482124,NIRISS_SOSS
2.4352112689842165,0.040713473805628744,0.616600629808325,NIRISS_SOSS
2.434221304513398,0.04034184534280969,0.6109723617483972,NIRISS_SOSS
2.433231351961294,0.040697857383088926,0.6163641209803292,NIRISS_SOSS
2.4322414113685573,0.04059688716709615,0.6148349392880409,NIRISS_SOSS
2.4312514827755396,0.040010975245473104,0.6059613741972865,NIRISS_SOSS
2.430261566222299,0.041046340148764696,0.6216418502602936,NIRISS_SOSS
2.4292716617485937,0.040817655906988895,0.6181784551154975,NIRISS_SOSS
2.4282817693938865,0.04087750422756218,0.6190848506821012,NIRISS_SOSS
2.4272918891973476,0.04051747562333173,0.6136322610755908,NIRISS_SOSS
2.426302021197851,0.039327528565273946,0.5956106570007365,NIRISS_SOSS
2.425312165433979,0.04052330249506689,0.6137205083423031,NIRISS_SOSS
2.42432232194402,0.041023257167560584,0.6212922613056331,NIRISS_SOSS
2.4233324907659726,0.04103296398214663,0.621439269836906,NIRISS_SOSS
2.4223426719375434,0.039107364584906275,0.5922763001830421,NIRISS_SOSS
2.4213528654961505,0.04106424264806852,0.621912981444004,NIRISS_SOSS
2.4203630714789206,0.039090206175791495,0.5920164381551251,NIRISS_SOSS
2.4193732899226963,0.03936133227397814,0.5961226100749538,NIRISS_SOSS
2.4183835208640305,0.04126761662746927,0.624993055730561,NIRISS_SOSS
2.4173937643391894,0.040986576806622765,0.6207367416817406,NIRISS_SOSS
2.4164040203841557,0.040417435031294795,0.612117158425523,NIRISS_SOSS
2.4154142890346253,0.040340700561084575,0.6109550241678195,NIRISS_SOSS
2.4144245703260117,0.0400726441297552,0.606895341980764,NIRISS_SOSS
2.413434864293446,0.040774466253821355,0.6175243530491533,NIRISS_SOSS
2.412445170971776,0.041269979807730645,0.6250288458094049,NIRISS_SOSS
2.4114554903955674,0.0416248030451063,0.6304026007653432,NIRISS_SOSS
2.4104658225991087,0.04172268228057966,0.6318849699320264,NIRISS_SOSS
2.409476167616407,0.04100247606775611,0.6209775340659796,NIRISS_SOSS
2.40848652548119,0.04019789726705208,0.6087922855751975,NIRISS_SOSS
2.4074968962269097,0.040293263320202354,0.6102365928999797,NIRISS_SOSS
2.406507279886739,0.04196096933847616,0.6354937985639334,NIRISS_SOSS
2.4055176764935773,0.041868618309579074,0.6340951534163038,NIRISS_SOSS
2.4045280860800466,0.04160547869368404,0.6301099358035054,NIRISS_SOSS
2.4035385086784946,0.04124752752751521,0.624688808744831,NIRISS_SOSS
2.4025489443209977,0.04165058549113765,0.6307930727878687,NIRISS_SOSS
2.4015593930393577,0.0412000840084913,0.6239702823952956,NIRISS_SOSS
2.4005698548651044,0.041731529467684284,0.6320189595092063,NIRISS_SOSS
2.3995803298294986,0.04202570190863661,0.6364741654989831,NIRISS_SOSS
2.39859081796353,0.04191140939910345,0.6347432192845439,NIRISS_SOSS
2.397601319297918,0.0419638006340807,0.6355366781929542,NIRISS_SOSS
2.3966118338631155,0.042233087540691557,0.63961499577912,NIRISS_SOSS
2.3956223616893078,0.04201596160713502,0.6363266498124298,NIRISS_SOSS
2.394632902806411,0.0418652560105647,0.6340442318049531,NIRISS_SOSS
2.3936434572440795,0.039721423045470605,0.6015761411971182,NIRISS_SOSS
2.3926540250316997,0.04185792209450318,0.6339331605344425,NIRISS_SOSS
2.3916646061983946,0.042241450408720814,0.6397416504025614,NIRISS_SOSS
2.3906752007730248,0.041923231393207305,0.6349222619534359,NIRISS_SOSS
2.3896858087841877,0.041956928907310974,0.6354326067232902,NIRISS_SOSS
2.3886964302602203,0.041817908622000084,0.6333271613395809,NIRISS_SOSS
2.387707065229198,0.040551633871787326,0.6141495836114034,NIRISS_SOSS
2.386717713718937,0.04070830502603446,0.6165223492673819,NIRISS_SOSS
2.385728375756993,0.04034574516931826,0.6110314241485454,NIRISS_SOSS
2.3847390513706657,0.04083023591788182,0.6183689778568534,NIRISS_SOSS
2.3837497405869974,0.04020225652532591,0.6088583060137869,NIRISS_SOSS
2.382760443432773,0.04115823726381547,0.6233365185154132,NIRISS_SOSS
2.3817711599345226,0.04219480336071358,0.6390351865101095,NIRISS_SOSS
2.3807818901185214,0.0425372545327701,0.6442215680352217,NIRISS_SOSS
2.37979263401079,0.041572746619391886,0.6296142125026682,NIRISS_SOSS
2.378803391637099,0.04293052421520072,0.6501775897451086,NIRISS_SOSS
2.377814163022964,0.0427498882444643,0.6474418798458783,NIRISS_SOSS
2.37682494819365,0.04317049283329506,0.6538118854025514,NIRISS_SOSS
2.375835747174172,0.042827992991443846,0.6486247667792931,NIRISS_SOSS
2.3748465599892956,0.04151522035481869,0.6287429841929519,NIRISS_SOSS
2.373857386663538,0.04291801360904704,0.6499881181301226,NIRISS_SOSS
2.372868227221168,0.04277352510589854,0.6477998572495414,NIRISS_SOSS
2.3718790816862083,0.043018934162619496,0.65151654769107,NIRISS_SOSS
2.370889950082434,0.04309582377427916,0.6526810315472354,NIRISS_SOSS
2.3699008324333777,0.042493163866555786,0.6435538202354095,NIRISS_SOSS
2.368911728762324,0.04177458802165686,0.6326710760941207,NIRISS_SOSS
2.367922639092317,0.04124368432672492,0.6246306039343281,NIRISS_SOSS
2.3669335634461595,0.04316448166890415,0.6537208470458881,NIRISS_SOSS
2.3659445018463976,0.043034458792946775,0.6517516663371242,NIRISS_SOSS
2.3649554543153912,0.0428280205420916,0.6486251840305166,NIRISS_SOSS
2.3639664208750935,0.04275627837451969,0.6475386575916319,NIRISS_SOSS
2.3629774015476777,0.043336158904776795,0.6563208779906362,NIRISS_SOSS
2.36198839635397,0.04300010365658503,0.6512313619578188,NIRISS_SOSS
2.360999405316499,0.04300793254671217,0.651349929550605,NIRISS_SOSS
2.360010428603348,0.04293521944360052,0.650248698410565,NIRISS_SOSS
2.359021466097371,0.04095086469491164,0.6201958860751178,NIRISS_SOSS
2.358032517809922,0.04244786478164398,0.6428677710807806,NIRISS_SOSS
2.357043583761993,0.0424369516521159,0.6427024930558122,NIRISS_SOSS
2.356054663973507,0.04038648241063309,0.611648384734402,NIRISS_SOSS
2.355065758464513,0.04224908640866404,0.6398572966968737,NIRISS_SOSS
2.3540768672546935,0.04219611217596811,0.6390550083586233,NIRISS_SOSS
2.3530879903635475,0.04051026815547022,0.6135231048477545,NIRISS_SOSS
2.352099127810328,0.0419302024143983,0.6350278372250843,NIRISS_SOSS
2.3511102796140655,0.043261840323146686,0.6551953320728803,NIRISS_SOSS
2.350121445793559,0.043523624887825275,0.6591600275991215,NIRISS_SOSS
2.3491326263673824,0.043791703400685,0.6632200442082798,NIRISS_SOSS
2.3481438213538826,0.04367317757598857,0.6614249849484074,NIRISS_SOSS
2.3471550307711806,0.04211329718970441,0.6378007854217266,NIRISS_SOSS
2.346166254637173,0.04243686621964756,0.6427011991914263,NIRISS_SOSS
2.345177492969533,0.04408647339292914,0.6676843000399992,NIRISS_SOSS
2.3441887457857113,0.044045850738677526,0.6670690748613369,NIRISS_SOSS
2.3432000131029347,0.04406099562522025,0.6672984423337663,NIRISS_SOSS
2.3422112949382106,0.04424128630694905,0.6700289228727957,NIRISS_SOSS
2.3412225913083247,0.04370188182643351,0.661859707344905,NIRISS_SOSS
2.3402339022298446,0.04404698698755133,0.6670862832129149,NIRISS_SOSS
2.339245227719119,0.043473762314433124,0.6584048649641607,NIRISS_SOSS
2.338256567792277,0.04293109253020299,0.650186196806987,NIRISS_SOSS
2.337267922465234,0.04356480759962033,0.6597837347814484,NIRISS_SOSS
2.336279291753686,0.04370368595800562,0.6618870306990587,NIRISS_SOSS
2.3352906756731158,0.043312077578401977,0.655956169219279,NIRISS_SOSS
2.3343020742387917,0.04381357517897777,0.663551289641542,NIRISS_SOSS
2.333313487465767,0.043929585794821716,0.665308256367971,NIRISS_SOSS
2.332324915368885,0.04387819066803293,0.6645298833974321,NIRISS_SOSS
2.331336357962775,0.04381434253764896,0.6635629111956791,NIRISS_SOSS
2.330347815261856,0.04381311280935715,0.6635442871096372,NIRISS_SOSS
2.329359287280337,0.043641428987778015,0.6609441564251619,NIRISS_SOSS
2.3283707740322184,0.043704937871756805,0.6619059907811959,NIRISS_SOSS
2.3273822755312907,0.04399006587191545,0.6662242198105622,NIRISS_SOSS
2.326393791791139,0.04345101214013481,0.6580603163297809,NIRISS_SOSS
2.3254053228251395,0.04331762351688365,0.6560401617858923,NIRISS_SOSS
2.324416868646465,0.04327331681743058,0.655369142188844,NIRISS_SOSS
2.323428429268081,0.042674651421624694,0.6463024272762166,NIRISS_SOSS
2.32244000470275,0.04277680929300999,0.6478495958655828,NIRISS_SOSS
2.321451594963032,0.04394027144270961,0.6654700892110499,NIRISS_SOSS
2.3204632000612837,0.044607019033901414,0.6755679007270796,NIRISS_SOSS
2.3194748200096607,0.04452621755471419,0.6743441721109918,NIRISS_SOSS
2.318486454820117,0.04447253815676426,0.673531204130375,NIRISS_SOSS
2.3174981045044087,0.04404936031537441,0.6671222269753518,NIRISS_SOSS
2.316509769074091,0.04434647395744044,0.6716219770997744,NIRISS_SOSS
2.3155214485405224,0.041388311847170955,0.6268209702150436,NIRISS_SOSS
2.3145331429148635,0.044534919333711634,0.6744759594999995,NIRISS_SOSS
2.313544852208079,0.04476084878684731,0.6778976337044849,NIRISS_SOSS
2.3125565764309375,0.0446794121903732,0.6766642863140089,NIRISS_SOSS
2.3115683155940134,0.045084200981361816,0.6827947635278796,NIRISS_SOSS
2.3105800697076866,0.044962993470532245,0.6809590904563109,NIRISS_SOSS
2.309591838782145,0.045230283186724556,0.6850071608354756,NIRISS_SOSS
2.3086036228273845,0.04526957931675212,0.6856022959654257,NIRISS_SOSS
2.3076154218532086,0.045052650062455665,0.6823169286823089,NIRISS_SOSS
2.3066272358692306,0.04309511286806747,0.6526702649587601,NIRISS_SOSS
2.305639064884877,0.04485160193745754,0.6792720791789857,NIRISS_SOSS
2.3046509089093807,0.04504121344017685,0.682143722423033,NIRISS_SOSS
2.3036627679517916,0.045221963035370655,0.6848811531509089,NIRISS_SOSS
2.30267464202097,0.045156621113060284,0.68389155765135,NIRISS_SOSS
2.30168653112559,0.04495802725384991,0.6808838777061361,NIRISS_SOSS
2.3006984352741418,0.045323651622732726,0.6864212144905804,NIRISS_SOSS
2.299710354474931,0.04533937300914896,0.6866593129837718,NIRISS_SOSS
2.2987222887360783,0.04541384218077491,0.6877871395687761,NIRISS_SOSS
2.2977342380655243,0.04521093384713217,0.6847141174308279,NIRISS_SOSS
2.296746202471024,0.04491704362216089,0.6802631855679037,NIRISS_SOSS
2.2957581819601565,0.044758013002657415,0.6778546860963824,NIRISS_SOSS
2.294770176540315,0.04467770463622467,0.6766384256132384,NIRISS_SOSS
2.2937821862187193,0.04445585051385964,0.6732784717996942,NIRISS_SOSS
2.292794211002405,0.04500993198467415,0.6816699685680716,NIRISS_SOSS
2.2918062508982358,0.045941886358174755,0.6957843046818731,NIRISS_SOSS
2.2908183059128944,0.04588129396775495,0.6948666402675612,NIRISS_SOSS
2.28983037605289,0.045684372943849284,0.691884295210433,NIRISS_SOSS
2.2888424613245566,0.046174274633142054,0.6993037969607436,NIRISS_SOSS
2.2878545617340524,0.0463903233236816,0.7025758282124107,NIRISS_SOSS
2.2868666772873647,0.046382140927298816,0.7024519068101974,NIRISS_SOSS
2.285878807990308,0.046071148109970685,0.6977419582573948,NIRISS_SOSS
2.2848909538485227,0.04576669571294169,0.693131063577885,NIRISS_SOSS
2.283903114867482,0.04565545537933696,0.6914463421982203,NIRISS_SOSS
2.2829152910524875,0.04594342686182972,0.6958076354231507,NIRISS_SOSS
2.281927482408674,0.04519047703174319,0.6844043014393717,NIRISS_SOSS
2.2809396889409945,0.044619682718101836,0.6757596906905435,NIRISS_SOSS
2.279951910654286,0.045643561754168525,0.6912662146855307,NIRISS_SOSS
2.2789641475530678,0.044661933828739474,0.6763995786439431,NIRISS_SOSS
2.277976399642098,0.046195615237803744,0.6996269978336956,NIRISS_SOSS
2.2769886669250248,0.04630621145293186,0.7013019641170439,NIRISS_SOSS
2.276000949421423,0.046341196310646975,0.7018318055499779,NIRISS_SOSS
2.275013247292214,0.046650941134448114,0.706522853391964,NIRISS_SOSS
2.274025560370451,0.04664821670995898,0.7064815923130424,NIRISS_SOSS
2.273037888658213,0.046678077042052436,0.706933823426089,NIRISS_SOSS
2.272050232160008,0.04663775473296891,0.7063231469386213,NIRISS_SOSS
2.271062590878717,0.044509445927600276,0.674090167849633,NIRISS_SOSS
2.270074964817675,0.04663113642108027,0.7062229134066391,NIRISS_SOSS
2.2690873539798315,0.047017445168221955,0.7120735125946429,NIRISS_SOSS
2.268099758368057,0.04433584504386672,0.6714610034910125,NIRISS_SOSS
2.267112177985043,0.0467216527622628,0.7075937724310384,NIRISS_SOSS
2.2661246128333303,0.04642871710141884,0.7031572973262114,NIRISS_SOSS
2.2651370629153065,0.04623027750850034,0.700151953725304,NIRISS_SOSS
2.2641495282332014,0.04676039365726352,0.7081804985937536,NIRISS_SOSS
2.2631620087890973,0.045436513440647086,0.6881304930537298,NIRISS_SOSS
2.262174504584923,0.04271302022176717,0.6468835181073697,NIRISS_SOSS
2.261187015622454,0.046317072559908135,0.7014664542667658,NIRISS_SOSS
2.2601995419033183,0.04490812125621608,0.6801280574162943,NIRISS_SOSS
2.259212083428993,0.04689238772870692,0.7101795328194137,NIRISS_SOSS
2.2582246402008086,0.04707887457712329,0.7130038535524829,NIRISS_SOSS
2.257237212219946,0.047074948584249474,0.7129443948659021,NIRISS_SOSS
2.256249799487442,0.044350540315121145,0.6716835615943554,NIRISS_SOSS
2.2552624020041856,0.04693313777662668,0.7107966873597509,NIRISS_SOSS
2.2542750197709207,0.046684436875792726,0.7070301423378198,NIRISS_SOSS
2.2532876527882486,0.04712247229121294,0.7136641356520703,NIRISS_SOSS
2.2523003010566254,0.04721094958078027,0.7150041134867156,NIRISS_SOSS
2.251312964576366,0.04734156224746529,0.7169822265046175,NIRISS_SOSS
2.250325643347645,0.04758480999698864,0.7206661842104034,NIRISS_SOSS
2.249338337370493,0.04724555982346714,0.7155282814204179,NIRISS_SOSS
2.248351046644805,0.04476936637733244,0.6780266315807814,NIRISS_SOSS
2.2473637711703334,0.04702694871506543,0.7122174426605733,NIRISS_SOSS
2.2463765109466944,0.04709328919581391,0.7132221612067379,NIRISS_SOSS
2.2453892659733654,0.04394587735007072,0.6655549899990791,NIRISS_SOSS
2.24440203624969,0.046747055574103025,0.7079784949397186,NIRISS_SOSS
2.2434148217748735,0.047312643866287835,0.7165442611241102,NIRISS_SOSS
2.2424276225479876,0.04739832948767246,0.7178419594822388,NIRISS_SOSS
2.241440438567971,0.047514436095972314,0.7196003800027866,NIRISS_SOSS
2.240453269833629,0.04501415831385686,0.6817339758116755,NIRISS_SOSS
2.2394661163436327,0.0476667166821119,0.7219066510365363,NIRISS_SOSS
2.2384789780965257,0.04730690815857242,0.7164573945254357,NIRISS_SOSS
2.237491855090718,0.04715813576617977,0.7142042546610914,NIRISS_SOSS
2.2365047473244917,0.04793331071744255,0.725944185413308,NIRISS_SOSS
2.235517654796,0.048127166529121974,0.7288801082025104,NIRISS_SOSS
2.2345305775032664,0.048080760119928755,0.7281772887557519,NIRISS_SOSS
2.2335435154441914,0.048098740659305264,0.7284496018469114,NIRISS_SOSS
2.2325564686165453,0.048238275774378454,0.7305628442650175,NIRISS_SOSS
2.2315694370179764,0.04816755984125094,0.7294918600225018,NIRISS_SOSS
2.230582420646005,0.048169474569134896,0.7295208583444036,NIRISS_SOSS
2.2295954194980316,0.048335007905179445,0.7320278406703684,NIRISS_SOSS
2.228608433571331,0.048221367707716116,0.7303067736432226,NIRISS_SOSS
2.2276214628630586,0.048126558772688316,0.7288709038049305,NIRISS_SOSS
2.2266345073702465,0.04602017479996388,0.6969699736509309,NIRISS_SOSS
2.225647567089808,0.04633284025918566,0.7017052541626324,NIRISS_SOSS
2.2246606420185375,0.04825260758493711,0.7307798978001432,NIRISS_SOSS
2.2236737321531095,0.04683381195154814,0.7092924097686997,NIRISS_SOSS
2.222686837490083,0.046993506255591566,0.7117109606621969,NIRISS_SOSS
2.2216999580258983,0.048538826709990254,0.735114651783886,NIRISS_SOSS
2.2207130937568813,0.04874724598003688,0.7382711363862187,NIRISS_SOSS
2.2197262446792414,0.04873595907919999,0.7381001976400474,NIRISS_SOSS
2.2187394107890746,0.04890476917047001,0.7406568060270405,NIRISS_SOSS
2.2177525920823644,0.04892067722883098,0.7408977316442263,NIRISS_SOSS
2.2167657885549814,0.04885633913221877,0.7399233389632885,NIRISS_SOSS
2.2157790002026836,0.048912624531699825,0.7407757745214707,NIRISS_SOSS
2.2147922270211193,0.048982348303857434,0.741831732606262,NIRISS_SOSS
2.2138054690058273,0.04888456557869524,0.7403508250765526,NIRISS_SOSS
2.2128187261522365,0.048754989083705354,0.7383884047534782,NIRISS_SOSS
2.211831998455668,0.048252082283217944,0.7307719421692279,NIRISS_SOSS
2.2108452859113354,0.048958946606295975,0.7414773167309705,NIRISS_SOSS
2.2098585885143454,0.047121459218213264,0.7136487927841877,NIRISS_SOSS
2.208871906259701,0.046113366537966084,0.698381351236136,NIRISS_SOSS
2.2078852391422985,0.04831151827533461,0.7316720930712949,NIRISS_SOSS
2.206898587156931,0.047797568813616846,0.7238883907201336,NIRISS_SOSS
2.2059119502982902,0.04740577247758427,0.7179546826630018,NIRISS_SOSS
2.204925328560957,0.04876911602483687,0.7386023555659426,NIRISS_SOSS
2.203938721939442,0.04840889307660065,0.7331468226430026,NIRISS_SOSS
2.2029521304280597,0.049309460714977736,0.7467858104547361,NIRISS_SOSS
2.201965554021297,0.04920949092354849,0.7452717800712969,NIRISS_SOSS
2.2009789927128365,0.04921947686319912,0.7454230159178671,NIRISS_SOSS
2.1999924464977787,0.049206070728883625,0.7452199816373315,NIRISS_SOSS
2.1990059154583337,0.04905956811406983,0.7430012172795167,NIRISS_SOSS
2.1980193996130084,0.048804858377610366,0.7391436691697924,NIRISS_SOSS
2.1970328988430614,0.04946582559184411,0.7491539375768778,NIRISS_SOSS
2.1960464131408015,0.049623045378310415,0.7515350122013685,NIRISS_SOSS
2.1950599425005715,0.049674030261246525,0.7523071720784449,NIRISS_SOSS
2.1940734869155927,0.049747867287028395,0.7534254248912025,NIRISS_SOSS
2.193087046379395,0.049748045216705956,0.7534281196146193,NIRISS_SOSS
2.1921006208852782,0.04945249883922156,0.7489521055224675,NIRISS_SOSS
2.1911142104264965,0.049622818026173666,0.751531568980793,NIRISS_SOSS
2.1901278149962,0.04930152494572829,0.7466656241905872,NIRISS_SOSS
2.189141434587457,0.048959151993673,0.7414804272979202,NIRISS_SOSS
2.188155069193244,0.048768994791016845,0.7386005194944214,NIRISS_SOSS
2.1871687188064546,0.04935209192459484,0.7474314549611443,NIRISS_SOSS
2.1861823834198932,0.04762409311525945,0.7212611222788731,NIRISS_SOSS
2.1851960630262814,0.04983412856018628,0.7547318414257175,NIRISS_SOSS
2.1842097576182544,0.049692801058887605,0.7525914535353098,NIRISS_SOSS
2.1832234671883666,0.04971752479266355,0.7529658914889524,NIRISS_SOSS
2.1822371917290893,0.04942280964137285,0.7485024662168308,NIRISS_SOSS
2.1812509312328103,0.04985613426214842,0.7550651151167321,NIRISS_SOSS
2.1802646856918395,0.049482565855532915,0.7494074668429618,NIRISS_SOSS
2.1792784550984043,0.04911866333755676,0.7438962072819584,NIRISS_SOSS
2.178292239444655,0.0464454564316048,0.7034108124545079,NIRISS_SOSS
2.1773060387226635,0.04979130549365845,0.754083291269633,NIRISS_SOSS
2.1763198529244234,0.04797160527138373,0.7265241517947346,NIRISS_SOSS
2.1753336820418516,0.04750886031645963,0.7195159354973728,NIRISS_SOSS
2.1743475260667915,0.050073529857759154,0.7583575450825731,NIRISS_SOSS
2.1733613849910096,0.04989048661022973,0.7555853772678681,NIRISS_SOSS
2.1723752588061997,0.050380976761032766,0.7630137911964805,NIRISS_SOSS
2.171389147503982,0.04970263614135429,0.7527404046681001,NIRISS_SOSS
2.1704030510759043,0.04990382734135323,0.7557874210249821,NIRISS_SOSS
2.169416969513444,0.049739318767075824,0.7532959585918675,NIRISS_SOSS
2.1684309028080087,0.049555530151708466,0.7505125022715314,NIRISS_SOSS
2.1674448509509334,0.048753412002181466,0.7383645200448059,NIRISS_SOSS
2.166458813933486,0.04791450511893775,0.725659376901577,NIRISS_SOSS
2.165472791746868,0.047678157024426994,0.722079913635311,NIRISS_SOSS
2.1644867843822118,0.048720948147378755,0.7378728588956511,NIRISS_SOSS
2.1635007918305855,0.04962990444581452,0.7516388919479879,NIRISS_SOSS
2.1625148140829884,0.04840304230391419,0.7330582133992775,NIRISS_SOSS
2.161528851130359,0.04852817927829432,0.7349533977204058,NIRISS_SOSS
2.1605429029635705,0.05021453044104654,0.7604929818392944,NIRISS_SOSS
2.1595569695734342,0.050670590251420115,0.7673999524321041,NIRISS_SOSS
2.158571050950698,0.05077763970846819,0.7690212034938929,NIRISS_SOSS
2.1575851470860505,0.05090168710744435,0.7708998863274911,NIRISS_SOSS
2.156599257970118,0.05089917408690653,0.7708618269358082,NIRISS_SOSS
2.15561338359347,0.05108599526759668,0.7736912110906713,NIRISS_SOSS
2.154627523946616,0.050863748914543566,0.7703253169908608,NIRISS_SOSS
2.153641679020007,0.051199303700524966,0.7754072535841152,NIRISS_SOSS
2.1526558488040397,0.0508268724987659,0.769766828140164,NIRISS_SOSS
2.151670033289052,0.05140412561694722,0.7785092567014972,NIRISS_SOSS
2.1506842324653292,0.05123663970895778,0.7759727029099112,NIRISS_SOSS
2.1496984463231006,0.051082859946898915,0.7736437270384353,NIRISS_SOSS
2.148712674852544,0.05133057028229078,0.7773952700667175,NIRISS_SOSS
2.1477269180437824,0.05106390746775035,0.7733566940371438,NIRISS_SOSS
2.146741175886889,0.05072173760839597,0.7681745729588346,NIRISS_SOSS
2.145755448371885,0.05059727503006569,0.7662896022842024,NIRISS_SOSS
2.1447697354887434,0.05112137704271403,0.7742270637895898,NIRISS_SOSS
2.143784037227385,0.05141346696700853,0.778650730316806,NIRISS_SOSS
2.1427983535776858,0.04968650120071071,0.7524960429462227,NIRISS_SOSS
2.141812684529473,0.05296860111977247,0.8022030487116592,NIRISS_SOSS
2.140827030072526,0.05097029090209068,0.7719388824885193,NIRISS_SOSS
2.1398413901965805,0.052667957927478026,0.7976498439765056,NIRISS_SOSS
2.1388557648913267,0.048363945045256866,0.7324660901521437,NIRISS_SOSS
2.1378701541464102,0.044764933649836275,0.6779594984597179,NIRISS_SOSS
2.136884557951435,0.04977936301756377,0.7539024239155819,NIRISS_SOSS
2.13589897629596,0.05217748969303118,0.7902217619684533,NIRISS_SOSS
2.1349134091695117,0.049778459846094664,0.7538887454930692,NIRISS_SOSS
2.1339278565615447,0.05327444491314739,0.8068350159203102,NIRISS_SOSS
2.1329423184615726,0.05300361828715698,0.802733379470623,NIRISS_SOSS
2.1319567948587816,0.051349958992357225,0.7776889097324267,NIRISS_SOSS
2.130971285743101,0.051336505987116546,0.7774851655974059,NIRISS_SOSS
2.129985791102576,0.052711439936915884,0.7983083737431552,NIRISS_SOSS
2.1290003109328475,0.05326172314679704,0.80664234630972,NIRISS_SOSS
2.1280148454223076,0.053122320721933694,0.8045311134687714,NIRISS_SOSS
2.127029394356563,0.053608401018015873,0.8118927406817323,NIRISS_SOSS
2.1260439577227133,0.05360189136279696,0.8117941527418532,NIRISS_SOSS
2.125058535511337,0.0533395783897873,0.8078214545354356,NIRISS_SOSS
2.124073127710927,0.05326191408926364,0.8066452381102509,NIRISS_SOSS
2.1230877343108077,0.05308792537060967,0.8040102000387329,NIRISS_SOSS
2.122102355299952,0.053130120575312384,0.804649241303519,NIRISS_SOSS
2.1211169906674163,0.05304923705153931,0.8034242701321153,NIRISS_SOSS
2.1201316404021915,0.05307089863765791,0.8037523322303569,NIRISS_SOSS
2.1191463044932517,0.05297370719674512,0.8022803796289918,NIRISS_SOSS
2.1181609829295414,0.053025082788312736,0.803058456740972,NIRISS_SOSS
2.11717567569998,0.052499630555596005,0.7951005463161795,NIRISS_SOSS
2.1161903827934614,0.05148995300716213,0.7798091021313903,NIRISS_SOSS
2.1152051041988544,0.05235369418506784,0.7928903576594906,NIRISS_SOSS
2.1142198399050063,0.05307650139749043,0.8038371853494468,NIRISS_SOSS
2.113234589900741,0.05314575203361768,0.804885977846362,NIRISS_SOSS
2.1122493541748604,0.053533516819065825,0.8107586285581703,NIRISS_SOSS
2.111264132716145,0.053739971204044085,0.8138853552141179,NIRISS_SOSS
2.110278925513357,0.05317869001256183,0.8053848195482155,NIRISS_SOSS
2.1092937325552383,0.05306366178334823,0.8036427309483223,NIRISS_SOSS
2.1083085538305126,0.053408097310630134,0.8088591652929893,NIRISS_SOSS
2.1073233893278864,0.05249661943414108,0.7950549432464341,NIRISS_SOSS
2.1063382390360506,0.05186804456162675,0.7855352529315183,NIRISS_SOSS
2.1053531029436785,0.053601303912119015,0.8117852558724844,NIRISS_SOSS
2.10436798103943,0.05352685154558354,0.81065768379854,NIRISS_SOSS
2.103382873311951,0.05365311966636679,0.8125699991949457,NIRISS_SOSS
2.102397779749873,0.053780153399174274,0.814493909692732,NIRISS_SOSS
2.1014127003418164,0.053765351347379295,0.814269734411035,NIRISS_SOSS
2.1004276350763895,0.05446149730899586,0.824812780686589,NIRISS_SOSS
2.0994425839421913,0.049699801429000844,0.7526974732928309,NIRISS_SOSS
2.098457546927809,0.04653166274283195,0.7047163965972386,NIRISS_SOSS
2.097472524021823,0.051637170301728846,0.7820386902275052,NIRISS_SOSS
2.0964875152128046,0.05434769339662304,0.8230892342169671,NIRISS_SOSS
2.095502520489318,0.05397917776222873,0.8175081095665244,NIRISS_SOSS
2.094517539839922,0.054683934349775164,0.8281815627289176,NIRISS_SOSS
2.093532573253168,0.05451768414279571,0.8256637234794668,NIRISS_SOSS
2.0925476207176046,0.05339180612105766,0.8086124372000077,NIRISS_SOSS
2.091562682221776,0.05413011217183235,0.819793992919678,NIRISS_SOSS
2.090577757754225,0.05428629725774828,0.8221593971296502,NIRISS_SOSS
2.0895928473034897,0.05460175785539014,0.826937009674193,NIRISS_SOSS
2.0886079508581084,0.05466662930190257,0.8279194798747733,NIRISS_SOSS
2.0876230684066193,0.0546982389724346,0.8283982045066025,NIRISS_SOSS
2.086638199937561,0.05480044246062436,0.8299460639569475,NIRISS_SOSS
2.0856533454394732,0.05490944240396974,0.8315968548974774,NIRISS_SOSS
2.084668504900898,0.04970656905244658,0.7527999681302616,NIRISS_SOSS
2.083683678310382,0.05451037310673002,0.825552998723722,NIRISS_SOSS
2.082698865656472,0.05535946500267399,0.838412392650747,NIRISS_SOSS
2.0817140669277245,0.05423347571118184,0.8213594212043385,NIRISS_SOSS
2.0807292821126984,0.05210577587405694,0.7891356648656468,NIRISS_SOSS
2.0797445111999595,0.0552797272714233,0.8372047743683232,NIRISS_SOSS
2.0787597541780816,0.0553413055726356,0.8381373702821796,NIRISS_SOSS
2.077775011035647,0.05566545840799113,0.8430466257141428,NIRISS_SOSS
2.0767902817612462,0.05569098255383672,0.843433185811639,NIRISS_SOSS
2.0758055663434805,0.05527512068102518,0.8371350081146669,NIRISS_SOSS
2.074820864770962,0.05508163070100539,0.8342046258016423,NIRISS_SOSS
2.0738361770323133,0.05506798449354997,0.8339979556424789,NIRISS_SOSS
2.072851503116171,0.05329218783018593,0.8071037302499405,NIRISS_SOSS
2.0718668430111835,0.05289697140991302,0.8011182254312095,NIRISS_SOSS
2.0708821967060147,0.05495464866706403,0.832281498276922,NIRISS_SOSS
2.069897564189345,0.05400685911165055,0.8179273402509147,NIRISS_SOSS
2.0689129454498625,0.05553840675718948,0.841122443850505,NIRISS_SOSS
2.0679283404762976,0.05526696608557142,0.8370115077541567,NIRISS_SOSS
2.0669437492573226,0.055465385124663834,0.8400165400698573,NIRISS_SOSS
2.0659591717818437,0.0558133809680332,0.8452868949704643,NIRISS_SOSS
2.0649746080382227,0.05604159375311442,0.848743149960721,NIRISS_SOSS
2.0639900580160804,0.05536833203878346,0.8385466828387014,NIRISS_SOSS
2.0630055217791217,0.05512044319791699,0.8347924363666259,NIRISS_SOSS
2.0620209993761174,0.0554911344157322,0.8404065099644841,NIRISS_SOSS
2.0610364906615635,0.055563150602576314,0.8414971863920586,NIRISS_SOSS
2.0600519956224246,0.0556572618933876,0.8429224904931862,NIRISS_SOSS
2.059067514248649,0.05462439263902483,0.8272798107309476,NIRISS_SOSS
2.058083046528735,0.056268040503649995,0.8521726585716758,NIRISS_SOSS
2.05709859245179,0.056548047976633105,0.8564133378371369,NIRISS_SOSS
2.056114152006743,0.0563587165196529,0.8535459358518909,NIRISS_SOSS
2.0551297251826175,0.05639609400512683,0.854112013342451,NIRISS_SOSS
2.0541453119684454,0.05656184371297125,0.8566222725931192,NIRISS_SOSS
2.053160912353295,0.05657889730817496,0.8568805472270475,NIRISS_SOSS
2.052176526326262,0.05648061157505349,0.8553920217027163,NIRISS_SOSS
2.0511921538764764,0.0564414891063629,0.8547995166526821,NIRISS_SOSS
2.050207794993098,0.056796519848196655,0.8601764142385064,NIRISS_SOSS
2.0492234496653197,0.05672461235398993,0.8590873839477609,NIRISS_SOSS
2.0482391178823693,0.05669113186448714,0.8585803259892022,NIRISS_SOSS
2.047254799633509,0.05674002910907989,0.859320868836411,NIRISS_SOSS
2.046270494908037,0.05732180459492979,0.8681317881083622,NIRISS_SOSS
2.045286203695288,0.05697371255002226,0.8628599762471111,NIRISS_SOSS
2.0443019259846342,0.053535238751251,0.8107847070125643,NIRISS_SOSS
2.043317661765484,0.057139330327285215,0.8653682374251016,NIRISS_SOSS
2.0423334110272875,0.05722573729418901,0.8666768604737529,NIRISS_SOSS
2.0413491737595333,0.05687350792090854,0.8613423892753826,NIRISS_SOSS
2.0403649499517504,0.057014311618461745,0.8634748442215052,NIRISS_SOSS
2.039380739593511,0.05680421690241763,0.8602929851924609,NIRISS_SOSS
2.038396542674429,0.05669498925050618,0.8586387456332766,NIRISS_SOSS
2.037412359184161,0.057148082600022666,0.8655007895356862,NIRISS_SOSS
2.036428189112408,0.055483807673091474,0.8402955473345625,NIRISS_SOSS
2.035444032448916,0.05705245632590158,0.8640525411958175,NIRISS_SOSS
2.0344598891834784,0.05617694596223256,0.8507930427747471,NIRISS_SOSS
2.033475759305933,0.05729472275915231,0.8677216369855059,NIRISS_SOSS
2.032491642806167,0.057044787099151575,0.8639363916855407,NIRISS_SOSS
2.0315075396741142,0.05712257411858793,0.8651144666737952,NIRISS_SOSS
2.0305234498997593,0.055705379422122815,0.8436512246381673,NIRISS_SOSS
2.0295393734731375,0.057151693216032605,0.86555547187786,NIRISS_SOSS
2.028555310384334,0.05734628202431368,0.868502495811818,NIRISS_SOSS
2.027571260623485,0.05753943371827853,0.8714277548235118,NIRISS_SOSS
2.0265872241807816,0.05781950227633865,0.875669359215066,NIRISS_SOSS
2.0256032010464664,0.05776428318283376,0.8748330727317482,NIRISS_SOSS
2.0246191912108378,0.05777450646443133,0.8749879030933593,NIRISS_SOSS
2.0236351946642483,0.05759120154859261,0.8722117723438015,NIRISS_SOSS
2.022651211397109,0.057933066194984985,0.8773892710087667,NIRISS_SOSS
2.0216672413998853,0.05774006336608012,0.8744662665403768,NIRISS_SOSS
2.0206832846631007,0.058053916719087675,0.879219537559593,NIRISS_SOSS
2.0196993411773385,0.05808943768286217,0.8797574982538663,NIRISS_SOSS
2.0187154109332415,0.05826058370943076,0.8823494840980415,NIRISS_SOSS
2.017731493921513,0.058010197548819524,0.8785574160208922,NIRISS_SOSS
2.016747590132915,0.05648990772463665,0.855532810762258,NIRISS_SOSS
2.0157636995582764,0.05824067948908177,0.8820480370915389,NIRISS_SOSS
2.0147798221884843,0.05835964605381143,0.8838497713058348,NIRISS_SOSS
2.013795958014493,0.05883078004672945,0.8909850385675834,NIRISS_SOSS
2.0128121070273193,0.058332949589842614,0.8834454565923466,NIRISS_SOSS
2.011828269218046,0.05865890303189163,0.8883819819946037,NIRISS_SOSS
2.0108444445778244,0.05825406850492556,0.8822508121148936,NIRISS_SOSS
2.0098606330978703,0.058557196302703195,0.8868416458991693,NIRISS_SOSS
2.0088768347694668,0.058662976639202814,0.8884436762839601,NIRISS_SOSS
2.007893049583973,0.058114169542742504,0.8801320592763757,NIRISS_SOSS
2.006909277532801,0.058999941435892905,0.8935469673186254,NIRISS_SOSS
2.0059255186074747,0.05872519964030111,0.8893860360995077,NIRISS_SOSS
2.004941772799474,0.05945506230040664,0.9004397176901076,NIRISS_SOSS
2.0039580401006796,0.06065100700677613,0.9185521554222426,NIRISS_SOSS
2.0029743205021893,0.061051017652395845,0.9246102682032024,NIRISS_SOSS
2.001990613997018,0.061311552279000266,0.9285560335686955,NIRISS_SOSS
2.0010069206663332,0.061324505080368255,0.9287522021766461,NIRISS_SOSS
2.0000232405339804,0.06112260509220638,0.9256944513088807,NIRISS_SOSS
1.9990395734710285,0.058876936465495466,0.8916840719395991,NIRISS_SOSS
1.9980559194677352,0.05991964647336592,0.907475788721857,NIRISS_SOSS
1.997072278517248,0.0595363838476028,0.901671322673203,NIRISS_SOSS
1.9960886506114215,0.059281781228738964,0.8978153968464909,NIRISS_SOSS
1.9951050357427305,0.05888933732943873,0.8918718815220997,NIRISS_SOSS
1.9941214339035382,0.05793401273067382,0.8774036061771353,NIRISS_SOSS
1.9931378450863548,0.05820820117733696,0.8815561569937469,NIRISS_SOSS
1.992154269283752,0.05890774249502282,0.8921506255257446,NIRISS_SOSS
1.9911707064883912,0.05922118946586941,0.8968977419363516,NIRISS_SOSS
1.9901871566930167,0.05916745212682096,0.8960838964448152,NIRISS_SOSS
1.9892036198904588,0.056470461295338524,0.8552382969457757,NIRISS_SOSS
1.9882200960736325,0.05913386337853953,0.8955751989201657,NIRISS_SOSS
1.9872365852355414,0.058096239419330016,0.8798605097288853,NIRISS_SOSS
1.9862530873692754,0.05596760440283936,0.8476225902119628,NIRISS_SOSS
1.9852696024680143,0.055428252892439425,0.8394541769100575,NIRISS_SOSS
1.9842861305250263,0.058952695570820196,0.8928314344142422,NIRISS_SOSS
1.9833026715336706,0.059384186696558414,0.8993663152538649,NIRISS_SOSS
1.9823192254873978,0.05917944622668236,0.8962655456345608,NIRISS_SOSS
1.98133579237975,0.058956542286682075,0.8928896924600785,NIRISS_SOSS
1.9803523722043626,0.05881791435722079,0.8907901892581918,NIRISS_SOSS
1.9793689649549637,0.05805204562653619,0.8791912000895166,NIRISS_SOSS
1.9783855706253777,0.05727470517926043,0.8674184731624556,NIRISS_SOSS
1.9774021892095235,0.058612072701189,0.8876727423079283,NIRISS_SOSS
1.9764188207014168,0.059055496734493534,0.8943883455873989,NIRISS_SOSS
1.9754354650951693,0.05896243101031962,0.8929788764663614,NIRISS_SOSS
1.974452122384992,0.05864055836496846,0.8881041542358511,NIRISS_SOSS
1.9734687925651948,0.05779542088176615,0.8753046494108632,NIRISS_SOSS
1.9724854756301862,0.05815673157195797,0.8807766560539798,NIRISS_SOSS
1.9715021715744763,0.05977298676916715,0.9052546452643325,NIRISS_SOSS
1.9705188803926763,0.056040618128708516,0.8487283742472556,NIRISS_SOSS
1.9695356020795,0.060066115960964214,0.9096940513720051,NIRISS_SOSS
1.9685523366297635,0.06042648327294904,0.9151517706664333,NIRISS_SOSS
1.9675690840383877,0.060178550851128026,0.9113968641660795,NIRISS_SOSS
1.9665858443003983,0.060768370905935044,0.920329617460575,NIRISS_SOSS
1.9656026174109265,0.06031909169699781,0.9135253382552918,NIRISS_SOSS
1.9646194033652098,0.059824168059163005,0.9060297797025412,NIRISS_SOSS
1.9636362021585938,0.060233990918145054,0.9122364972664756,NIRISS_SOSS
1.9626530137865317,0.06013011555949019,0.9106633175404237,NIRISS_SOSS
1.961669838244586,0.060294833740378126,0.9131579544402685,NIRISS_SOSS
1.9606866755284298,0.06015503304352827,0.9110406898183205,NIRISS_SOSS
1.9597035256338458,0.06050737696817004,0.9163768958831838,NIRISS_SOSS
1.95872038855673,0.06021646281812537,0.9119710363145784,NIRISS_SOSS
1.957737264293089,0.059833256143748306,0.9061674176428899,NIRISS_SOSS
1.9567541528390449,0.06082200725196024,0.9211419334250059,NIRISS_SOSS
1.955771054190832,0.06077680265182813,0.920457315230922,NIRISS_SOSS
1.9547879683448013,0.06059296429941142,0.9176731056489974,NIRISS_SOSS
1.9538048952974187,0.05815598489458163,0.8807653477155484,NIRISS_SOSS
1.9528218350452677,0.05370592775902752,0.813369771362485,NIRISS_SOSS
1.9518387875850487,0.0562405858468318,0.8517568611193118,NIRISS_SOSS
1.950855752913581,0.05818012450284889,0.8811309391591077,NIRISS_SOSS
1.949872731027803,0.059148737243275136,0.8958004618001509,NIRISS_SOSS
1.948889721924777,0.059680820506896846,0.9038587983848876,NIRISS_SOSS
1.947906725601669,0.05951638839320611,0.9013684939380977,NIRISS_SOSS
1.9469237420558263,0.05813879115733414,0.88050495064734,NIRISS_SOSS
1.9459407712845378,0.0569538315059349,0.8625588802422839,NIRISS_SOSS
1.9449578132857275,0.0532391926732323,0.8063011250163413,NIRISS_SOSS
1.9439748680561375,0.05142398557471045,0.7788100333564993,NIRISS_SOSS
1.9429919355953553,0.053358746853159396,0.8081117585916339,NIRISS_SOSS
1.942009016014578,0.059937413256271,0.9077448644971455,NIRISS_SOSS
1.9410261092999535,0.06048981013114796,0.9161108482640771,NIRISS_SOSS
1.940043215348259,0.0600945744421847,0.9101250516233645,NIRISS_SOSS
1.9390603341562571,0.05960845827479103,0.9027628811437356,NIRISS_SOSS
1.9380774657231816,0.05791256079247628,0.8770787191712669,NIRISS_SOSS
1.9370946100472903,0.06190834867375589,0.9375944426867793,NIRISS_SOSS
1.9361117671274037,0.059707548197965414,0.9042635860290195,NIRISS_SOSS
1.9351289369623206,0.0609143191349975,0.9225399857133296,NIRISS_SOSS
1.9341461195510252,0.061445326007444706,0.9305820204840947,NIRISS_SOSS
1.9331633148926182,0.06146057212413141,0.9308129210747943,NIRISS_SOSS
1.9321805229863411,0.06069883126356668,0.919276447999141,NIRISS_SOSS
1.9311977438315686,0.060423685951097275,0.9151094055657836,NIRISS_SOSS
1.9302149774278134,0.06134082944225816,0.9289994326603574,NIRISS_SOSS
1.9292322237747246,0.061086832072999205,0.925152673265607,NIRISS_SOSS
1.9282494828720902,0.06136537459086146,0.9293711659631895,NIRISS_SOSS
1.927266754719836,0.06204761355593036,0.9397035924603632,NIRISS_SOSS
1.9262840393180294,0.06128889122483103,0.9282128346478767,NIRISS_SOSS
1.9253013366668772,0.06047867600679499,0.9159422232992515,NIRISS_SOSS
1.9243186467667281,0.06266435235207798,0.9490440268322217,NIRISS_SOSS
1.9233359696180743,0.06181986511550798,0.9362543699137258,NIRISS_SOSS
1.9223533052215498,0.06167844073929648,0.9341125148644963,NIRISS_SOSS
1.9213706535779338,0.0596899833479058,0.9039975685022186,NIRISS_SOSS
1.9203880146881498,0.060482640869885695,0.9160022706705591,NIRISS_SOSS
1.919405388553268,0.06176373872992358,0.9354043426017498,NIRISS_SOSS
1.9184227751745047,0.06309329235344345,0.9555402712021964,NIRISS_SOSS
1.9174401745532237,0.05988265421746691,0.9069155454865523,NIRISS_SOSS
1.916457586690938,0.05863797398390788,0.8880650140976938,NIRISS_SOSS
1.9154750115893093,0.06330139523683269,0.9586919641669218,NIRISS_SOSS
1.9144924492501498,0.06301080593827636,0.9542910244347632,NIRISS_SOSS
1.9135098996754214,0.06288994063976074,0.9524605341272424,NIRISS_SOSS
1.9125273628672401,0.06210714684858963,0.9406052169673635,NIRISS_SOSS
1.9115448388278728,0.06251409357601444,0.9467683758672037,NIRISS_SOSS
1.9105623275597405,0.06280031713171516,0.9511031969525675,NIRISS_SOSS
1.9095798290654187,0.06287986282809702,0.952307906890161,NIRISS_SOSS
1.9085973433476382,0.06297201363333016,0.9537035196746502,NIRISS_SOSS
1.907614870409286,0.0630516706281617,0.9549099152137842,NIRISS_SOSS
1.9066324102534054,0.06327899143291357,0.9583526612699845,NIRISS_SOSS
1.9056499628831982,0.06287599960717741,0.9522493988772243,NIRISS_SOSS
1.904667528302025,0.06290911184937033,0.9527508797748748,NIRISS_SOSS
1.903685106513405,0.0625095219894992,0.9466991397431144,NIRISS_SOSS
1.9027026975210188,0.062902610413367,0.9526524163140204,NIRISS_SOSS
1.9017203013287076,0.06279936503501687,0.9510887775633843,NIRISS_SOSS
1.9007379179404749,0.06323662422097606,0.9577110149764599,NIRISS_SOSS
1.8997555473604875,0.06293168401744,0.9530927325264809,NIRISS_SOSS
1.8987731895930748,0.06284385904021883,0.9517626338833142,NIRISS_SOSS
1.8977908446427318,0.06309913260993456,0.9556287211794166,NIRISS_SOSS
1.8968085125141196,0.06219289308420753,0.9419038333207138,NIRISS_SOSS
1.8958261932120644,0.061699380494293556,0.9344296449178263,NIRISS_SOSS
1.8948438867415593,0.06278841172301307,0.9509228909796877,NIRISS_SOSS
1.8938615931077678,0.06305282849621219,0.9549274509851747,NIRISS_SOSS
1.892879312316019,0.0630305978640281,0.954590770753191,NIRISS_SOSS
1.8918970443718148,0.06369540366188449,0.9646591740443344,NIRISS_SOSS
1.890914789280825,0.06324979440926594,0.9579104758830139,NIRISS_SOSS
1.8899325470488948,0.06295610596456525,0.9534625999578493,NIRISS_SOSS
1.8889503176820337,0.06325163365411433,0.9579383310234842,NIRISS_SOSS
1.8879681011864426,0.06314004605091986,0.9562483502879421,NIRISS_SOSS
1.8869858975684566,0.06287556633122465,0.9522428369653956,NIRISS_SOSS
1.8860037068827709,0.06282991744133798,0.9515514900567886,NIRISS_SOSS
1.8850215292689605,0.06367862025780255,0.9644049914222211,NIRISS_SOSS
1.8840393645549356,0.06371892439538927,0.9650153927045706,NIRISS_SOSS
1.883057212745029,0.06406115561359073,0.9701984430551873,NIRISS_SOSS
1.8820750738481324,0.0638765478844281,0.9674025813556283,NIRISS_SOSS
1.8810929478709881,0.06373388399630894,0.9652419540486796,NIRISS_SOSS
1.8801108348214657,0.05970981461815465,0.9042979106882899,NIRISS_SOSS
1.8791287347072718,0.06238289816762156,0.9447814372967145,NIRISS_SOSS
1.8781466475364117,0.06144654438361835,0.930600472643682,NIRISS_SOSS
1.8771645733170361,0.06020766913074718,0.9118378569842758,NIRISS_SOSS
1.87618251205749,0.05654287634008173,0.8563350140279247,NIRISS_SOSS
1.8752004637663,0.057907863669930525,0.8770075818191995,NIRISS_SOSS
1.8742184284521777,0.06140297358242577,0.929940598136661,NIRISS_SOSS
1.8732364061240219,0.06160304326987128,0.9329706293217523,NIRISS_SOSS
1.8722543967909175,0.06314265750167668,0.9562879003933704,NIRISS_SOSS
1.8712724004621373,0.06402027044490356,0.9695792421271928,NIRISS_SOSS
1.8702904171471428,0.06444255134029384,0.9759746351436852,NIRISS_SOSS
1.8693084468555845,0.06447998527527973,0.9765415675552673,NIRISS_SOSS
1.8683264895973035,0.06198598293889424,0.9387702042296912,NIRISS_SOSS
1.867344545382332,0.06470998114266012,0.9800248271109884,NIRISS_SOSS
1.8663626142208947,0.061402348105862446,0.9299311253698636,NIRISS_SOSS
1.8653806961234078,0.065091549764013,0.9858036376680173,NIRISS_SOSS
1.8643987911004831,0.06547415797378221,0.9915981926657024,NIRISS_SOSS
1.8634168991629254,0.06334348927026053,0.9593294732050032,NIRISS_SOSS
1.8624350203217352,0.065687860708363,0.9948346946985025,NIRISS_SOSS
1.8614531545881097,0.06482767954134203,0.9818073551040839,NIRISS_SOSS
1.8604713019734427,0.06260192285656098,0.9480985396837122,NIRISS_SOSS
1.8594894624893268,0.06476062679102797,0.9807918493216147,NIRISS_SOSS
1.8585076361475523,0.06475326908004533,0.9806804176799055,NIRISS_SOSS
1.8575258229601097,0.06535265044835335,0.9897579759093634,NIRISS_SOSS
1.85654402293919,0.06543026843661638,0.99093349094097,NIRISS_SOSS
1.8555622360971862,0.0649373616331613,0.9834684771006331,NIRISS_SOSS
1.8545804624466922,0.06608646916205309,1.0008715714525134,NIRISS_SOSS
1.8535987020005056,0.06593907821013578,0.9986393533368563,NIRISS_SOSS
1.852616954771628,0.06580790182774748,0.996652702912902,NIRISS_SOSS
1.8516352207732663,0.06603616179303776,1.0001096724417107,NIRISS_SOSS
1.850653500018832,0.06457370985999221,0.977961015039364,NIRISS_SOSS
1.8496717925219437,0.06534463957793955,0.9896366522471762,NIRISS_SOSS
1.848690098296427,0.06189801265186034,0.9374379048870096,NIRISS_SOSS
1.847708417356316,0.06103931293791953,0.9244330017200652,NIRISS_SOSS
1.8467267497158537,0.06401947310719647,0.9695671665441877,NIRISS_SOSS
1.845745095389493,0.06432101375285516,0.9741339631018485,NIRISS_SOSS
1.844763454391897,0.06466265500787852,0.9793080785315857,NIRISS_SOSS
1.8437818267379416,0.06285959389883279,0.9520009364113085,NIRISS_SOSS
1.8428002124427136,0.06469999153339555,0.9798735356885595,NIRISS_SOSS
1.8418186115215147,0.06497451235583,0.9840311202959723,NIRISS_SOSS
1.8408370239898604,0.06475030081610035,0.9806354636819576,NIRISS_SOSS
1.8398554498634796,0.06320504486834712,0.9572327495056012,NIRISS_SOSS
1.838873889158318,0.06276957750449495,0.9506376490213213,NIRISS_SOSS
1.837892341890541,0.0646528511552142,0.9791596003703701,NIRISS_SOSS
1.8369108080765217,0.06602167868722525,0.9998903275582893,NIRISS_SOSS
1.8359292877328772,0.0676534235464745,1.0246029058242216,NIRISS_SOSS
1.8349477808763737,0.06840765870271397,1.0360257059169158,NIRISS_SOSS
1.8339662875241844,0.06813879795563772,1.0319538424652879,NIRISS_SOSS
1.8329848076932735,0.0683138173418308,1.0346044898718572,NIRISS_SOSS
1.8320033414471735,0.06821907130760081,1.0331695726585297,NIRISS_SOSS
1.8310218889629946,0.06839277147358618,1.0358002406348294,NIRISS_SOSS
1.830040450056087,0.06805190811035465,1.0306379062820659,NIRISS_SOSS
1.829059024741444,0.06706189272465134,1.0156442431704646,NIRISS_SOSS
1.828077613039383,0.06748984018388011,1.0221254556099901,NIRISS_SOSS
1.8270962149676995,0.0682213582699028,1.03320420842561,NIRISS_SOSS
1.826114830545541,0.06867494880862132,1.0400737821982677,NIRISS_SOSS
1.825133459791873,0.0674013915602687,1.0207859119177756,NIRISS_SOSS
1.8241521027260295,0.06477427600645004,0.9809985650360687,NIRISS_SOSS
1.823170759367528,0.06662719255389397,1.0090607617326877,NIRISS_SOSS
1.822189429736131,0.06677632455904531,1.0113193478887081,NIRISS_SOSS
1.8212081138518288,0.0633991189711712,0.9601719782877512,NIRISS_SOSS
1.8202268117348435,0.06601217319033445,0.9997463679591284,NIRISS_SOSS
1.8192455234056306,0.06569751033571597,0.9949808371360568,NIRISS_SOSS
1.81826424888488,0.0652102849270563,0.9876018673317991,NIRISS_SOSS
1.8172829881935155,0.06373644657849498,0.9652807640455221,NIRISS_SOSS
1.816301741352697,0.06627641461600603,1.003748272347548,NIRISS_SOSS
1.8153205083838195,0.06669883882535753,1.0101458358366258,NIRISS_SOSS
1.8143392893085168,0.06746878651011368,1.0218066002706954,NIRISS_SOSS
1.8133580841486603,0.0671708544258167,1.01729445493781,NIRISS_SOSS
1.8123768929263597,0.06480650903952453,0.9814867304181054,NIRISS_SOSS
1.8113957156639655,0.06684402669310392,1.012344688509339,NIRISS_SOSS
1.810414552384067,0.06716364246231364,1.017185230624027,NIRISS_SOSS
1.8094334031094972,0.06688054393676146,1.0128977377417774,NIRISS_SOSS
1.8084522678633301,0.06770708841982466,1.025415653831534,NIRISS_SOSS
1.8074711466688833,0.06778864792688179,1.0266508626879036,NIRISS_SOSS
1.8064900395497183,0.06687910420879162,1.0128759332360455,NIRISS_SOSS
1.8055089465296414,0.06748767503228748,1.0220926646513502,NIRISS_SOSS
1.8045278676327048,0.06525010275672827,0.9882049035396784,NIRISS_SOSS
1.8035468028832071,0.06752507969886305,1.0226591537964027,NIRISS_SOSS
1.8025657523056948,0.06493341390927114,0.9834086893004419,NIRISS_SOSS
1.8015847159249616,0.06553615803915071,0.9925371761466227,NIRISS_SOSS
1.8006036937660517,0.06719586253803864,1.0176731997685748,NIRISS_SOSS
1.7996226858542583,0.06814325108880402,1.032021284627754,NIRISS_SOSS
1.7986416922151258,0.06885636695732475,1.0428213380880755,NIRISS_SOSS
1.7976607128744502,0.06921487587245245,1.0482509121871808,NIRISS_SOSS
1.7966797478582803,0.06919083135996368,1.0478867609576692,NIRISS_SOSS
1.7956987971929181,0.06558377604200492,0.9932583450326358,NIRISS_SOSS
1.7947178609049195,0.06158331313124467,0.9326718187618513,NIRISS_SOSS
1.793736939021096,0.060320866802428964,0.9135522220120562,NIRISS_SOSS
1.7927560315685147,0.060677056166332,0.9189466667887942,NIRISS_SOSS
1.7917751385744993,0.061821571696249675,0.9362802158723678,NIRISS_SOSS
1.7907942600666324,0.06963575187791862,1.0546250283159246,NIRISS_SOSS
1.7898133960727534,0.0697493120100864,1.0563448827638664,NIRISS_SOSS
1.7888325466209625,0.07020577548915248,1.0632579668701343,NIRISS_SOSS
1.7878517117396182,0.07002437854009227,1.0605107320463554,NIRISS_SOSS
1.7868708914573435,0.07025890631586791,1.0640626268058444,NIRISS_SOSS
1.785890085803015,0.0695468217015972,1.05327819156624,NIRISS_SOSS
1.7849092948057959,0.06826857105310483,1.0339192403090682,NIRISS_SOSS
1.7839285184950424,0.06845409958743548,1.0367290474913746,NIRISS_SOSS
1.7829477569005756,0.06553848230980099,0.9925723769441192,NIRISS_SOSS
1.7819670100519578,0.06882899138294511,1.0424067383296656,NIRISS_SOSS
1.7809862779801822,0.07035535225478691,1.0655232888698043,NIRISS_SOSS
1.7800055607977308,0.06747156832270271,1.0218487304854393,NIRISS_SOSS
1.7790248586559956,0.07017908661032149,1.06285376703264,NIRISS_SOSS
1.7780441713863269,0.06909879117101103,1.0464928234433508,NIRISS_SOSS
1.7770634990165086,0.06946235862981698,1.0519990085738018,NIRISS_SOSS
1.7760828415801089,0.06888831987665997,1.0433052611814566,NIRISS_SOSS
1.7751021991081282,0.06934863317845481,1.0502766503866836,NIRISS_SOSS
1.774121571632983,0.06898010407501452,1.0446953217491708,NIRISS_SOSS
1.77314095918695,0.06945748401037655,1.0519251830527618,NIRISS_SOSS
1.7721603618027186,0.07016783323279967,1.0626833359930152,NIRISS_SOSS
1.7711797795132096,0.07040653567651307,1.0662984555928103,NIRISS_SOSS
1.7701992123516317,0.0703387807726944,1.0652723157805544,NIRISS_SOSS
1.769218660351467,0.07134667415931573,1.0805367390507798,NIRISS_SOSS
1.7682381235464752,0.0717937170107587,1.087307148892667,NIRISS_SOSS
1.7672576019706943,0.07174409660181678,1.0865556538089756,NIRISS_SOSS
1.7662770956584415,0.07165734447183074,1.0852418033072477,NIRISS_SOSS
1.765296604644314,0.06891879147283128,1.0437667498149297,NIRISS_SOSS
1.7643161289631886,0.0709783973279629,1.0749592310434781,NIRISS_SOSS
1.7633356686502248,0.07045443722658883,1.0670239187671517,NIRISS_SOSS
1.7623552237408637,0.07039898498911189,1.0661841013466145,NIRISS_SOSS
1.7613747942708307,0.07148312423365462,1.0826032589006072,NIRISS_SOSS
1.760394380276134,0.07170431547665959,1.085953173486527,NIRISS_SOSS
1.759413981793067,0.06812491008637556,1.03174351236733,NIRISS_SOSS
1.7584335988582103,0.07165708605972022,1.0852378896871313,NIRISS_SOSS
1.7574532315084297,0.0689150414793862,1.043709956618381,NIRISS_SOSS
1.7564728797808782,0.07162470256638628,1.0847474456026882,NIRISS_SOSS
1.755492543712998,0.06718544082903224,1.0175153642478894,NIRISS_SOSS
1.7545122233425208,0.07148816800340649,1.0826796461826271,NIRISS_SOSS
1.7535319187074674,0.07146471854553882,1.0823245069832825,NIRISS_SOSS
1.7525516298461505,0.07118106146788092,1.0780285548970405,NIRISS_SOSS
1.7515713567971734,0.07195395021782154,1.0897338614071246,NIRISS_SOSS
1.7505910995994325,0.07218735963221619,1.0932688187189477,NIRISS_SOSS
1.7496108582921177,0.07237799101246305,1.0961559078846281,NIRISS_SOSS
1.7486306329147132,0.07127943258443183,1.0795183735430696,NIRISS_SOSS
1.747650423506999,0.07074644816484545,1.0714463890603907,NIRISS_SOSS
1.746670230109049,0.0717280234094298,1.0863122272569656,NIRISS_SOSS
1.7456900527612367,0.0720402718160391,1.0910411915573621,NIRISS_SOSS
1.7447098915042312,0.07247358301291257,1.097603637153892,NIRISS_SOSS
1.7437297463790005,0.07247918397421789,1.0976884630345054,NIRISS_SOSS
1.7427496174268127,0.07211523773036835,1.0921765412504454,NIRISS_SOSS
1.7417695046892356,0.07089916484049608,1.0737592646169687,NIRISS_SOSS
1.740789408208139,0.07205590200815391,1.0912779089239035,NIRISS_SOSS
1.7398093280256928,0.07228270353311594,1.0947127905505787,NIRISS_SOSS
1.7388292641843714,0.07227238018931965,1.094556444759087,NIRISS_SOSS
1.7378492167269506,0.07128512602226107,1.0796045999694377,NIRISS_SOSS
1.7368691856965186,0.07100268541504866,1.0753270711807608,NIRISS_SOSS
1.7358891711364401,0.0717886685375892,1.0872306903779565,NIRISS_SOSS
1.734909173090479,0.07091141783247852,1.073944834696532,NIRISS_SOSS
1.7339291916024275,0.07002597132081843,1.0605348545175448,NIRISS_SOSS
1.7329492267171702,0.06751754814394686,1.022545089309375,NIRISS_SOSS
1.7319692784778888,0.07221852328994577,1.0937407885409023,NIRISS_SOSS
1.7309893469323263,0.07033332136032551,1.0651896336414395,NIRISS_SOSS
1.7300094322812465,0.07036273768790753,1.0656351403599356,NIRISS_SOSS
1.729029534592044,0.07293937332402595,1.1046579750019048,NIRISS_SOSS
1.728049653735602,0.0735065291984741,1.1132474820298184,NIRISS_SOSS
1.7270697897548077,0.07446643074220716,1.1277850746519924,NIRISS_SOSS
1.7260899426978982,0.07388698284507998,1.119009406429343,NIRISS_SOSS
1.7251101126109956,0.0738340506559334,1.1182077548355553,NIRISS_SOSS
1.724130299541493,0.07263690050510814,1.100077060793134,NIRISS_SOSS
1.7231505035367594,0.07365539429113295,1.115502025828467,NIRISS_SOSS
1.7221707246445948,0.07385629738272617,1.1185446788184383,NIRISS_SOSS
1.7211909629130822,0.073870135330606,1.118754252863107,NIRISS_SOSS
1.7202112183906335,0.0747969828763411,1.132791246688909,NIRISS_SOSS
1.719231491125977,0.07466301901346842,1.1307623802106221,NIRISS_SOSS
1.7182517811681646,0.07499157267183806,1.135738285574132,NIRISS_SOSS
1.7172720885665669,0.07444512897062011,1.1274624619012525,NIRISS_SOSS
1.7162924133708783,0.07329120714468994,1.1099864556038055,NIRISS_SOSS
1.7153127556311167,0.07204864822657965,1.0911680512804969,NIRISS_SOSS
1.7143331153976233,0.07517758107069403,1.138555360246556,NIRISS_SOSS
1.7133534927210652,0.07166937294258552,1.0854239730400108,NIRISS_SOSS
1.712373887652434,0.07148672142676397,1.0826577379545772,NIRISS_SOSS
1.7113943002430496,0.07149829762664012,1.0828330580996597,NIRISS_SOSS
1.7104147305445574,0.07444162361460727,1.1274093737089863,NIRISS_SOSS
1.7094351786089326,0.0734066718751735,1.1117351549625658,NIRISS_SOSS
1.7084556444884795,0.07520281987770568,1.1389375989219706,NIRISS_SOSS
1.7074761282358322,0.07485419932125326,1.1336577828173824,NIRISS_SOSS
1.7064966299039546,0.07509022417150714,1.1372323505885273,NIRISS_SOSS
1.7055171495461443,0.07527793540494439,1.1400752144844473,NIRISS_SOSS
1.7045376872160303,0.07564870916802434,1.1456905382203426,NIRISS_SOSS
1.7035582429675744,0.0754949649756318,1.1433621010471553,NIRISS_SOSS
1.7025788168550748,0.07518649562846876,1.138690370144375,NIRISS_SOSS
1.7015994089331623,0.07441532707935612,1.1270111158674903,NIRISS_SOSS
1.7006200192568055,0.07073863721943414,1.0713280932381526,NIRISS_SOSS
1.6996406478813084,0.07570584788769877,1.1465558972095042,NIRISS_SOSS
1.6986612948623143,0.07224804665993449,1.0941879164036834,NIRISS_SOSS
1.697681960255804,0.07521182496631844,1.1390739798983671,NIRISS_SOSS
1.696702644118097,0.07587227174768481,1.149076366412708,NIRISS_SOSS
1.6957233465058543,0.07575984851659806,1.1473737301939435,NIRISS_SOSS
1.6947440674760774,0.07564163506911863,1.145583401849189,NIRISS_SOSS
1.693764807086109,0.07647618588202215,1.1582225728346978,NIRISS_SOSS
1.6927855653936366,0.07650061885220406,1.158592607208924,NIRISS_SOSS
1.6918063424566883,0.07649036917664821,1.1584373771140115,NIRISS_SOSS
1.6908271383336402,0.07552499348218514,1.1438168791420285,NIRISS_SOSS
1.6898479530832062,0.07591452387720768,1.149716269797001,NIRISS_SOSS
1.6888687867644698,0.07588056575996997,1.1492019782242444,NIRISS_SOSS
1.6878896394367884,0.07584513957888699,1.1486654530023546,NIRISS_SOSS
1.6869105111600886,0.07126602167356186,1.079315266922195,NIRISS_SOSS
1.6859314019939937,0.07593659204298156,1.150050489494879,NIRISS_SOSS
1.6849523120002827,0.07308315917836546,1.1068355943513746,NIRISS_SOSS
1.683973241236607,0.07492414046259294,1.1347170329321097,NIRISS_SOSS
1.6829941897696277,0.07465803180480737,1.1306868495394722,NIRISS_SOSS
1.6820151579496898,0.0756055965966738,1.1450376035487815,NIRISS_SOSS
1.6810361456620413,0.07475699279624337,1.1321856017691936,NIRISS_SOSS
1.6800571528570516,0.07581942970637193,1.1482760800969434,NIRISS_SOSS
1.6790781795962462,0.07614178173417957,1.153158062516697,NIRISS_SOSS
1.6780992259430925,0.07656987457410581,1.159641476729278,NIRISS_SOSS
1.6771202919607016,0.07497530338950154,1.1354918892635857,NIRISS_SOSS
1.6761413777128138,0.07206128667955317,1.0913594591200853,NIRISS_SOSS
1.6751624832634313,0.07650779307380194,1.1587012599261244,NIRISS_SOSS
1.674183608676948,0.07648428146831268,1.1583451795085777,NIRISS_SOSS
1.6732047540181074,0.07504976364106121,1.1366195807552666,NIRISS_SOSS
1.6722259193520161,0.07687590538992094,1.1642762763701349,NIRISS_SOSS
1.6712471047441417,0.07734449791592395,1.1713730534232631,NIRISS_SOSS
1.6702683102603142,0.07440107198128669,1.126795224133723,NIRISS_SOSS
1.6692895359667266,0.07658472879867605,1.1598664421613374,NIRISS_SOSS
1.6683107819299359,0.0735392403303269,1.1137428881599478,NIRISS_SOSS
1.6673320482168648,0.07675537822848909,1.1624509071077946,NIRISS_SOSS
1.6663533348948005,0.07603925955283904,1.1516053764971819,NIRISS_SOSS
1.6653746420313973,0.07760684892647737,1.1753463277036742,NIRISS_SOSS
1.6643959696946768,0.07736966974670059,1.1717542777517105,NIRISS_SOSS
1.6634173179530294,0.07797816137679583,1.1809698097925543,NIRISS_SOSS
1.6624386868752137,0.07774265439100901,1.177403085016042,NIRISS_SOSS
1.6614600765303584,0.07824323227927042,1.1849842765066938,NIRISS_SOSS
1.6604814869879634,0.07557861905166689,1.1446290318970143,NIRISS_SOSS
1.6595029183178998,0.07853938952496722,1.1894695421239376,NIRISS_SOSS
1.658524370590412,0.07826405896751978,1.1852996941778238,NIRISS_SOSS
1.6575458438761164,0.07754378996285761,1.174391307336986,NIRISS_SOSS
1.656567338246004,0.0767757286854182,1.1627591123132577,NIRISS_SOSS
1.6555888537714412,0.0702384369275349,1.0637526203986736,NIRISS_SOSS
1.6546103905241707,0.07663629001304947,1.16064733050823,NIRISS_SOSS
1.6536319485763105,0.07652393575589723,1.1589457388913502,NIRISS_SOSS
1.6526535280003565,0.07729832725686515,1.1706738043837381,NIRISS_SOSS
1.6516751288691842,0.07787484216067861,1.1794050527778783,NIRISS_SOSS
1.6506967512560466,0.07821203090911091,1.1845117355345556,NIRISS_SOSS
1.6497183952345782,0.07310043460329262,1.107097228569598,NIRISS_SOSS
1.648740060878793,0.07363740125863272,1.1152295235304617,NIRISS_SOSS
1.647761748263088,0.07477123644163283,1.13240132005351,NIRISS_SOSS
1.6467834574622422,0.07807618059032131,1.1824542989098836,NIRISS_SOSS
1.6458051885514178,0.07732073160715146,1.1710131155553403,NIRISS_SOSS
1.6448269416061632,0.07692363290828229,1.1649991038552396,NIRISS_SOSS
1.6438487167024034,0.07739883103512676,1.1721959219330802,NIRISS_SOSS
1.6428705139164779,0.0770077163673178,1.1662725376586354,NIRISS_SOSS
1.641892333325027,0.07606361894219725,1.1519742964987452,NIRISS_SOSS
1.6409141750053333,0.07593878331690566,1.1500836760730653,NIRISS_SOSS
1.6399360390343363,0.07315201523984842,1.1078784110630904,NIRISS_SOSS
1.638957925491322,0.07554034283384567,1.1440493432139036,NIRISS_SOSS
1.6379798344514167,0.07419909674245197,1.1237363336036312,NIRISS_SOSS
1.6370017660381144,0.07782509486575442,1.178651636021353,NIRISS_SOSS
1.6360237207441684,0.0788986606027534,1.194910659084197,NIRISS_SOSS
1.635045698200751,0.07935513192412086,1.2018238619611692,NIRISS_SOSS
1.6340676984800662,0.07932922922748756,1.2014315687578412,NIRISS_SOSS
1.633089721667387,0.07762995694742794,1.1756962958822623,NIRISS_SOSS
1.6321117678411792,0.07877802701948562,1.1930836780760408,NIRISS_SOSS
1.631133837083312,0.07966063361086295,1.2064506480063,NIRISS_SOSS
1.6301559294749444,0.07912359465004637,1.1983172579877521,NIRISS_SOSS
1.6291780450980136,0.07903463817507246,1.1969700229481604,NIRISS_SOSS
1.6282001840347293,0.07912725122676957,1.1983726363993619,NIRISS_SOSS
1.6272223463677429,0.07991978220637022,1.2103754220986949,NIRISS_SOSS
1.6262445321800925,0.07930700621774699,1.201095003966841,NIRISS_SOSS
1.6252667415552216,0.07873428120173397,1.1924211529644295,NIRISS_SOSS
1.6242889745769737,0.07811511106405188,1.1830438962195016,NIRISS_SOSS
1.6233112313295974,0.07782904234953375,1.1787114201850948,NIRISS_SOSS
1.6223335118977436,0.07739658604971447,1.1721619219009105,NIRISS_SOSS
1.621355816366468,0.07671646771225551,1.1618616120520515,NIRISS_SOSS
1.6203781448212327,0.0776801678979674,1.1764567346469257,NIRISS_SOSS
1.6194004973479044,0.07727876799703366,1.1703775817624933,NIRISS_SOSS
1.618422874032759,0.07717633012064712,1.1688261725312958,NIRISS_SOSS
1.617445274962479,0.07287789946187105,1.1037269608049236,NIRISS_SOSS
1.6164677002241559,0.07450996745627093,1.128444432913576,NIRISS_SOSS
1.6154901499052914,0.07828060429659886,1.1855502711828527,NIRISS_SOSS
1.6145126240937973,0.07918061632951813,1.1991808444172194,NIRISS_SOSS
1.6135351228779968,0.07794195894333057,1.1804215283223498,NIRISS_SOSS
1.612557646346626,0.07838033912697216,1.1870607431095568,NIRISS_SOSS
1.6115801945888326,0.07802671899739301,1.1817052090754834,NIRISS_SOSS
1.6106027676941792,0.07657859399941096,1.1597735313694786,NIRISS_SOSS
1.6096253657526431,0.07841586890162681,1.187598837243543,NIRISS_SOSS
1.6086479888546168,0.07858367230752716,1.1901401995025362,NIRISS_SOSS
1.6076706370909095,0.07762996870907461,1.1756964740109765,NIRISS_SOSS
1.6066933105527472,0.0784176804474958,1.187626272886325,NIRISS_SOSS
1.6057160093317748,0.07850710811957619,1.1889806441490256,NIRISS_SOSS
1.6047387335200551,0.07888629283985124,1.1947233508129549,NIRISS_SOSS
1.6037614832100713,0.08004888313008227,1.2123306399523646,NIRISS_SOSS
1.6027842584947267,0.07588254914876333,1.1492320164073033,NIRISS_SOSS
1.6018070594673477,0.07786012258535822,1.1791821265923998,NIRISS_SOSS
1.6008298862216759,0.07988019314502527,1.2097758505594212,NIRISS_SOSS
1.5998527388519028,0.07891412657509948,1.19514488936223,NIRISS_SOSS
1.5988756174525542,0.07889833629341242,1.194905747458506,NIRISS_SOSS
1.5978985221188593,0.07427065194499849,1.1248200284798504,NIRISS_SOSS
1.5969214529456477,0.07576010573243801,1.147377625696687,NIRISS_SOSS
1.595944410030478,0.07852802126907699,1.1892973712653367,NIRISS_SOSS
1.5949673934655244,0.07744173451279114,1.1728456899060888,NIRISS_SOSS
1.593990403355214,0.07891955133833883,1.1952270467444746,NIRISS_SOSS
1.5930134401470863,0.07852020336096407,1.189178969993826,NIRISS_SOSS
1.5920365038419408,0.07624832224791914,1.1547716056937187,NIRISS_SOSS
1.5910595942877643,0.07497360668547537,1.1354661928866043,NIRISS_SOSS
1.5900827115780756,0.07205457605516404,1.0912578275264635,NIRISS_SOSS
1.5891058558142825,0.07559700340967752,1.1449074607724794,NIRISS_SOSS
1.5881290270947428,0.07811995433962726,1.1831172470415015,NIRISS_SOSS
1.587152225519601,0.07867543454418532,1.1915299274630184,NIRISS_SOSS
1.586175451188957,0.07992752061696258,1.210492619389885,NIRISS_SOSS
1.5851987042035083,0.07840890792775876,1.1874934141373839,NIRISS_SOSS
1.5842219846643362,0.07737538361814633,1.1718408136427256,NIRISS_SOSS
1.583245292672976,0.07729418397906557,1.1706110549432729,NIRISS_SOSS
1.5822686283313965,0.07854918796374893,1.1896179382925571,NIRISS_SOSS
1.581291991742007,0.07565938292945644,1.1458521910444883,NIRISS_SOSS
1.580315383007657,0.07869587018741171,1.1918394228046365,NIRISS_SOSS
1.5793388022316366,0.07942351936034872,1.2028595814001537,NIRISS_SOSS
1.5783622495176768,0.0719950358179262,1.0903560978446618,NIRISS_SOSS
1.5773857249699523,0.07122912147415837,1.0787564178713656,NIRISS_SOSS
1.5764092286930806,0.07581893615913411,1.1482686053838023,NIRISS_SOSS
1.5754327607921235,0.0755374039905667,1.144004834788379,NIRISS_SOSS
1.5744563213725882,0.07814372251929527,1.1834772132439106,NIRISS_SOSS
1.5734799105404271,0.0793779712616981,1.2021697609626096,NIRISS_SOSS
1.57250352840204,0.08058254916324957,1.2204129473901735,NIRISS_SOSS
1.5715271750642736,0.07495223440338795,1.1351425122628762,NIRISS_SOSS
1.5705508506344235,0.07895942461872707,1.1958309227467356,NIRISS_SOSS
1.5695745552202345,0.07793395989264133,1.1803003836684596,NIRISS_SOSS
1.5685982889299006,0.07627386731369189,1.155158482620978,NIRISS_SOSS
1.567622051872068,0.07917244926299659,1.199057155183898,NIRISS_SOSS
1.5666458441558337,0.08008131928135852,1.2128218815349665,NIRISS_SOSS
1.5656696658907474,0.08058452017550842,1.2204427981321162,NIRISS_SOSS
1.5646935171868133,0.07982224823458425,1.2088982819087408,NIRISS_SOSS
1.5637173981544872,0.07961925123494173,1.2058239169349647,NIRISS_SOSS
1.5627413089046822,0.0791867174574619,1.199273245260995,NIRISS_SOSS
1.5617652495487673,0.07958404375144855,1.205290703861585,NIRISS_SOSS
1.5607892201985674,0.07928500357224737,1.2007617765655811,NIRISS_SOSS
1.5598132209663635,0.07994614518197718,1.2107746861713327,NIRISS_SOSS
1.558837251964901,0.08014781246044558,1.213828912678975,NIRISS_SOSS
1.5578613133073675,0.08074422021236137,1.2228614358483194,NIRISS_SOSS
1.5568854051074617,0.07995524863894637,1.2109125569245738,NIRISS_SOSS
1.5559095274791908,0.08017804915753914,1.2142868437943648,NIRISS_SOSS
1.5549336805374585,0.08018321023275608,1.2143650076534462,NIRISS_SOSS
1.553957864396488,0.07706567838267557,1.1671503653612083,NIRISS_SOSS
1.5529820791735187,0.08160822268108094,1.2359466485941495,NIRISS_SOSS
1.5520063251810148,0.08136990905989494,1.2323374176644402,NIRISS_SOSS
1.5510306028957546,0.08062140420787896,1.2210014023351898,NIRISS_SOSS
1.5500549118904468,0.08088703135411787,1.2250242932937712,NIRISS_SOSS
1.5490792522703947,0.08164722409511385,1.2365373202860548,NIRISS_SOSS
1.5481036241605264,0.08136515830707064,1.2322654680882994,NIRISS_SOSS
1.5471280276762291,0.08187652110166505,1.2400099956791597,NIRISS_SOSS
1.5461524629374237,0.0824456649556286,1.2486296104160617,NIRISS_SOSS
1.5451769300630254,0.08201884143009443,1.2421654198162166,NIRISS_SOSS
1.544201429172923,0.07450085029690262,1.1283063546391598,NIRISS_SOSS
1.5432259603873126,0.08173391817316907,1.2378502915983212,NIRISS_SOSS
1.5422505238269166,0.08209423905794241,1.2433073077582544,NIRISS_SOSS
1.5412751196129129,0.08079515392134284,1.2236328207020508,NIRISS_SOSS
1.5402997478669598,0.08021234445539349,1.2148062419267232,NIRISS_SOSS
1.5393244087111893,0.08080639550001491,1.2238030730495248,NIRISS_SOSS
1.5383491022682092,0.0813082967831756,1.2314043071956444,NIRISS_SOSS
1.537373828661105,0.08224404058873078,1.2455760337989585,NIRISS_SOSS
1.5363985880134396,0.0820870202687559,1.2431979800703223,NIRISS_SOSS
1.5354233804492536,0.08195675461688796,1.2412251225497966,NIRISS_SOSS
1.5344482060930684,0.07838663817745316,1.1871561414661873,NIRISS_SOSS
1.5334730650698842,0.08211283272934264,1.2435889066596542,NIRISS_SOSS
1.5324979575051827,0.08186815978951896,1.2398833646193805,NIRISS_SOSS
1.5315228835249275,0.07783248345262575,1.1787635352746568,NIRISS_SOSS
1.530547843255566,0.07931883602339337,1.201274164940599,NIRISS_SOSS
1.5295728368240267,0.08059211336747112,1.2205577961047482,NIRISS_SOSS
1.5285978643577245,0.0823852112895318,1.2477140469648202,NIRISS_SOSS
1.5276229259845582,0.08162570960275373,1.2362114859049702,NIRISS_SOSS
1.526648021832913,0.08150285931896575,1.2343509332359095,NIRISS_SOSS
1.5256731520316609,0.08102932669070588,1.2271793389324173,NIRISS_SOSS
1.5246983167101615,0.0815581682098876,1.2351885796902313,NIRISS_SOSS
1.5237235159982632,0.08007578923423954,1.2127381296411164,NIRISS_SOSS
1.522748750026303,0.08047988214716513,1.2188580678660035,NIRISS_SOSS
1.5217740189251079,0.08029063901992228,1.2159920036239318,NIRISS_SOSS
1.5207993228259993,0.07763357439083445,1.1757510816245302,NIRISS_SOSS
1.5198246618607762,0.08239448145518113,1.247854442500831,NIRISS_SOSS
1.5188500361617745,0.07842778186860833,1.1877792576856492,NIRISS_SOSS
1.5178754458616897,0.0780000008566436,1.1813005660697786,NIRISS_SOSS
1.5169008910941106,0.08054447158924767,1.2198362671436478,NIRISS_SOSS
1.5159263719919776,0.081820739948182,1.2391651968655462,NIRISS_SOSS
1.5149518886917661,0.08152983150248934,1.234759423688661,NIRISS_SOSS
1.513977441323458,0.0817683236819991,1.2383713588625578,NIRISS_SOSS
1.5130030301400006,0.08118914242185622,1.2295997288247422,NIRISS_SOSS
1.5120286559782148,0.07856282166819402,1.1898244190951432,NIRISS_SOSS
1.5110543181764853,0.07838703689520446,1.1871621799982406,NIRISS_SOSS
1.5100800168548443,0.08084641714950702,1.2244091960838948,NIRISS_SOSS
1.5091057521613425,0.08140995539069434,1.2329439144942196,NIRISS_SOSS
1.508131524229164,0.0809486868753905,1.2259580586960888,NIRISS_SOSS
1.507157333198388,0.08087101428510447,1.224781716723457,NIRISS_SOSS
1.506183179207246,0.07724768166344151,1.1699067830052352,NIRISS_SOSS
1.5052090623952812,0.06858485197675063,1.0387092765915875,NIRISS_SOSS
1.5042349829022765,0.07471732610635565,1.1315848545550415,NIRISS_SOSS
1.5032609408686048,0.07527060077922408,1.1399641324662402,NIRISS_SOSS
1.5022869364351215,0.07358139104577228,1.11438125564032,NIRISS_SOSS
1.501312969743195,0.0797924272916462,1.2084466473396822,NIRISS_SOSS
1.500339040934702,0.08198083433327939,1.2415898069381501,NIRISS_SOSS
1.4993651501520273,0.07689941075500172,1.1646322622774508,NIRISS_SOSS
1.4983912975380662,0.08184827054017206,1.2395821443468913,NIRISS_SOSS
1.4974174832362261,0.08141929674169826,1.2330853881238042,NIRISS_SOSS
1.4964437073904246,0.08101572713207564,1.2269733752640613,NIRISS_SOSS
1.4954699701450926,0.08124378031615842,1.2304272131165266,NIRISS_SOSS
1.4944962716451742,0.08149788263894586,1.2342755620197545,NIRISS_SOSS
1.4935226120361278,0.08224033870221227,1.2455199691759866,NIRISS_SOSS
1.4925489914639258,0.08189738179150602,1.2403259283002765,NIRISS_SOSS
1.4915754100750578,0.08102399636321438,1.2270986117681364,NIRISS_SOSS
1.4906018680165298,0.0806559958471115,1.2215252885218295,NIRISS_SOSS
1.489628365435864,0.07836420888757747,1.1868164525875247,NIRISS_SOSS
1.4886549024811024,0.07459323716385587,1.1297055425498097,NIRISS_SOSS
1.487681479300805,0.07888080859780272,1.1946402926313493,NIRISS_SOSS
1.4867080960440524,0.0811333112799008,1.2287541729417688,NIRISS_SOSS
1.4857347528604452,0.08117137483617119,1.2293306408914484,NIRISS_SOSS
1.4847614499001054,0.08124511891879865,1.2304474860913892,NIRISS_SOSS
1.4837881873136811,0.07996942739542606,1.2111272924742105,NIRISS_SOSS
1.4828149652523288,0.08129910417232729,1.2312650862177021,NIRISS_SOSS
1.4818417838677762,0.08140542234354414,1.232875262044146,NIRISS_SOSS
1.4808686433121292,0.08194385993440709,1.2410298341453523,NIRISS_SOSS
1.4798955437384618,0.08170676765744393,1.2374391003259757,NIRISS_SOSS
1.4789224852991016,0.08195234601139305,1.2411583547535205,NIRISS_SOSS
1.4779494681502843,0.08139288015335047,1.2326853120926997,NIRISS_SOSS
1.476976492441027,0.08160785984395523,1.2359411534698255,NIRISS_SOSS
1.4760035584839442,0.08166767032347227,1.2368469759382155,NIRISS_SOSS
1.4750306672599032,0.08132107594950029,1.231597846121894,NIRISS_SOSS
1.4740578179674428,0.08153193016736927,1.2347912077140897,NIRISS_SOSS
1.4730850107413533,0.08119189807556243,1.2296414628663739,NIRISS_SOSS
1.4721122457524254,0.08098112498085755,1.2264493298746735,NIRISS_SOSS
1.4711395231522835,0.08091397778471147,1.225432393721517,NIRISS_SOSS
1.4701668431012724,0.08125081549977814,1.230533760120387,NIRISS_SOSS
1.46919420575726,0.07717646533600521,1.1688282203515177,NIRISS_SOSS
1.4682216112796842,0.08152054185514582,1.2346187331047511,NIRISS_SOSS
1.4672490598281802,0.08146854199245453,1.2338312014822108,NIRISS_SOSS
1.4662765515630278,0.08056348957607849,1.2201242922508533,NIRISS_SOSS
1.465304086645011,0.0817519428168153,1.2381232726433038,NIRISS_SOSS
1.464331665235464,0.0818300172816513,1.2393057009573223,NIRISS_SOSS
1.4633592874962569,0.08207240135319924,1.2429765783647742,NIRISS_SOSS
1.462386953589801,0.08240704647464453,1.2480447381988025,NIRISS_SOSS
1.4614146636790488,0.08236663390541407,1.2474326947323413,NIRISS_SOSS
1.4604424179274955,0.08222215331852202,1.2452445537425052,NIRISS_SOSS
1.4594702164991786,0.07980561024238472,1.2086463015319753,NIRISS_SOSS
1.4584980595586792,0.08227585934452382,1.2460579250017425,NIRISS_SOSS
1.457525947271123,0.0807386669458385,1.2227773322994098,NIRISS_SOSS
1.4565538798021818,0.08075014255126257,1.2229511289536992,NIRISS_SOSS
1.4555818573180717,0.08080541524183067,1.2237882271580478,NIRISS_SOSS
1.4546098799855578,0.07783691683877358,1.17883067837092,NIRISS_SOSS
1.453637947971952,0.07240352637337642,1.0965426378329677,NIRISS_SOSS
1.4526660614451141,0.07814274829942194,1.183462458801921,NIRISS_SOSS
1.4516942205734547,0.07733964596057054,1.1712995711470764,NIRISS_SOSS
1.4507224255259323,0.08133160057560451,1.2317572403095614,NIRISS_SOSS
1.4497506764720596,0.08165889397761149,1.2367140592430934,NIRISS_SOSS
1.448778973581896,0.08228005194471014,1.246121421423781,NIRISS_SOSS
1.4478073170260632,0.08213260565958662,1.2438883652934174,NIRISS_SOSS
1.4468357069757112,0.08253576459055957,1.24999415847475,NIRISS_SOSS
1.4458641436026194,0.08170609441041725,1.2374289040812962,NIRISS_SOSS
1.4448926270788949,0.08098623505073703,1.2265267212640965,NIRISS_SOSS
1.4439211575778503,0.07567784827950465,1.1461318465345531,NIRISS_SOSS
1.4429497352716487,0.08117737802623991,1.2294215584779677,NIRISS_SOSS
1.4419783603368241,0.08154517933904612,1.2349918648144733,NIRISS_SOSS
1.4410070332837868,0.07952935356547886,1.2044624276188294,NIRISS_SOSS
1.4400357549808305,0.08144876599261026,1.2335316963597232,NIRISS_SOSS
1.439064524600667,0.08259604920060114,1.25090716159251,NIRISS_SOSS
1.4380933422929358,0.08270947986419823,1.2526250552546292,NIRISS_SOSS
1.4371222082501334,0.08271510708977275,1.2527102789044187,NIRISS_SOSS
1.4361511226430033,0.08250386219497964,1.2495110005575236,NIRISS_SOSS
1.4351800856519663,0.08251810097885784,1.2497266452148408,NIRISS_SOSS
1.4342090974546822,0.07987860710904127,1.2097518302365349,NIRISS_SOSS
1.4332381582305127,0.08304329510274065,1.257680646612604,NIRISS_SOSS
1.4322672681590125,0.08201361605592412,1.242086282157274,NIRISS_SOSS
1.4312964274204212,0.08189813466604698,1.2403373304940155,NIRISS_SOSS
1.4303256361955088,0.0810252713815479,1.227117921766375,NIRISS_SOSS
1.4293548946656252,0.08116640636200638,1.2292553939519748,NIRISS_SOSS
1.4283842030126843,0.08235242270960626,1.2472174678930088,NIRISS_SOSS
1.4274135614191727,0.08234492904026752,1.247103977178463,NIRISS_SOSS
1.4264429700681456,0.0819166389946466,1.2406175763095206,NIRISS_SOSS
1.4254724291432295,0.08176857432073317,1.2383751547558295,NIRISS_SOSS
1.4245019388286235,0.08092626193522613,1.225618435693277,NIRISS_SOSS
1.4235314993090993,0.08144018024166097,1.233401666201452,NIRISS_SOSS
1.4225611107700027,0.0820202769548631,1.2421871606649757,NIRISS_SOSS
1.4215907733972526,0.0791074033858325,1.1980720432522243,NIRISS_SOSS
1.4206204873773443,0.08197324640255176,1.241474888646286,NIRISS_SOSS
1.4196502528973483,0.08250418887480855,1.249515948083967,NIRISS_SOSS
1.4186800701449125,0.08288618039353927,1.2553011633705642,NIRISS_SOSS
1.4177099393082608,0.08267044320860288,1.2520338498335293,NIRISS_SOSS
1.4167398605762,0.08264285305441738,1.251616000289948,NIRISS_SOSS
1.4157698341381006,0.08253873725051632,1.2500391790497638,NIRISS_SOSS
1.4147998601839633,0.08243741547691882,1.2485046730601306,NIRISS_SOSS
1.4138299389042126,0.08201768356024218,1.2421478840175386,NIRISS_SOSS
1.412860070490335,0.08188864129702045,1.24019355456989,NIRISS_SOSS
1.4118902551329673,0.08176835202479665,1.238371788110794,NIRISS_SOSS
1.4109204930273738,0.08281446393243305,1.254215026252989,NIRISS_SOSS
1.4099507843589671,0.08237077165044047,1.2474953603796266,NIRISS_SOSS
1.4089811293362355,0.08209788931845804,1.2433625905116654,NIRISS_SOSS
1.4080115287625583,0.08212621668728562,1.2437916050817137,NIRISS_SOSS
1.4070419832327972,0.08233844359856944,1.2470057559494245,NIRISS_SOSS
1.4060724919557057,0.08320486223936051,1.260127561328645,NIRISS_SOSS
1.4051030550975163,0.08268461403684313,1.2522484653109398,NIRISS_SOSS
1.404133672870999,0.08347471227996761,1.26421440751098,NIRISS_SOSS
1.4031643454664804,0.0830347999012442,1.2575519878148294,NIRISS_SOSS
1.4021950730841055,0.08237141141834471,1.2475050495870514,NIRISS_SOSS
1.4012258559212796,0.07860340940130961,1.19043911539743,NIRISS_SOSS
1.4002566941771304,0.07928217353730879,1.2007189160291938,NIRISS_SOSS
1.3992875880510105,0.08325048737161027,1.2608185484307182,NIRISS_SOSS
1.3983185377429834,0.0817679567422834,1.2383658016050052,NIRISS_SOSS
1.3973495434536687,0.08275901278293607,1.2533752253097763,NIRISS_SOSS
1.3963806053842944,0.08281766133001268,1.2542634504520824,NIRISS_SOSS
1.3954117237366792,0.08318199321322667,1.2597812126976107,NIRISS_SOSS
1.3944428987132413,0.07974172492551408,1.2076787661453854,NIRISS_SOSS
1.3934741305169949,0.08331486810037433,1.2617935867704324,NIRISS_SOSS
1.3925054193515525,0.08320827039665254,1.2601791774580566,NIRISS_SOSS
1.3915367654211261,0.08277239698513725,1.2535779274310968,NIRISS_SOSS
1.3905681689305271,0.0793336665886626,1.20149877205541,NIRISS_SOSS
1.3895996300851678,0.08289183638888034,1.2553868227349836,NIRISS_SOSS
1.3886311490910612,0.0827837382444718,1.2537496894301317,NIRISS_SOSS
1.3876627261548236,0.08283560709769713,1.254535236930177,NIRISS_SOSS
1.3866943614836713,0.08297917217414107,1.2567095126251577,NIRISS_SOSS
1.3857260552854322,0.0824987815233329,1.249434054400775,NIRISS_SOSS
1.3847578077685136,0.08323887985905346,1.2606427540588794,NIRISS_SOSS
1.3837896191420087,0.08281688178170321,1.25425164428735,NIRISS_SOSS
1.3828214896153592,0.08276693829835237,1.2534952562808641,NIRISS_SOSS
1.381853419399411,0.08310633183769509,1.2586353303288482,NIRISS_SOSS
1.3808854087032414,0.08294464510909685,1.2561866044067793,NIRISS_SOSS
1.3799174577432212,0.08374581969997907,1.268320296552108,NIRISS_SOSS
1.3789495667192044,0.08007890104522035,1.2127852576415366,NIRISS_SOSS
1.3779817358679707,0.08210208636935251,1.2434261543391398,NIRISS_SOSS
1.3770139662261205,0.08007688551122415,1.2127547326232737,NIRISS_SOSS
1.376046258276155,0.07400509339574922,1.120798176414369,NIRISS_SOSS
1.3750786111639224,0.08053661278970214,1.2197172465763428,NIRISS_SOSS
1.3741110250702162,0.08341248713999316,1.2632720153024122,NIRISS_SOSS
1.3731435002293475,0.08256393928764544,1.250420860849761,NIRISS_SOSS
1.3721760368501834,0.08185992580870724,1.2397586619772385,NIRISS_SOSS
1.3712086351525792,0.08216821229797659,1.2444276235193656,NIRISS_SOSS
1.3702412953532763,0.0822309494650207,1.24537777031589,NIRISS_SOSS
1.3692740176708946,0.08240812972924606,1.2480611439585452,NIRISS_SOSS
1.3683068023242633,0.08235698050014273,1.2472864950786708,NIRISS_SOSS
1.3673396495329593,0.0828919141503239,1.2553880004226283,NIRISS_SOSS
1.3663725595171379,0.08247927542117023,1.2491386368459865,NIRISS_SOSS
1.365405532497587,0.08275603220489543,1.253330084816341,NIRISS_SOSS
1.3644385686957126,0.08259297214546568,1.2508605599651585,NIRISS_SOSS
1.3634716683335417,0.08207637020444239,1.2430366861361677,NIRISS_SOSS
1.3625048316337252,0.08275477780958225,1.2533110871512478,NIRISS_SOSS
1.3615380588195356,0.07918811769232197,1.1992944516483623,NIRISS_SOSS
1.3605713501148706,0.08284232551379851,1.254636986528337,NIRISS_SOSS
1.3596047057442509,0.081985161208652,1.2416553369416226,NIRISS_SOSS
1.3586381259328242,0.08309873657982439,1.2585203010682897,NIRISS_SOSS
1.357671610906363,0.07921053463636929,1.19963395355095,NIRISS_SOSS
1.3567051608912688,0.0825641768014316,1.250424457967286,NIRISS_SOSS
1.3557387761145607,0.08310798239583941,1.258660327832038,NIRISS_SOSS
1.3547724568039243,0.08343231459425224,1.2635722996957806,NIRISS_SOSS
1.3538062031875493,0.0834587232616847,1.263972255765582,NIRISS_SOSS
1.3528400154946427,0.08348179949810605,1.2643217425713245,NIRISS_SOSS
1.3518738939538835,0.08008611442466768,1.212894503399624,NIRISS_SOSS
1.35090783879787,0.0824082866030613,1.2480635197934775,NIRISS_SOSS
1.3499418502512741,0.08319509140680151,1.2599795832529248,NIRISS_SOSS
1.3489759285582275,0.08346515017689592,1.2640695906180652,NIRISS_SOSS
1.3480100746206796,0.08338490474676899,1.2628542832976504,NIRISS_SOSS
1.34704428960848,0.08348390313903395,1.2643536019583967,NIRISS_SOSS
1.346078572191045,0.08355047238633066,1.2653617851462273,NIRISS_SOSS
1.345112922550423,0.08389209568656367,1.2705356286528393,NIRISS_SOSS
1.3441473409512574,0.08311418635329414,1.2587542860163028,NIRISS_SOSS
1.343181827616322,0.0833990228904786,1.2630681008742253,NIRISS_SOSS
1.342216382786305,0.0830993742181478,1.2585299580234708,NIRISS_SOSS
1.341251006696249,0.08358217366211965,1.2658418971285783,NIRISS_SOSS
1.3402856995839791,0.08297302295167983,1.25661638339574,NIRISS_SOSS
1.339320461687262,0.08341266611966276,1.2632747259278314,NIRISS_SOSS
1.338355293244727,0.08333889087863401,1.2621574088376768,NIRISS_SOSS
1.3373901944955766,0.08381279085624486,1.2693345666025986,NIRISS_SOSS
1.3364251656796777,0.08256056778115496,1.2503697997922998,NIRISS_SOSS
1.335460207037534,0.08353581552463972,1.2651398087510715,NIRISS_SOSS
1.3344953188102957,0.08051843841111701,1.2194419978138453,NIRISS_SOSS
1.3335305012397578,0.08316706411727451,1.25955511334754,NIRISS_SOSS
1.3325657545683605,0.08172013285170987,1.237641514574419,NIRISS_SOSS
1.3316010790391903,0.08263849196886658,1.2515499521774702,NIRISS_SOSS
1.330636474895984,0.0828056811227029,1.2540820116633484,NIRISS_SOSS
1.3296719423831165,0.08145114020255215,1.2335676534817424,NIRISS_SOSS
1.3287074817456426,0.08284465957254807,1.2546723355654115,NIRISS_SOSS
1.3277430932291625,0.08310505621755393,1.258616011216306,NIRISS_SOSS
1.326778777080266,0.08302268111232407,1.257368450224391,NIRISS_SOSS
1.3258145335451181,0.08371238734544972,1.2678139675918922,NIRISS_SOSS
1.3248503628738268,0.08344997813190065,1.2638398118341614,NIRISS_SOSS
1.3238862653075425,0.08414012943432723,1.2742920697223212,NIRISS_SOSS
1.3229222411142256,0.08386827914676145,1.2701749300420548,NIRISS_SOSS
1.3219582904994736,0.08373761601706986,1.26819605276803,NIRISS_SOSS
1.3209944137838934,0.08322374137282365,1.2604134835184138,NIRISS_SOSS
1.3200306134285515,0.08058392731214117,1.2204338192882236,NIRISS_SOSS
1.3190668878872511,0.08286850297689798,1.2550334410365172,NIRISS_SOSS
1.3181032369751209,0.08224256646911036,1.2455537084358441,NIRISS_SOSS
1.3171396609570916,0.07936542141183225,1.2019796950063557,NIRISS_SOSS
1.3161761600812725,0.08221675298741907,1.2451627663820075,NIRISS_SOSS
1.3152127346041544,0.08151680061147841,1.234562072422526,NIRISS_SOSS
1.3142493847799588,0.08288447476623909,1.2552753318516785,NIRISS_SOSS
1.3132861108645912,0.0814542602363485,1.233614906015708,NIRISS_SOSS
1.3123229131142797,0.0822787073989907,1.2461010584417036,NIRISS_SOSS
1.3113597917860225,0.08283738725906062,1.2545621972584242,NIRISS_SOSS
1.3103967471374471,0.0829318397043038,1.2559926681021043,NIRISS_SOSS
1.309433779426855,0.08332114389281298,1.2618886328868284,NIRISS_SOSS
1.3084708889132077,0.08384179724355449,1.2697738648253187,NIRISS_SOSS
1.3075080758561346,0.08410479759911851,1.2737569733572705,NIRISS_SOSS
1.3065453405159284,0.08056143751940482,1.2200932141010636,NIRISS_SOSS
1.3055826831535482,0.08389883630983959,1.2706377145759684,NIRISS_SOSS
1.304620104030624,0.08334036365141102,1.262179713803011,NIRISS_SOSS
1.3036576034094396,0.080011274281292,1.2117610584924,NIRISS_SOSS
1.302695181552993,0.08390142988116103,1.2706769938995133,NIRISS_SOSS
1.3017328387248002,0.08394891845722353,1.2713962026324412,NIRISS_SOSS
1.3007705751895362,0.08412835175045236,1.2741136981264802,NIRISS_SOSS
1.2998083912110021,0.08414201726062154,1.2743206606229058,NIRISS_SOSS
1.2988462870583766,0.08349767605279819,1.2645621910692613,NIRISS_SOSS
1.2978842629878555,0.0806640106105307,1.221646671143112,NIRISS_SOSS
1.296922319293062,0.08370258347629106,1.2676654891808716,NIRISS_SOSS
1.2959604561816789,0.0838407864605262,1.2697585566387755,NIRISS_SOSS
1.294998674009521,0.0841435929113604,1.2743445236625122,NIRISS_SOSS
1.294036975978643,0.0834474447784243,1.2638014445025871,NIRISS_SOSS
1.293075359552015,0.08379245437868006,1.269026573112915,NIRISS_SOSS
1.292113824820013,0.08329190378127412,1.2614457949389637,NIRISS_SOSS
1.2911523721039384,0.0828243822086183,1.254365237344571,NIRISS_SOSS
1.2901910016529918,0.08158524620477235,1.2355986726432324,NIRISS_SOSS
1.2892297137484257,0.07851818851269905,1.1891484553608789,NIRISS_SOSS
1.2882685086604082,0.08192129738051314,1.2406881269992729,NIRISS_SOSS
1.2873073866638696,0.08359539217784846,1.266042089948342,NIRISS_SOSS
1.286346348033075,0.08380219925147255,1.2691741580311149,NIRISS_SOSS
1.2853853930433972,0.08295058776652744,1.2562766052338257,NIRISS_SOSS
1.2844245219707602,0.07951753608292221,1.2042834532767734,NIRISS_SOSS
1.2834637350918099,0.07649180235051568,1.158459082358657,NIRISS_SOSS
1.2825030326838642,0.07803648780149065,1.1818531564304018,NIRISS_SOSS
1.2815424150249273,0.08045542720938004,1.2184877007950872,NIRISS_SOSS
1.2805818823936894,0.08275147787317524,1.2532611100140327,NIRISS_SOSS
1.2796214350695192,0.08334142775947768,1.262195829590802,NIRISS_SOSS
1.2786610733324952,0.08375098181187368,1.268398476111547,NIRISS_SOSS
1.277700797463301,0.08393886444931838,1.2712439359004002,NIRISS_SOSS
1.2767406077435788,0.08024528674449864,1.2153051489054432,NIRISS_SOSS
1.2757805044547843,0.07391330817772966,1.119408100403952,NIRISS_SOSS
1.2748204878817775,0.08030260089835634,1.2161731648240626,NIRISS_SOSS
1.2738605583020375,0.0840946936647431,1.2736039504948844,NIRISS_SOSS
1.2729007160162658,0.08421113055797687,1.2753673731407538,NIRISS_SOSS
1.2719409612690398,0.08386204721178203,1.2700805481415671,NIRISS_SOSS
1.2709812944218635,0.08365376689816059,1.2669261680174644,NIRISS_SOSS
1.2700217176074602,0.08359649845813859,1.2660588444293497,NIRISS_SOSS
1.2690622308779056,0.08365790148009043,1.2669887857600353,NIRISS_SOSS
1.2681028329323663,0.07978311097015905,1.2083055527790978,NIRISS_SOSS
1.2671435239961266,0.0794303791140071,1.2029634715384967,NIRISS_SOSS
1.2661843043910386,0.08336635178940036,1.2625733010053282,NIRISS_SOSS
1.2652251743937588,0.08341508342872969,1.2633113357808796,NIRISS_SOSS
1.264266134299708,0.08319087224453835,1.2599156845514496,NIRISS_SOSS
1.2633071843985533,0.0838145400172001,1.2693610574334173,NIRISS_SOSS
1.2623483249828271,0.08318890177958212,1.2598858420983388,NIRISS_SOSS
1.2613895563450621,0.08380291678648367,1.269185025011955,NIRISS_SOSS
1.2604308787787075,0.08154529551650214,1.2349936243079738,NIRISS_SOSS
1.259472292577846,0.08369773188527932,1.2675920124225952,NIRISS_SOSS
1.2585137980372798,0.08387626169107884,1.2702958247089426,NIRISS_SOSS
1.257555395452508,0.08066935509502829,1.2217276127135352,NIRISS_SOSS
1.2565970851197266,0.073970931098818,1.1202807925648834,NIRISS_SOSS
1.2556388673358543,0.07722234975136019,1.1695231342648167,NIRISS_SOSS
1.2546807423984405,0.08410145298566925,1.2737063195916614,NIRISS_SOSS
1.2537227106059787,0.08414416468170323,1.274353183055105,NIRISS_SOSS
1.2527647722568875,0.08393474625809667,1.271181566393119,NIRISS_SOSS
1.2518069276527224,0.08383198627375776,1.2696252788759945,NIRISS_SOSS
1.2508491770884738,0.08419627106913069,1.275142327981873,NIRISS_SOSS
1.2498915208802808,0.08439030402171713,1.2780809335486576,NIRISS_SOSS
1.248933959292853,0.08090337199098402,1.2252717702600264,NIRISS_SOSS
1.2479764927011545,0.08393550162639091,1.2711930063544492,NIRISS_SOSS
1.2470191231674639,0.08417576528621604,1.274831770383171,NIRISS_SOSS
1.2460618514311153,0.08010822195973424,1.2132293193406718,NIRISS_SOSS
1.2451046756500863,0.08395290203783931,1.2714565334783992,NIRISS_SOSS
1.244147596034637,0.08249575374238728,1.2493881990250608,NIRISS_SOSS
1.2431906129421288,0.08313458365015734,1.2590632006068947,NIRISS_SOSS
1.2422337266585126,0.08392727720575599,1.2710684485000272,NIRISS_SOSS
1.2412769374991965,0.08344260993550703,1.263728221392173,NIRISS_SOSS
1.2403202457699711,0.08348440075237312,1.2643611382521505,NIRISS_SOSS
1.2393636517808244,0.08433702263580883,1.2772739934122066,NIRISS_SOSS
1.2384071558413343,0.08121724908272261,1.230025400799449,NIRISS_SOSS
1.237450758262143,0.08453482059354075,1.2802696195259242,NIRISS_SOSS
1.236494459354502,0.08404016892048853,1.272778179846867,NIRISS_SOSS
1.2355382594304118,0.0825716816790921,1.2505381184305073,NIRISS_SOSS
1.234582158802569,0.08347275444912468,1.2641847563999848,NIRISS_SOSS
1.23362615778443,0.08381781303473568,1.2694106268875849,NIRISS_SOSS
1.2326702566900292,0.08422676849208019,1.2756042077587735,NIRISS_SOSS
1.2317144558345783,0.08401679730761266,1.2724242196004951,NIRISS_SOSS
1.2307587555325308,0.08394295876574374,1.2713059438267829,NIRISS_SOSS
1.2298031561036467,0.08390255396185839,1.2706940179655328,NIRISS_SOSS
1.2288476578547864,0.08384881964253425,1.2698802182073554,NIRISS_SOSS
1.227892261131413,0.08266044818313112,1.2518824763832983,NIRISS_SOSS
1.2269369661850138,0.0804904151517738,1.2190175889451058,NIRISS_SOSS
1.2259817734575362,0.08449457833485864,1.2796601553920908,NIRISS_SOSS
1.2250266858924055,0.08450587614615915,1.279831259375912,NIRISS_SOSS
1.2240717029968444,0.08441399777700445,1.2784397726028351,NIRISS_SOSS
1.223116823292859,0.08434677314149833,1.2774216636399496,NIRISS_SOSS
1.2221620470278869,0.08415550830515361,1.2745249808583878,NIRISS_SOSS
1.2212073745628367,0.08460274565414752,1.2812983363421275,NIRISS_SOSS
1.2202528062061722,0.08433990453987804,1.2773176395002952,NIRISS_SOSS
1.219298342287878,0.08418467043272608,1.2749666377485263,NIRISS_SOSS
1.2183439831312795,0.08405255289746028,1.2729657336782292,NIRISS_SOSS
1.2173897290628974,0.08137435587821717,1.2324047641893576,NIRISS_SOSS
1.2164355804091904,0.08453090668404901,1.2802103438407015,NIRISS_SOSS
1.2154815374975898,0.08449208944517111,1.2796224614592129,NIRISS_SOSS
1.2145276006561867,0.08388694948304372,1.2704576900238078,NIRISS_SOSS
1.213573770213801,0.08419563630079652,1.2751327144923312,NIRISS_SOSS
1.2126200465000574,0.08370739256343128,1.2677383222231617,NIRISS_SOSS
1.211666429845037,0.07631182328685067,1.155733321237462,NIRISS_SOSS
1.2107129205804623,0.08204931065633753,1.2426268725574137,NIRISS_SOSS
1.2097595190358768,0.08258921929395943,1.2508037234836198,NIRISS_SOSS
1.2088062255505114,0.08124873188278398,1.2305022039933657,NIRISS_SOSS
1.207853040438124,0.08301714712785395,1.2572846386998349,NIRISS_SOSS
1.2068999640843785,0.0836806521928165,1.2673333425488382,NIRISS_SOSS
1.2059469967055925,0.08275879263077401,1.2533718911319456,NIRISS_SOSS
1.204994138821645,0.08317137734986525,1.2596204367327333,NIRISS_SOSS
1.2040413951559295,0.08149352839021606,1.234209617450103,NIRISS_SOSS
1.2030887622903237,0.0819910179969337,1.2417440372908088,NIRISS_SOSS
1.2021362398372188,0.08337966502300559,1.2627749283158585,NIRISS_SOSS
1.201183828184241,0.08351345000711821,1.264801085696989,NIRISS_SOSS
1.2002315276479334,0.08183007659653173,1.2393065992740024,NIRISS_SOSS
1.1992793385772256,0.07992892715629964,1.210513921257793,NIRISS_SOSS
1.1983272613098077,0.08138938988638038,1.2326324524221584,NIRISS_SOSS
1.1973752961882769,0.0796081594249387,1.2056559328158438,NIRISS_SOSS
1.196423443554599,0.08396023941268342,1.2715676571317533,NIRISS_SOSS
1.1954717037519131,0.08399381798440748,1.2720762005336739,NIRISS_SOSS
1.1945200771239657,0.08402545562430871,1.2725553487582122,NIRISS_SOSS
1.1935685640152844,0.0845984209627536,1.2812328394147479,NIRISS_SOSS
1.19261716477113,0.08413599353212806,1.274229431984431,NIRISS_SOSS
1.1916658797374942,0.0843195804922052,1.27700983425982,NIRISS_SOSS
1.190714709261158,0.08391729749750498,1.2709173070272495,NIRISS_SOSS
1.1897636536894998,0.08273352983578228,1.2529892891614776,NIRISS_SOSS
1.1888127133710829,0.08221937646865102,1.2452024986875248,NIRISS_SOSS
1.1878618886539452,0.08310670396954695,1.2586409662206741,NIRISS_SOSS
1.1869111798902057,0.08303135554326278,1.2574998234303614,NIRISS_SOSS
1.1859605874253485,0.08364727672111298,1.2668278750721305,NIRISS_SOSS
1.18501011282675,0.07776395684351366,1.1777257080791963,NIRISS_SOSS
1.1840597598039226,0.07873006556131802,1.1923573076009037,NIRISS_SOSS
1.1831095243098941,0.08045483861537947,1.2184787866102358,NIRISS_SOSS
1.182159406485951,0.08312840504557246,1.2589696263887733,NIRISS_SOSS
1.181209406816187,0.0840831688462453,1.2734294085145537,NIRISS_SOSS
1.1802595255999222,0.08327015691183906,1.2611164412352236,NIRISS_SOSS
1.179309763214026,0.08311817893901569,1.258814753243497,NIRISS_SOSS
1.178360120007988,0.08327040885856471,1.2611202569378692,NIRISS_SOSS
1.1774105963416253,0.08341298215272229,1.2632795122102418,NIRISS_SOSS
1.1764611925724073,0.08310035246700408,1.2585447734839192,NIRISS_SOSS
1.1755119090595083,0.08315242582733968,1.2593334182193812,NIRISS_SOSS
1.1745627461626096,0.08435128254717685,1.2774899580427979,NIRISS_SOSS
1.1736137042420636,0.08465830895395907,1.2821398357882712,NIRISS_SOSS
1.17266478365951,0.08481981611687547,1.2845858422098368,NIRISS_SOSS
1.1717159847755292,0.08487853898446837,1.285475192927361,NIRISS_SOSS
1.1707673079571645,0.08397358181912741,1.2717697262613932,NIRISS_SOSS
1.169818753555081,0.08339132211700181,1.2629514735925922,NIRISS_SOSS
1.1688703219688463,0.08355540672227844,1.2654365150665385,NIRISS_SOSS
1.1679220134767758,0.08374587483046902,1.2683211314967011,NIRISS_SOSS
1.1669738286099325,0.08396171817156299,1.2715900527558857,NIRISS_SOSS
1.1660257707796573,0.08369204533005417,1.2675058902324325,NIRISS_SOSS
1.1650778404440674,0.08334008082416375,1.2621754304186055,NIRISS_SOSS
1.1641300348906924,0.08345491763151645,1.2639146199575995,NIRISS_SOSS
1.1631823543184456,0.0839368093385088,1.2712128114960923,NIRISS_SOSS
1.1622347991868403,0.08267991261857335,1.2521772629006525,NIRISS_SOSS
1.1612873698297073,0.08219448144667334,1.2448254665948122,NIRISS_SOSS
1.1603400666317272,0.08299224280696159,1.2569074657761858,NIRISS_SOSS
1.1593928899604555,0.0831354981799823,1.259077051050331,NIRISS_SOSS
1.158445840190193,0.08435977640487433,1.2776185964889,NIRISS_SOSS
1.1574989176940669,0.08415702951067991,1.274548019331844,NIRISS_SOSS
1.1565521228466416,0.08463880577315396,1.281844462477089,NIRISS_SOSS
1.155605456022759,0.08443788339770679,1.2788015174354852,NIRISS_SOSS
1.1546589175991055,0.08472106964278495,1.2830903388193315,NIRISS_SOSS
1.15371250794976,0.08004819526955455,1.2123202223879819,NIRISS_SOSS
1.1527662274600563,0.08407474231719039,1.2733017897525891,NIRISS_SOSS
1.1518200764848825,0.08440529685154241,1.2783079981405177,NIRISS_SOSS
1.150874055466378,0.08390825234786843,1.2707803193314997,NIRISS_SOSS
1.1499281646339037,0.08384863699530178,1.2698774520371405,NIRISS_SOSS
1.1489824046317019,0.08368870353056637,1.267455279083929,NIRISS_SOSS
1.148036780423265,0.08395774892484184,1.2715299389950259,NIRISS_SOSS
1.1470912900024746,0.08416632647173262,1.2746888206809939,NIRISS_SOSS
1.1461459315143427,0.08485375087587436,1.2850997800248956,NIRISS_SOSS
1.1452007052531885,0.0828556407482085,1.254838644140813,NIRISS_SOSS
1.144255611647754,0.08011763038009372,1.213371808727523,NIRISS_SOSS
1.1433106510657958,0.077791548028201,1.1781435732296033,NIRISS_SOSS
1.1423658238997254,0.07273238046090458,1.101523093159697,NIRISS_SOSS
1.141421130534329,0.07853261294234049,1.1893669116007959,NIRISS_SOSS
1.1404765713579064,0.08281936432943637,1.2542892421720968,NIRISS_SOSS
1.139532146758751,0.079646676924378,1.2062392756798377,NIRISS_SOSS
1.13858785712584,0.08000769350247419,1.2117068280308871,NIRISS_SOSS
1.1376437028500244,0.07498387388581858,1.135621688392299,NIRISS_SOSS
1.1366996843190813,0.08116413640348608,1.229221015705109,NIRISS_SOSS
1.1357558019336724,0.08357389838622484,1.2657165690774046,NIRISS_SOSS
1.1348120560590924,0.08397135634341653,1.2717360217012885,NIRISS_SOSS
1.1338684471616747,0.08360762219438539,1.2662273120675656,NIRISS_SOSS
1.132924975460914,0.08420471831597842,1.2752702605123005,NIRISS_SOSS
1.1319816416569537,0.08340242336764209,1.2631196006890204,NIRISS_SOSS
1.1310384511798615,0.08367977413173856,1.2673200444201587,NIRISS_SOSS
1.130095401793638,0.08366370698004601,1.2670767093537343,NIRISS_SOSS
1.1291524914380477,0.08355169246487765,1.2653802630880526,NIRISS_SOSS
1.1282097204077632,0.08310831008422455,1.2586652906329432,NIRISS_SOSS
1.127267089152535,0.08437922822729343,1.2779131919835462,NIRISS_SOSS
1.1263245980515852,0.08291057013018248,1.2556705429780832,NIRISS_SOSS
1.12538224751248,0.08290744742633128,1.2556232500064606,NIRISS_SOSS
1.1244400379338668,0.08385598762790167,1.2699887764776003,NIRISS_SOSS
1.1234979697184106,0.08392684014260349,1.271061829231517,NIRISS_SOSS
1.1225560432683535,0.08419864633889268,1.2751783011547395,NIRISS_SOSS
1.121614258987678,0.08430751849592434,1.2768271567870249,NIRISS_SOSS
1.1206726172788615,0.08323550205281573,1.260591597592509,NIRISS_SOSS
1.1197311185521561,0.08205634958043213,1.2427334762103133,NIRISS_SOSS
1.1187897631974355,0.08329095512691309,1.2614314276835614,NIRISS_SOSS
1.1178485516653234,0.08377036811515927,1.2686920793268515,NIRISS_SOSS
1.1169074842537967,0.0839302025687525,1.2711127527683064,NIRISS_SOSS
1.1159665615840626,0.08360207896950557,1.2661433605981236,NIRISS_SOSS
1.1150257876194312,0.08346510548853886,1.26406891381831,NIRISS_SOSS
1.114085163896685,0.08355606364041075,1.2654464640120904,NIRISS_SOSS
1.1131446862635146,0.08324998631776762,1.2608109600309558,NIRISS_SOSS
1.1122043548303127,0.08212480042096292,1.2437701558997862,NIRISS_SOSS
1.1112641701726702,0.08313165069134933,1.2590187813009701,NIRISS_SOSS
1.1103241326361415,0.08450878531374487,1.2798753183666562,NIRISS_SOSS
1.1093842426591924,0.08415373775692507,1.2744981661199049,NIRISS_SOSS
1.1084445006481025,0.0841542763113212,1.2745063224610078,NIRISS_SOSS
1.1075049070210736,0.08406148158134522,1.2731009575142767,NIRISS_SOSS
1.106565462192977,0.08402029010171352,1.2724771175441258,NIRISS_SOSS
1.105626166582698,0.08386675745355227,1.2701518841827004,NIRISS_SOSS
1.1046870206024526,0.08372269904906539,1.2679701370942582,NIRISS_SOSS
1.1037480246876668,0.08321011204074845,1.26020706893484,NIRISS_SOSS
1.102809179208481,0.08276613355796496,1.2534830685851621,NIRISS_SOSS
1.1018704847158236,0.08105400225867167,1.2275530474206986,NIRISS_SOSS
1.1009319413327914,0.08307458716558393,1.2581545611144538,NIRISS_SOSS
1.099993549936637,0.08282367813884545,1.254354574293134,NIRISS_SOSS
1.0990553189852768,0.08190819394547824,1.240489677062681,NIRISS_SOSS
1.0981172418074132,0.08144590391385965,1.2334883505236833,NIRISS_SOSS
1.0971793176068776,0.08190788988820802,1.240485072152149,NIRISS_SOSS
1.096241546959591,0.08161271856427396,1.2360147382005928,NIRISS_SOSS
1.095303930221497,0.08199683823473901,1.241832184087457,NIRISS_SOSS
1.0943664678463414,0.08061813634765559,1.220951910987891,NIRISS_SOSS
1.093429160252112,0.07872082019101038,1.1922172875873398,NIRISS_SOSS
1.0924920078703513,0.08326325808409253,1.261011959324548,NIRISS_SOSS
1.0915550111285304,0.08341549149764878,1.2633175159352363,NIRISS_SOSS
1.090618170458863,0.08397873414465702,1.2718477576075198,NIRISS_SOSS
1.0896814862851127,0.08303342045930802,1.257531096333776,NIRISS_SOSS
1.088744959059607,0.08240726976817936,1.2480481199523434,NIRISS_SOSS
1.0878085891540394,0.08159819286718448,1.23579474827744,NIRISS_SOSS
1.086872377160493,0.08236063416406798,1.2473418293763083,NIRISS_SOSS
1.085936323159868,0.0836348197392569,1.266639215590637,NIRISS_SOSS
1.085000428152707,0.07928156871630256,1.2007097560883067,NIRISS_SOSS
1.084064702267581,0.0784329260845326,1.1878571662127848,NIRISS_SOSS
1.083129136267573,0.08123866064434385,1.2303496763069597,NIRISS_SOSS
1.0821937300744995,0.08204017369135458,1.2424884943293628,NIRISS_SOSS
1.081258484491628,0.08212652492071496,1.2437962732396697,NIRISS_SOSS
1.0803233997932276,0.0836065209381829,1.2662106336757566,NIRISS_SOSS
1.0793884764815433,0.08242315848012391,1.2482887525703958,NIRISS_SOSS
1.0784537149754607,0.07906466332086365,1.197424750144698,NIRISS_SOSS
1.0775191157227508,0.08429656890111101,1.2766613264997277,NIRISS_SOSS
1.076584679164853,0.08403683974106113,1.2727277598276499,NIRISS_SOSS
1.0756504057398748,0.08320796049035165,1.2601744839646636,NIRISS_SOSS
1.0747162959079226,0.08385823911995202,1.2700228750520155,NIRISS_SOSS
1.0737823500638688,0.08289867583878167,1.2554904053753853,NIRISS_SOSS
1.0728485687875602,0.08306524313403023,1.2580130468882675,NIRISS_SOSS
1.0719149522069966,0.08431417263538472,1.276927932923242,NIRISS_SOSS
1.0709815013114827,0.0841808043781576,1.2749080868203206,NIRISS_SOSS
1.0700482240599458,0.08230369673211048,1.2464795188652409,NIRISS_SOSS
1.0691151162362302,0.08206059909632439,1.2427978346138249,NIRISS_SOSS
1.0681821752761766,0.08106623018072134,1.2277382378191664,NIRISS_SOSS
1.0672494015217802,0.08388550163913469,1.27043576260316,NIRISS_SOSS
1.0663167954767379,0.08348838023700626,1.2644214070649475,NIRISS_SOSS
1.0653843575720772,0.08466792853802127,1.2822855232238255,NIRISS_SOSS
1.0644520882679838,0.08146889652567764,1.233836570844936,NIRISS_SOSS
1.0635199880146902,0.08502141460326976,1.2876390268698483,NIRISS_SOSS
1.0625880572698274,0.08479395249015305,1.284194140715577,NIRISS_SOSS
1.0616562964793967,0.08390165833298241,1.2706804537746794,NIRISS_SOSS
1.0607247061265312,0.08380061319864662,1.2691501374531597,NIRISS_SOSS
1.0597932865883601,0.08398797254196862,1.2719876720159031,NIRISS_SOSS
1.0588620385318646,0.0826444148413216,1.2516396533634577,NIRISS_SOSS
1.0579309619494903,0.08078970415547881,1.223550284658084,NIRISS_SOSS
1.0570000579647385,0.07427700303889116,1.1249162150276475,NIRISS_SOSS
1.0560693384681223,0.07504541114716284,1.1365536627623245,NIRISS_SOSS
1.0551387925718196,0.08173100132329617,1.2378061162602678,NIRISS_SOSS
1.054208420079827,0.08459369395143584,1.2811612494008484,NIRISS_SOSS
1.0532782219233072,0.08454629523340196,1.2804434015568809,NIRISS_SOSS
1.0523481983540732,0.08515965548729759,1.2897326683155221,NIRISS_SOSS
1.0514183499166974,0.08093373740086099,1.2257316507149323,NIRISS_SOSS
1.0504886770477613,0.08527299758872563,1.2914492207143171,NIRISS_SOSS
1.0495591802240913,0.08477864813781871,1.2839623581530473,NIRISS_SOSS
1.048629859901867,0.08479805309008517,1.2842562438049083,NIRISS_SOSS
1.0477007165730197,0.08493314948080377,1.2863022622802565,NIRISS_SOSS
1.0467717506345104,0.08405255202345303,1.2729657204414955,NIRISS_SOSS
1.045842962746901,0.08435974509093006,1.2776181222430065,NIRISS_SOSS
1.0449143529342548,0.08500569415049743,1.2874009425165807,NIRISS_SOSS
1.0439859223912877,0.08491968215233692,1.2860983012217102,NIRISS_SOSS
1.0430576813024421,0.08506515912494113,1.2883015323524805,NIRISS_SOSS
1.0421296227397463,0.08494606086271166,1.2864978035955004,NIRISS_SOSS
1.0412017445223818,0.08499439298568469,1.2872297877442227,NIRISS_SOSS
1.0402740471549192,0.08424432795124467,1.2758701436411206,NIRISS_SOSS
1.0393465310973165,0.081136839730621,1.2288076109005808,NIRISS_SOSS
1.038419196831036,0.08443101977468231,1.2786975686960615,NIRISS_SOSS
1.0374920448299145,0.08032976409295708,1.2165845481164437,NIRISS_SOSS
1.036565075573514,0.08440102400227285,1.2782432863558328,NIRISS_SOSS
1.0356382895337044,0.0844618747768797,1.2791648639673634,NIRISS_SOSS
1.0347116872075346,0.08389300480929844,1.2705493972065498,NIRISS_SOSS
1.033785269021378,0.08406236365383678,1.2731143163953298,NIRISS_SOSS
1.0328590355944358,0.08436723438525318,1.2777315466984707,NIRISS_SOSS
1.031932987106858,0.08495914454813014,1.2866959544265437,NIRISS_SOSS
1.031007125834669,0.08074156410326598,1.2228212093977622,NIRISS_SOSS
1.0300814629476134,0.08493027393087856,1.286258712424909,NIRISS_SOSS
1.0291559872113665,0.08479966409840756,1.284280642330835,NIRISS_SOSS
1.028230698276547,0.0851089856446415,1.2889652796853308,NIRISS_SOSS
1.0273055971791811,0.0848824550579869,1.2855345013865072,NIRISS_SOSS
1.0263806841630614,0.08506064971034397,1.2882332378145605,NIRISS_SOSS
1.0254559598052078,0.08232038656546485,1.2467322843700177,NIRISS_SOSS
1.0245314245655388,0.0758948558552832,1.1494183999870304,NIRISS_SOSS
1.0236070789326144,0.08244957543769729,1.2486888341933773,NIRISS_SOSS
1.022682923424202,0.08150265932527233,1.2343479043556447,NIRISS_SOSS
1.0217589584382398,0.08520132654814919,1.2903637714851643,NIRISS_SOSS
1.0208351847171067,0.0851420582792936,1.2894661607315725,NIRISS_SOSS
1.019911602172287,0.08476269498183714,1.2837207495378593,NIRISS_SOSS
1.0189882122135836,0.08556972196334993,1.2959430754304806,NIRISS_SOSS
1.0180650270726168,0.08489000058313231,1.2856487774509646,NIRISS_SOSS
1.0171420375666136,0.08489199629525368,1.2856790022693336,NIRISS_SOSS
1.016219241614638,0.08478881283029328,1.2841163011894865,NIRISS_SOSS
1.0152966398718188,0.08164714874719578,1.2365361791509613,NIRISS_SOSS
1.0143742327603793,0.07650087163442916,1.1585964355651077,NIRISS_SOSS
1.013452020806013,0.08200623419955724,1.241974484836645,NIRISS_SOSS
1.0125300045006533,0.08434659374301234,1.277418946671607,NIRISS_SOSS
1.011608184335313,0.08474207867811488,1.283408518114912,NIRISS_SOSS
1.0106865608454898,0.08483759566062832,1.2848551112466193,NIRISS_SOSS
1.0097651344252634,0.08455661961349158,1.2805997630429096,NIRISS_SOSS
1.0088439058598782,0.08492568965061462,1.286189284055533,NIRISS_SOSS
1.0079228750244935,0.08445037908034315,1.278990763035609,NIRISS_SOSS
1.0070020437248604,0.08362351274430647,1.26646797252155,NIRISS_SOSS
1.0060814267142095,0.08239199373505461,1.2478167662808128,NIRISS_SOSS
1.0051610100267767,0.08243536073151707,1.2484735541898797,NIRISS_SOSS
1.00424079314113,0.08361385652844608,1.2663217303018486,NIRISS_SOSS
1.003320777281117,0.08392772753348333,1.2710752686589166,NIRISS_SOSS
1.002400962632966,0.0805552194626437,1.219999042384511,NIRISS_SOSS
1.0014813498277741,0.0846243919710756,1.281626167190328,NIRISS_SOSS
1.0005619393263567,0.08451628149809857,1.2799888471707992,NIRISS_SOSS
0.9996427316761004,0.08433937976304286,1.2773096918186844,NIRISS_SOSS
0.9987237273087922,0.08429439169157105,1.276628352924936,NIRISS_SOSS
0.9978049269467528,0.08488227186143926,1.2855317268969808,NIRISS_SOSS
0.9968863305932729,0.08451703596954725,1.2800002735495122,NIRISS_SOSS
0.9959679396815367,0.08454678666409314,1.2804508442151796,NIRISS_SOSS
0.9950497641146112,0.08446245039073012,1.279173581569413,NIRISS_SOSS
0.9941318010468841,0.08469219450611297,1.2826530283716222,NIRISS_SOSS
0.9932140448556175,0.08442582408296924,1.2786188805743388,NIRISS_SOSS
0.9922964955401196,0.08440774784507736,1.2783451181407546,NIRISS_SOSS
0.9913791538791756,0.08148583100451955,1.2340930414759916,NIRISS_SOSS
0.9904620202888428,0.07549898826693843,1.1434230333067168,NIRISS_SOSS
0.989545095317391,0.08128862614602594,1.2311063977784056,NIRISS_SOSS
0.9886283794971433,0.08480231177077736,1.2843207410082051,NIRISS_SOSS
0.9877118732772888,0.08496241621094058,1.2867455033635633,NIRISS_SOSS
0.9867955773888283,0.08489063803781233,1.2856584316248885,NIRISS_SOSS
0.9858794918387397,0.08458027138273165,1.2809579662234865,NIRISS_SOSS
0.9849636180995157,0.0862667696876861,1.3064997787932067,NIRISS_SOSS
0.9840479659932345,0.08634972584565537,1.3077561397584865,NIRISS_SOSS
0.9831325338193827,0.08639086780014758,1.308379229676398,NIRISS_SOSS
0.9822173149989274,0.0864671467803392,1.309534465592936,NIRISS_SOSS
0.9813023093874264,0.08631497866560187,1.3072298979249515,NIRISS_SOSS
0.9803875178557648,0.08353196643150042,1.2650815147016563,NIRISS_SOSS
0.9794729407982548,0.08518456008651748,1.290109845454408,NIRISS_SOSS
0.9785585787775724,0.08164206712493521,1.2364592185972814,NIRISS_SOSS
0.977644432355301,0.08496178222900631,1.286735901783953,NIRISS_SOSS
0.9767305019230353,0.08192856509886316,1.2407981957134606,NIRISS_SOSS
0.9758167884003965,0.08472962583967773,1.2832199213849962,NIRISS_SOSS
0.9749032914248825,0.08427477004128933,1.276331185407879,NIRISS_SOSS
0.9739900129059078,0.08418286003500745,1.2749392194943425,NIRISS_SOSS
0.9730769690241446,0.08140483427318249,1.2328663557897424,NIRISS_SOSS
0.9721641466101618,0.08430728260686259,1.276823584275754,NIRISS_SOSS
0.9712515433550077,0.08101697936598527,1.2269923401949594,NIRISS_SOSS
0.970339160203324,0.08114037052164559,1.2288610843030194,NIRISS_SOSS
0.9694269975043999,0.08415654752977758,1.274540719789453,NIRISS_SOSS
0.9685150558604582,0.08371551243525847,1.2678612966985532,NIRISS_SOSS
0.9676033358118926,0.08409520002457717,1.2736116192532438,NIRISS_SOSS
0.9666918378235356,0.08349401441531819,1.2645067360131028,NIRISS_SOSS
0.9657805626665494,0.08291920533403858,1.2558013220946387,NIRISS_SOSS
0.9648695103064489,0.0835429359669618,1.265247646987653,NIRISS_SOSS
0.9639586823614521,0.08314859081481975,1.259275337419241,NIRISS_SOSS
0.9630480891907771,0.08345573811017593,1.2639270460075256,NIRISS_SOSS
0.962137730016304,0.08315611427325119,1.2593892792859878,NIRISS_SOSS
0.961227596925977,0.08361654917599642,1.2663625101228808,NIRISS_SOSS
0.9603176895682131,0.08362759798280593,1.266529842963844,NIRISS_SOSS
0.9594080089565773,0.0837039142347194,1.2676856433560952,NIRISS_SOSS
0.9584985554437193,0.0837987989173405,1.2691226603825139,NIRISS_SOSS
0.9575893296681862,0.08243008899256032,1.2483937143418622,NIRISS_SOSS
0.9566803320760863,0.08330174738736823,1.261594875161059,NIRISS_SOSS
0.9557715634553531,0.08222714361572978,1.245320131189321,NIRISS_SOSS
0.954863023774913,0.08202233298117845,1.2422182989345079,NIRISS_SOSS
0.9539547146835347,0.08289656225877627,1.2554583954621878,NIRISS_SOSS
0.9530466465003601,0.08301870286208655,1.2573082001063662,NIRISS_SOSS
0.9521388196042334,0.08287701256385512,1.2551623177003517,NIRISS_SOSS
0.9512312250865016,0.083303897077283,1.2616274319544605,NIRISS_SOSS
0.9503238624323264,0.08302396151507081,1.2573878417689155,NIRISS_SOSS
0.9494167327621132,0.08306797159533445,1.2580543691042647,NIRISS_SOSS
0.9485098363905571,0.08373523354355203,1.2681599704951538,NIRISS_SOSS
0.9476031740042117,0.08328588964697947,1.2613547116034682,NIRISS_SOSS
0.9466967459762562,0.0828631218975449,1.2549519452414397,NIRISS_SOSS
0.945790553313887,0.08225725235189808,1.2457761243519958,NIRISS_SOSS
0.9448845955293398,0.08187193916602316,1.2399406028188005,NIRISS_SOSS
0.9439788749097457,0.07824767305134327,1.1850515314618968,NIRISS_SOSS
0.9430734078922282,0.07927243853795886,1.2005714806430852,NIRISS_SOSS
0.9421681835068899,0.07986812376640645,1.2095930612820118,NIRISS_SOSS
0.9412631971673748,0.08127620868511776,1.2309183368368812,NIRISS_SOSS
0.9403584493682015,0.08196674006357811,1.2413763509305398,NIRISS_SOSS
0.9394539407016043,0.0825789509398928,1.2506482105049237,NIRISS_SOSS
0.9385496717317576,0.08319610146850455,1.2599948805150847,NIRISS_SOSS
0.9376456429887822,0.0833806553599336,1.2627899268486893,NIRISS_SOSS
0.9367418551524073,0.08292921710164126,1.2559529491024144,NIRISS_SOSS
0.9358383084927602,0.08335790429820983,1.2624453647743583,NIRISS_SOSS
0.9349350041821776,0.08325609578260193,1.260903487135929,NIRISS_SOSS
0.9340319501074607,0.083100679558849,1.2585497272502952,NIRISS_SOSS
0.9331291545231823,0.08317447509384972,1.2596673516901973,NIRISS_SOSS
0.9322266038064032,0.08325880716702844,1.2609445507246813,NIRISS_SOSS
0.931324296799729,0.08312329922273956,1.2588922993203564,NIRISS_SOSS
0.9304222350629303,0.08327801274530691,1.2612354168816415,NIRISS_SOSS
0.9295204187530652,0.08292161536243427,1.2558378216828028,NIRISS_SOSS
0.9286188486102248,0.08337561574036816,1.26271360242074,NIRISS_SOSS
0.9277175250945003,0.08033995920758986,1.2167389518927845,NIRISS_SOSS
0.9268164489737946,0.08169514400806463,1.2372630615639146,NIRISS_SOSS
0.9259156204344557,0.08121577894563416,1.2300031357512988,NIRISS_SOSS
0.9250150445292583,0.0815302317298595,1.2347654850837089,NIRISS_SOSS
0.9241147381222488,0.0813453198585068,1.2319650171875172,NIRISS_SOSS
0.9232146826463474,0.08138887796093483,1.2326246993732868,NIRISS_SOSS
0.9223148765698673,0.08108533355270832,1.2280275560742204,NIRISS_SOSS
0.9214153218101974,0.08186586213581802,1.2398485669323582,NIRISS_SOSS
0.9205160183741922,0.08261824540425693,1.2512433204086026,NIRISS_SOSS
0.9196169670438762,0.08309070308462357,1.2583986347564433,NIRISS_SOSS
0.9187181683534233,0.08280138662068023,1.2540169719503402,NIRISS_SOSS
0.917819622853938,0.08290433813505788,1.255576160166704,NIRISS_SOSS
0.9169213312332343,0.08298799921669124,1.2568431971155003,NIRISS_SOSS
0.9160233001811998,0.08165968161341847,1.2367259878919963,NIRISS_SOSS
0.9151255436328213,0.08311636213218168,1.258787237924037,NIRISS_SOSS
0.9142280441096601,0.08347426677248923,1.2642076603541774,NIRISS_SOSS
0.9133307999923708,0.08369979439548117,1.267623248889803,NIRISS_SOSS
0.912433813189752,0.08309812229115623,1.2585109977408095,NIRISS_SOSS
0.9115370837689462,0.08287752915834747,1.2551701414613714,NIRISS_SOSS
0.9106406123852161,0.08295646190686978,1.2563655683778687,NIRISS_SOSS
0.9097443999522842,0.08185346649490687,1.2396608364520463,NIRISS_SOSS
0.9088484461103464,0.08221961006961041,1.2452060365457622,NIRISS_SOSS
0.9079527532542173,0.08211558322995789,1.2436305626583475,NIRISS_SOSS
0.9070573352902276,0.08290223289424972,1.255544276549639,NIRISS_SOSS
0.9061621904980913,0.08305803072853765,1.2579038158806068,NIRISS_SOSS
0.9052673084351663,0.0804223910471926,1.2179873721199055,NIRISS_SOSS
0.904372688272939,0.08260658676150602,1.2510667516761669,NIRISS_SOSS
0.9034783313254555,0.08265133771799969,1.2517444994922893,NIRISS_SOSS
0.9025842379507485,0.0814342490075555,1.233311838379281,NIRISS_SOSS
0.901690408683905,0.08077782018335658,1.22337030333961,NIRISS_SOSS
0.9007968445240455,0.08209500318449905,1.2433188803624082,NIRISS_SOSS
0.8999035451307099,0.08314221633840661,1.2591787967460033,NIRISS_SOSS
0.899010515386817,0.08316650481267232,1.2595466427470794,NIRISS_SOSS
0.8981177773262438,0.0827429752949873,1.253132339497159,NIRISS_SOSS
0.8972253081339351,0.08326728593475924,1.2610729606350655,NIRISS_SOSS
0.8963331057285805,0.0837423970100199,1.2682684603272125,NIRISS_SOSS
0.8954411724543302,0.08253704205952389,1.250013505587495,NIRISS_SOSS
0.8945495082364093,0.08291966935333783,1.2558083496107264,NIRISS_SOSS
0.8936581136736886,0.08297080528955302,1.2565827971714196,NIRISS_SOSS
0.8927669900678686,0.08261267213667804,1.2511589139461219,NIRISS_SOSS
0.8918761362115906,0.08275074433131424,1.2532500006113902,NIRISS_SOSS
0.8909855555740039,0.08321321689267155,1.260254091541174,NIRISS_SOSS
0.8900952723159871,0.08306005228229153,1.2579344320673707,NIRISS_SOSS
0.8892052667522042,0.0828039056844265,1.254055122865683,NIRISS_SOSS
0.888315534365419,0.08293777069463121,1.256082492232286,NIRISS_SOSS
0.8874260764331912,0.08161307327039533,1.2360201101818409,NIRISS_SOSS
0.8865368933335355,0.08217601635058869,1.2445458149509947,NIRISS_SOSS
0.8856479855061932,0.08317461099458996,1.2596694098904488,NIRISS_SOSS
0.8847593543432457,0.08257992057815425,1.2506628955589565,NIRISS_SOSS
0.8838709985340325,0.08267017608423714,1.2520298042673625,NIRISS_SOSS
0.8829829217536662,0.08229299416154458,1.246317429730253,NIRISS_SOSS
0.882095148494851,0.08203607576620646,1.2424264317493112,NIRISS_SOSS
0.8812076593945557,0.0803558626490664,1.2169798075878147,NIRISS_SOSS
0.8803204492855536,0.08168944333524898,1.2371767255645538,NIRISS_SOSS
0.8794335192963956,0.08196581590199728,1.2413623546153272,NIRISS_SOSS
0.8785468698914262,0.08153013980269602,1.2347640928579517,NIRISS_SOSS
0.8776605014601708,0.08127345160693214,1.2308765812216813,NIRISS_SOSS
0.8767744154783496,0.08192279066137743,1.2407107425571053,NIRISS_SOSS
0.8758886105699678,0.08153787854755819,1.2348812952116177,NIRISS_SOSS
0.8750030911042511,0.08111365283847015,1.2284564482272171,NIRISS_SOSS
0.8741178861543657,0.08112184102117709,1.228580457262609,NIRISS_SOSS
0.8732329674630653,0.08207551389616835,1.2430237174510683,NIRISS_SOSS
0.8723483323196908,0.08151681695425296,1.2345623199318672,NIRISS_SOSS
0.8714639836800037,0.08154891449326959,1.2350484332728078,NIRISS_SOSS
0.8705799210551699,0.08117636121281431,1.2294061589617877,NIRISS_SOSS
0.8696961457415722,0.07991795832707832,1.2103477996677166,NIRISS_SOSS
0.8688126574348034,0.0800616233867561,1.2125235895966644,NIRISS_SOSS
0.8679294584266194,0.07844759263006507,1.188079289268548,NIRISS_SOSS
0.8670465614263845,0.07386748522249098,1.1187141172966706,NIRISS_SOSS
0.8661639736881351,0.07507236712749096,1.1369619078196431,NIRISS_SOSS
0.8652816780581645,0.07981360485430772,1.2087673789612883,NIRISS_SOSS
0.8643996722642527,0.08150761884655121,1.234423015704745,NIRISS_SOSS
0.8635179586253827,0.08139493208822535,1.2327163883978611,NIRISS_SOSS
0.8626365367492648,0.08161587329295548,1.2360625161843921,NIRISS_SOSS
0.861755408591866,0.08049531367946536,1.2190917765537135,NIRISS_SOSS
0.8608745721404155,0.08083334051409607,1.2242111520243617,NIRISS_SOSS
0.8599940318469673,0.08084682555375096,1.2244153813167056,NIRISS_SOSS
0.8591138188811667,0.08087879561350346,1.2248995639996305,NIRISS_SOSS
0.8582339048466879,0.07745726107511086,1.1730808378119344,NIRISS_SOSS
0.85735428570615,0.07736123368297228,1.171626514588272,NIRISS_SOSS
0.8564749641391535,0.07924498721529351,1.2001557336860622,NIRISS_SOSS
0.8555959396570171,0.07616444246526916,1.1535012565445135,NIRISS_SOSS
0.8547172139318401,0.06992788421058903,1.0590493371128578,NIRISS_SOSS
0.8538387857122525,0.07489307019210843,1.1342464774486714,NIRISS_SOSS
0.8529606588183061,0.07827455768991397,1.1854586960569398,NIRISS_SOSS
0.8520828556573231,0.07777450955642273,1.1778855276381215,NIRISS_SOSS
0.8512053328281582,,,NIRISS_SOSS
0.8503278417138324,,,NIRISS_SOSS
0.8494503337417341,,,NIRISS_SOSS
0.8485728323824219,,,NIRISS_SOSS
0.8476953288450926,,,NIRISS_SOSS
2.401432752609253,0.00014297291921973229,0.11089757419278456,NIRCam_GRISM
2.4023940563201904,0.0001588009376525879,0.1231746463688426,NIRCam_GRISM
2.403355121612549,0.00017123174832463263,0.13281665938993,NIRCam_GRISM
2.4043164253234863,0.0001865704896211624,0.1447142216012853,NIRCam_GRISM
2.405277729034424,0.0002035002235651016,0.15784584426352288,NIRCam_GRISM
2.4062392711639404,0.00021940070026516914,0.17017911901352195,NIRCam_GRISM
2.407200574874878,0.00023537985625267027,0.1825734216991834,NIRCam_GRISM
2.4081618785858154,0.0002544351606249809,0.197353752421442,NIRCam_GRISM
2.409123182296753,0.0002723192596197128,0.2112256325366636,NIRCam_GRISM
2.4100844860076904,0.0002907895587801933,0.22555220139103735,NIRCam_GRISM
2.411046028137207,0.0003114435129761696,0.2415725318866501,NIRCam_GRISM
2.4120073318481445,0.0003417798710227013,0.2651030615531369,NIRCam_GRISM
2.412968873977661,0.0003639309018731117,0.2822846061462406,NIRCam_GRISM
2.4139301776885986,0.00039145469020605085,0.30363355373279416,NIRCam_GRISM
2.4148917198181152,0.0004213908906459808,0.32685369939013353,NIRCam_GRISM
2.4158530235290527,0.00045533758699893947,0.3531846038575482,NIRCam_GRISM
2.4168145656585693,0.0004921747797906399,0.3817575346123096,NIRCam_GRISM
2.417776107788086,0.000531035018134117,0.411899649555223,NIRCam_GRISM
2.4187376499176025,0.0005545470047414302,0.4301368254724117,NIRCam_GRISM
2.419699192047119,0.0005862854303002357,0.45475487497702055,NIRCam_GRISM
2.4206604957580566,0.0006243226414203644,0.4842586052309867,NIRCam_GRISM
2.4216220378875732,0.0006545485491752625,0.50770346364254,NIRCam_GRISM
2.422583818435669,0.0006906628577232361,0.5357156860513503,NIRCam_GRISM
2.4235453605651855,0.0007238251666307449,0.5614381769436462,NIRCam_GRISM
2.424506902694702,0.0007385833590507506,0.5728854338632146,NIRCam_GRISM
2.4254684448242188,0.0007663499283909797,0.5944226956068509,NIRCam_GRISM
2.4264299869537354,0.0007851667407393455,0.6090180389408394,NIRCam_GRISM
2.427391767501831,0.0005641532818078995,0.4375879765680815,NIRCam_GRISM
2.4283533096313477,0.0008264144481539726,0.6410120047789838,NIRCam_GRISM
2.4293150901794434,0.0007269947702169418,0.563896693918611,NIRCam_GRISM
2.43027663230896,0.0008290117793798447,0.6430266361783867,NIRCam_GRISM
2.4312384128570557,0.0008518034412980079,0.6607050890793997,NIRCam_GRISM
2.4321999549865723,0.0008481499185085296,0.657871218044085,NIRCam_GRISM
2.433161735534668,0.0008581608937978744,0.6656362750979038,NIRCam_GRISM
2.4341235160827637,0.0008532405768275261,0.6618198095794748,NIRCam_GRISM
2.4350850582122803,0.0008552375376701354,0.6633687610481303,NIRCam_GRISM
2.436046838760376,0.0008621987176060677,0.6687682309101671,NIRCam_GRISM
2.4370086193084717,0.0008652594207525253,0.6711422787796432,NIRCam_GRISM
2.4379703998565674,0.0008767133316040039,0.6800265551543685,NIRCam_GRISM
2.438932180404663,0.0008751773756384849,0.6788351841480789,NIRCam_GRISM
2.439893960952759,0.0008824810690879821,0.6845003261247363,NIRCam_GRISM
2.4408559799194336,0.0008741799048781395,0.6780614915617189,NIRCam_GRISM
2.4418177604675293,0.0008602758266329765,0.6672767320618762,NIRCam_GRISM
2.442779541015625,0.0008576030225515366,0.665203559809803,NIRCam_GRISM
2.4437413215637207,0.0008565455597639083,0.6643833341433824,NIRCam_GRISM
2.4447033405303955,0.0008611074997901916,0.6679218230074886,NIRCam_GRISM
2.445665121078491,0.0008603186263442039,0.6673099298463041,NIRCam_GRISM
2.446627140045166,0.0008693877550601959,0.6743444394592744,NIRCam_GRISM
2.4475889205932617,0.000864231861770153,0.6703452481314127,NIRCam_GRISM
2.4485509395599365,0.000874693935585022,0.6784602017423949,NIRCam_GRISM
2.4495129585266113,0.000879365523314476,0.6820837393301601,NIRCam_GRISM
2.450474739074707,0.0008774985108733176,0.6806355829111532,NIRCam_GRISM
2.451436758041382,0.0008909555861473083,0.6910736225885952,NIRCam_GRISM
2.4523987770080566,0.0008796803006291389,0.6823278977400012,NIRCam_GRISM
2.4533607959747314,0.000884186602783203,0.6858232308435899,NIRCam_GRISM
2.4543228149414062,0.0008995201738595962,0.6977167827509357,NIRCam_GRISM
2.455284833908081,0.0009052584881067275,0.7021677314581153,NIRCam_GRISM
2.456246852874756,0.0009101255937457084,0.7059429233731204,NIRCam_GRISM
2.4572088718414307,0.0006254050771594047,0.4850982012771069,NIRCam_GRISM
2.4581708908081055,0.0009232122670173645,0.7160936591068559,NIRCam_GRISM
2.4591329097747803,0.0009237717774868011,0.7165276458655694,NIRCam_GRISM
2.460095167160034,0.0009245402213096618,0.7171236926996395,NIRCam_GRISM
2.461057186126709,0.000932075822687149,0.722968715081555,NIRCam_GRISM
2.462019443511963,0.0009339344555139541,0.7244103718157998,NIRCam_GRISM
2.4629814624786377,0.0009366032680988312,0.7264804480459925,NIRCam_GRISM
2.4639437198638916,0.0009360035091280937,0.7260152423600618,NIRCam_GRISM
2.4649057388305664,0.0009405106621026993,0.7295112354063489,NIRCam_GRISM
2.4658679962158203,0.0009488333986520767,0.7359668026494929,NIRCam_GRISM
2.466830253601074,0.0009485111792445183,0.7357168717475355,NIRCam_GRISM
2.467792272567749,0.0009540051462769508,0.7399782914619608,NIRCam_GRISM
2.468754529953003,0.0009476283850908279,0.7350321285759607,NIRCam_GRISM
2.469716787338257,0.0009321941196203231,0.7230604726185421,NIRCam_GRISM
2.4706790447235107,0.000939831205379963,0.7289842118082321,NIRCam_GRISM
2.4716413021087646,0.0009491048346042632,0.7361773431407305,NIRCam_GRISM
2.4726035594940186,0.0009576117665410042,0.742775782346954,NIRCam_GRISM
2.4735658168792725,0.0009589242233991622,0.7437937952867242,NIRCam_GRISM
2.4745280742645264,0.0009477944434642791,0.7351609324843557,NIRCam_GRISM
2.4754905700683594,0.0009438619197130202,0.7321106531248087,NIRCam_GRISM
2.4764528274536133,0.000932496218574047,0.7232947970019078,NIRCam_GRISM
2.477415084838867,0.0009330485804319381,0.7237232389086062,NIRCam_GRISM
2.4783775806427,0.0009167993626475334,0.7111194616013017,NIRCam_GRISM
2.479339838027954,0.0009085065475940705,0.7046871030981852,NIRCam_GRISM
2.480302333831787,0.0009288751633167267,0.720486109550841,NIRCam_GRISM
2.481264591217041,0.0009235379959344863,0.7163463121753557,NIRCam_GRISM
2.482227087020874,0.0009249259088754654,0.7174228529579413,NIRCam_GRISM
2.483189582824707,0.0009137927609562874,0.7087873777637278,NIRCam_GRISM
2.484151840209961,0.000936297325849533,0.7262431425934956,NIRCam_GRISM
2.485114336013794,0.0009392078604221343,0.7285007115475831,NIRCam_GRISM
2.486076831817627,0.0009449574422001838,0.7329603999647216,NIRCam_GRISM
2.48703932762146,0.000881496085512638,0.6837363192783942,NIRCam_GRISM
2.488001823425293,0.0009387748995780944,0.7281648835629093,NIRCam_GRISM
2.488964319229126,0.000985351637005806,0.7642923349903304,NIRCam_GRISM
2.489926815032959,0.0009690776618957519,0.7516693545543986,NIRCam_GRISM
2.490889310836792,0.0009563249063968658,0.7417776236110958,NIRCam_GRISM
2.491852045059204,0.0009772961931228637,0.7580440944805913,NIRCam_GRISM
2.492814540863037,0.0009699568149447441,0.7523512734870853,NIRCam_GRISM
2.49377703666687,0.0009712169795513153,0.7533287257117096,NIRCam_GRISM
2.4947397708892822,0.0009648512105226517,0.7483910889410328,NIRCam_GRISM
2.4957022666931152,0.0009734966412067413,0.7550969553103408,NIRCam_GRISM
2.4966650009155273,0.0009587876729607581,0.7436878793380493,NIRCam_GRISM
2.4976274967193604,0.0009863124385356902,0.7650375849266567,NIRCam_GRISM
2.4985902309417725,0.0009853886175751685,0.7643210191317537,NIRCam_GRISM
2.4995529651641846,0.0009893048548221587,0.7673586657925675,NIRCam_GRISM
2.5005154609680176,0.0009944608309745788,0.7713579213929969,NIRCam_GRISM
2.5014781951904297,0.0006809777263402938,0.5282033712579732,NIRCam_GRISM
2.502440929412842,0.00099031508538723,0.7681422555776346,NIRCam_GRISM
2.503403663635254,0.000988561544084549,0.766782113546714,NIRCam_GRISM
2.504366397857666,0.0009804848685741425,0.7605174046316656,NIRCam_GRISM
2.505329132080078,0.0009833008150339126,0.7627016058996368,NIRCam_GRISM
2.5062918663024902,0.0009877911219120026,0.7661845321970011,NIRCam_GRISM
2.5072546005249023,0.0009860084522724153,0.7648017966433294,NIRCam_GRISM
2.5082173347473145,0.0009855046630382535,0.7644110303060546,NIRCam_GRISM
2.5091803073883057,0.0009900744442820548,0.7679556012450475,NIRCam_GRISM
2.5101430416107178,0.0009969618798732756,0.7732978709814692,NIRCam_GRISM
2.51110577583313,0.0009857936898469925,0.764635215222616,NIRCam_GRISM
2.512068748474121,0.000947969999885559,0.7352971035953616,NIRCam_GRISM
2.513031482696533,0.0008341961336016655,0.6470479033532736,NIRCam_GRISM
2.5139944553375244,0.0008555888978481292,0.6636412951169602,NIRCam_GRISM
2.5149571895599365,0.0009647968948602676,0.7483489587583944,NIRCam_GRISM
2.5159201622009277,0.0009989077219724656,0.7748071719717547,NIRCam_GRISM
2.516883134841919,0.0010135671017169952,0.7861777844045937,NIRCam_GRISM
2.51784610748291,0.0010166674977779388,0.7885826202579284,NIRCam_GRISM
2.5188090801239014,0.0010140341369390487,0.7865400423305771,NIRCam_GRISM
2.5197718143463135,0.0010085177708625793,0.7822612486990388,NIRCam_GRISM
2.5207347869873047,0.0010215452357530594,0.7923660591912661,NIRCam_GRISM
2.521697759628296,0.0010214294685840606,0.7922762638769982,NIRCam_GRISM
2.522660970687866,0.0010187000792622565,0.7901592010341351,NIRCam_GRISM
2.5236239433288574,0.0010362059240221976,0.8037376865869782,NIRCam_GRISM
2.5245869159698486,0.0010294958327770232,0.7985329747732784,NIRCam_GRISM
2.52554988861084,0.00103463541970253,0.8025195179977033,NIRCam_GRISM
2.526512861251831,0.00070961365711689,0.5504149570268587,NIRCam_GRISM
2.5274760723114014,0.000279140072107315,0.2165162257694731,NIRCam_GRISM
2.5284390449523926,0.000717358529138565,0.5564223011051965,NIRCam_GRISM
2.529402256011963,0.0010462981791257856,0.8115657886865273,NIRCam_GRISM
2.530365228652954,0.0010533616697311402,0.8170446162696969,NIRCam_GRISM
2.5313284397125244,0.001063078759288788,0.8245817195619717,NIRCam_GRISM
2.5322916507720947,0.0010652014088392257,0.8262281620301651,NIRCam_GRISM
2.533254623413086,0.001080248898601532,0.837899813706843,NIRCam_GRISM
2.5342178344726562,0.0010703442413330078,0.8302172226939104,NIRCam_GRISM
2.5351810455322266,0.0010558383983135223,0.8189657016977561,NIRCam_GRISM
2.536144256591797,0.001052588739156723,0.8164450892670303,NIRCam_GRISM
2.537107467651367,0.0010511538626909256,0.8153321210196751,NIRCam_GRISM
2.5380706787109375,0.0010356583424806593,0.8033129525537029,NIRCam_GRISM
2.539033889770508,0.0010024500991940499,0.7775548324580439,NIRCam_GRISM
2.539997100830078,0.0010271109921455384,0.7966831626388449,NIRCam_GRISM
2.5409603118896484,0.0010521588312864304,0.8161116293348836,NIRCam_GRISM
2.5419235229492188,0.0010526846418857576,0.8165194766409921,NIRCam_GRISM
2.542886972427368,0.001046146455192566,0.8114481033498016,NIRCam_GRISM
2.5438501834869385,0.0010413031182050704,0.8076913476939562,NIRCam_GRISM
2.544813394546509,0.0010267805493354796,0.7964268532185368,NIRCam_GRISM
2.545776844024658,0.001043600603365898,0.8094734021730154,NIRCam_GRISM
2.5467400550842285,0.0010399504888653755,0.8066421747920333,NIRCam_GRISM
2.547703504562378,0.001045185666513443,0.810702863381225,NIRCam_GRISM
2.5486669540405273,0.0010208197556972503,0.7918033373922461,NIRCam_GRISM
2.5496301651000977,0.0010329847150325774,0.8012391416536692,NIRCam_GRISM
2.550593614578247,0.0010411989375829697,0.8076105395357965,NIRCam_GRISM
2.5515570640563965,0.0010440071540594102,0.8097887450081688,NIRCam_GRISM
2.552520513534546,0.0010479954751491547,0.812882303818945,NIRCam_GRISM
2.5534839630126953,0.0010353174172878265,0.8030485124270502,NIRCam_GRISM
2.5544474124908447,0.0010582123166322707,0.8208070418922332,NIRCam_GRISM
2.555410861968994,0.0010324885351181028,0.8008542775187077,NIRCam_GRISM
2.5563743114471436,0.0010392879822969437,0.8061282986557214,NIRCam_GRISM
2.557337760925293,0.001024880168890953,0.7949528147608236,NIRCam_GRISM
2.5583012104034424,0.0010294989368200302,0.7985353824379016,NIRCam_GRISM
2.559264898300171,0.0009743921415090561,0.7557915540620317,NIRCam_GRISM
2.5602283477783203,0.001019880456328392,0.7910747657017771,NIRCam_GRISM
2.5611917972564697,0.0010092228809595108,0.7828081704497821,NIRCam_GRISM
2.5621554851531982,0.0009872758303284645,0.7657848440117966,NIRCam_GRISM
2.5631189346313477,0.001012947203016281,0.7856969572484468,NIRCam_GRISM
2.564082622528076,0.0010457325500249862,0.8111270559844617,NIRCam_GRISM
2.5650463104248047,0.0010589501642942428,0.8213793566794186,NIRCam_GRISM
2.566009759902954,0.0010447354384183884,0.8103536419772871,NIRCam_GRISM
2.5669734477996826,0.0010500607692480086,0.8144842582786254,NIRCam_GRISM
2.567937135696411,0.0010660672617673872,0.8268997646655792,NIRCam_GRISM
2.5689008235931396,0.0010548317602872847,0.8181848984812505,NIRCam_GRISM
2.569864511489868,0.0010750172280430794,0.8338418454071502,NIRCam_GRISM
2.5708281993865967,0.0010939231307983397,0.8485062921074432,NIRCam_GRISM
2.571791887283325,0.0010528172250270844,0.816622315338224,NIRCam_GRISM
2.5727555751800537,0.001067389231944084,0.8279251566527538,NIRCam_GRISM
2.5737192630767822,0.001088704614663124,0.844458527094043,NIRCam_GRISM
2.5746829509735107,0.0010904973180770874,0.8458490453889805,NIRCam_GRISM
2.5756466388702393,0.0010876474541187285,0.8436385358639164,NIRCam_GRISM
2.576610565185547,0.0011017149862051008,0.8545500790552548,NIRCam_GRISM
2.5775742530822754,0.0011025799968242644,0.8552210283499867,NIRCam_GRISM
2.578537940979004,0.00109700623857975,0.8508977182306506,NIRCam_GRISM
2.5795018672943115,0.0011028799491167069,0.8554536876660793,NIRCam_GRISM
2.580465793609619,0.0011106109488248825,0.8614502716233823,NIRCam_GRISM
2.5814294815063477,0.0010660818278551102,0.8269110629156449,NIRCam_GRISM
2.5823934078216553,0.0011074689650297164,0.8590131780609191,NIRCam_GRISM
2.583357334136963,0.0010869777822494506,0.8431191019304598,NIRCam_GRISM
2.5843210220336914,0.001104854014325142,0.8569848800352956,NIRCam_GRISM
2.585284948348999,0.0011295300949573516,0.8761249906075076,NIRCam_GRISM
2.5862488746643066,0.0011509639513492586,0.8927502556747046,NIRCam_GRISM
2.5872128009796143,0.0011702914784908294,0.9077417371863277,NIRCam_GRISM
2.588176727294922,0.0011758837817192076,0.912079431804037,NIRCam_GRISM
2.5891406536102295,0.0011777116064310073,0.9134971920882534,NIRCam_GRISM
2.590104579925537,0.0011653935067415238,0.9039426038369696,NIRCam_GRISM
2.591068744659424,0.0011619425996541976,0.9012658925629904,NIRCam_GRISM
2.5920326709747314,0.001166593413543701,0.9048733168303468,NIRCam_GRISM
2.592996597290039,0.0011629006406068802,0.9020090012454575,NIRCam_GRISM
2.5939605236053467,0.0011942587176322936,0.9263320317357581,NIRCam_GRISM
2.5949246883392334,0.0011815878056287764,0.9165037830599322,NIRCam_GRISM
2.595888614654541,0.0012053632311344147,0.934945296518326,NIRCam_GRISM
2.5968527793884277,0.0012157664363622665,0.9430145884506351,NIRCam_GRISM
2.5978169441223145,0.001218239726781845,0.9449330070525801,NIRCam_GRISM
2.598780870437622,0.0012132691791057588,0.9410775798661184,NIRCam_GRISM
2.599745035171509,0.0012267598642110825,0.9515416891571921,NIRCam_GRISM
2.6007091999053955,0.0012415842964649199,0.9630403252954751,NIRCam_GRISM
2.6016733646392822,0.0012246959361314773,0.9499407942563555,NIRCam_GRISM
2.60263729095459,0.0010596758185863495,0.82194221362559,NIRCam_GRISM
2.6036014556884766,0.001237248135638237,0.9596769630614714,NIRCam_GRISM
2.6045656204223633,0.0012364847391605378,0.9590848312228955,NIRCam_GRISM
2.60552978515625,0.001240130139684677,0.9619124021873438,NIRCam_GRISM
2.606494188308716,0.0012423813854694366,0.9636585908907995,NIRCam_GRISM
2.6074583530426025,0.0012244063589096068,0.9497161824094255,NIRCam_GRISM
2.6084225177764893,0.0012590831340551375,0.976613375706275,NIRCam_GRISM
2.609386682510376,0.001244993412542343,0.9656846211886492,NIRCam_GRISM
2.610351085662842,0.0012407066166639329,0.9623595490940893,NIRCam_GRISM
2.6113152503967285,0.0012334650934457778,0.9567426297310601,NIRCam_GRISM
2.6122796535491943,0.0012448329667806624,0.9655601707272822,NIRCam_GRISM
2.613243818283081,0.0012314219278573989,0.9551578393479444,NIRCam_GRISM
2.614208221435547,0.0012316461320877074,0.9553317443461823,NIRCam_GRISM
2.6151723861694336,0.0012283537893772124,0.9527780242291296,NIRCam_GRISM
2.6161367893218994,0.0012322272184848784,0.9557824665682253,NIRCam_GRISM
2.6171011924743652,0.0012361490350484847,0.958824440850534,NIRCam_GRISM
2.618065595626831,0.0012293074590682984,0.9535177423232959,NIRCam_GRISM
2.619029998779297,0.0012375359244346617,0.9599001877083314,NIRCam_GRISM
2.6199941635131836,0.0008355964474439621,0.6481340629495577,NIRCam_GRISM
2.6209585666656494,0.0012061270556926727,0.935537760399472,NIRCam_GRISM
2.6219232082366943,0.0011877866612911223,0.9213119527432332,NIRCam_GRISM
2.62288761138916,0.0011694519287347794,0.9070905367221545,NIRCam_GRISM
2.623852014541626,0.001174465580701828,0.9109793979416563,NIRCam_GRISM
2.624816417694092,0.0011697668723583221,0.9073348241302104,NIRCam_GRISM
2.6257808208465576,0.0011961335394144058,0.9277862455044543,NIRCam_GRISM
2.6267454624176025,0.0010850986482858656,0.841661543399221,NIRCam_GRISM
2.6277098655700684,0.0012053027282476424,0.9348983671878534,NIRCam_GRISM
2.6286745071411133,0.0011978196496009825,0.9290940842933213,NIRCam_GRISM
2.629638910293579,0.0012074611549854277,0.9365725603889123,NIRCam_GRISM
2.630603551864624,0.0012160372758388519,0.9432246662829468,NIRCam_GRISM
2.63156795501709,0.0012213592656373977,0.9473526910988241,NIRCam_GRISM
2.6325325965881348,0.0012314928527116776,0.9552128525233934,NIRCam_GRISM
2.6334972381591797,0.001232556668949127,0.9560380062711373,NIRCam_GRISM
2.6344618797302246,0.0012516277019023895,0.9708305369364519,NIRCam_GRISM
2.6354262828826904,0.0012375324942827223,0.9598975270958793,NIRCam_GRISM
2.6363909244537354,0.0012253080491065977,0.9504155823801712,NIRCam_GRISM
2.6373555660247803,0.0012150509138107298,0.9424595902336392,NIRCam_GRISM
2.638320207595825,0.0012153628915786744,0.9427015771627439,NIRCam_GRISM
2.63928484916687,0.001214569728899002,0.9420863570385697,NIRCam_GRISM
2.640249729156494,0.0012101078131914137,0.9386254524775896,NIRCam_GRISM
2.641214370727539,0.0012415546061992646,0.9630172959102162,NIRCam_GRISM
2.642179012298584,0.001263603130030632,0.9801193304827395,NIRCam_GRISM
2.643143653869629,0.001275146456646919,0.9890729625890675,NIRCam_GRISM
2.644108533859253,0.0012631493654727936,0.9797673660058752,NIRCam_GRISM
2.645073175430298,0.001248195359659195,0.9681682255655504,NIRCam_GRISM
2.646038055419922,0.0012504407835483551,0.9699098984900549,NIRCam_GRISM
2.647002696990967,0.0012605646632909773,0.97776253038009,NIRCam_GRISM
2.647967576980591,0.0012591169891357423,0.9766396355485841,NIRCam_GRISM
2.648932456970215,0.0012751831265449523,0.9891014057569064,NIRCam_GRISM
2.6498970985412598,0.0013005959645271301,1.0088129854109982,NIRCam_GRISM
2.650861978530884,0.0012798327544927598,0.9927079101433656,NIRCam_GRISM
2.651826858520508,0.00127783309340477,0.9911568642174936,NIRCam_GRISM
2.652791738510132,0.001281479200553894,0.9939849832787223,NIRCam_GRISM
2.653756618499756,0.001273557182788849,0.9878402353247028,NIRCam_GRISM
2.65472149848938,0.001272562959599495,0.987069061731079,NIRCam_GRISM
2.655686378479004,0.0012991464747428893,1.007688682278861,NIRCam_GRISM
2.656651258468628,0.0012984710302114486,1.0071647707545854,NIRCam_GRISM
2.657616138458252,0.0013118108485460282,1.0175118595707808,NIRCam_GRISM
2.658581256866455,0.0013062566264629362,1.0132037027610548,NIRCam_GRISM
2.659546136856079,0.0012968636112451553,1.0059179691571483,NIRCam_GRISM
2.660511016845703,0.0012824832984685897,0.9947638162465282,NIRCam_GRISM
2.6614761352539062,0.0012991539610624314,1.0076944890755704,NIRCam_GRISM
2.6624410152435303,0.0013013072665214538,1.009364709934212,NIRCam_GRISM
2.6634061336517334,0.001287328991651535,0.9985223994957467,NIRCam_GRISM
2.6643710136413574,0.0012517866518020628,0.970953827125868,NIRCam_GRISM
2.6653361320495605,0.0012801183937072753,0.9929294674575547,NIRCam_GRISM
2.6663012504577637,0.0013040571744203566,1.0114976881017292,NIRCam_GRISM
2.6672661304473877,0.0013042909356117249,1.0116790059988852,NIRCam_GRISM
2.668231248855591,0.0013161450875997542,1.0208737311731304,NIRCam_GRISM
2.669196367263794,0.0013180255340099335,1.022332307709348,NIRCam_GRISM
2.670161485671997,0.0013124504466295243,1.018007966639904,NIRCam_GRISM
2.6711266040802,0.0013093456175565718,1.0155996923012895,NIRCam_GRISM
2.6720917224884033,0.0013103355789661408,1.0163675602266617,NIRCam_GRISM
2.6730568408966064,0.0012909577409267424,1.0013370548456584,NIRCam_GRISM
2.6740221977233887,0.0012989947790145874,1.0075710188194038,NIRCam_GRISM
2.674987316131592,0.0013142783464431761,1.0194257851772026,NIRCam_GRISM
2.675952434539795,0.0013417119838476182,1.040704806799202,NIRCam_GRISM
2.676917552947998,0.0013140409521579743,1.0192416492548209,NIRCam_GRISM
2.6778829097747803,0.0013200138328552245,1.0238745404616512,NIRCam_GRISM
2.6788480281829834,0.001321079879283905,1.0247014240670411,NIRCam_GRISM
2.6798133850097656,0.001328725346660614,1.030631664494909,NIRCam_GRISM
2.6807785034179688,0.0013168110355854033,1.0213902766598568,NIRCam_GRISM
2.681743860244751,0.0009118999273300171,0.707319193028818,NIRCam_GRISM
2.682709217071533,0.0013370466460943223,1.0370861170329575,NIRCam_GRISM
2.6836745738983154,0.001342438704252243,1.0412684906802412,NIRCam_GRISM
2.6846396923065186,0.0013495163026571275,1.046758261040222,NIRCam_GRISM
2.685605049133301,0.0013435730409622191,1.0421483439429478,NIRCam_GRISM
2.686570405960083,0.0013244475703477858,1.0273135884660987,NIRCam_GRISM
2.6875357627868652,0.0013197028501033782,1.0236333253211634,NIRCam_GRISM
2.6885011196136475,0.0013423855601787567,1.041227269245689,NIRCam_GRISM
2.6894664764404297,0.0013406910118818282,1.039912885399381,NIRCam_GRISM
2.690432071685791,0.0013461221687316894,1.04412558611919,NIRCam_GRISM
2.6913974285125732,0.0013347812192440033,1.0353289287235725,NIRCam_GRISM
2.6923627853393555,0.0013269536807775499,1.0292574640534253,NIRCam_GRISM
2.6933281421661377,0.0013377239786863328,1.037611493039726,NIRCam_GRISM
2.694293737411499,0.0013293939140319824,1.0311502417196996,NIRCam_GRISM
2.6952590942382812,0.001352260262989998,1.0488866259519636,NIRCam_GRISM
2.6962246894836426,0.00139705569896698,1.0836324030674238,NIRCam_GRISM
2.697190046310425,0.0013644692455291748,1.0583565770052532,NIRCam_GRISM
2.698155641555786,0.0013046912276506424,1.0119894942810501,NIRCam_GRISM
2.6991212368011475,0.0013798885568857193,1.070316633738347,NIRCam_GRISM
2.7000865936279297,0.001217374724340439,0.9442620641009618,NIRCam_GRISM
2.701052188873291,0.0007750980727910994,0.6012082323221674,NIRCam_GRISM
2.7020177841186523,0.001198372473335266,0.9295228844564768,NIRCam_GRISM
2.7029833793640137,0.001323306436753273,1.0264284631699798,NIRCam_GRISM
2.703948974609375,0.001343585964488983,1.0421583681333746,NIRCam_GRISM
2.7049145698547363,0.0013587836085557938,1.0539464876573557,NIRCam_GRISM
2.7058801651000977,0.0013395519696235655,1.0390293822574312,NIRCam_GRISM
2.706845760345459,0.001363256068563461,1.0574155709511106,NIRCam_GRISM
2.7078115940093994,0.0012039126051425933,0.9338201120817772,NIRCam_GRISM
2.7087771892547607,0.0011941311684846878,0.9262330976779166,NIRCam_GRISM
2.709742784500122,0.0013504687637090683,1.0474970416481146,NIRCam_GRISM
2.7107086181640625,0.001377419005703926,1.0684011154926512,NIRCam_GRISM
2.711674213409424,0.0013589253504514695,1.0540564303827171,NIRCam_GRISM
2.712639808654785,0.001298307658314705,1.0070380506236751,NIRCam_GRISM
2.7136056423187256,0.0013848169126749038,1.074139334601995,NIRCam_GRISM
2.714571475982666,0.0013604539234876633,1.0552420747873745,NIRCam_GRISM
2.7155370712280273,0.0013649907856702803,1.0587611119116425,NIRCam_GRISM
2.7165029048919678,0.0013607388470649718,1.0554630770144136,NIRCam_GRISM
2.717468738555908,0.0013693588893175126,1.0621492507350252,NIRCam_GRISM
2.7184345722198486,0.0013372117888927459,1.0372142107715518,NIRCam_GRISM
2.719400405883789,0.0013584930191278457,1.0537210906883254,NIRCam_GRISM
2.7203662395477295,0.0013375171503543853,1.0374510657335445,NIRCam_GRISM
2.72133207321167,0.0013465158339500427,1.0444309342788114,NIRCam_GRISM
2.7222979068756104,0.0013654255104064942,1.059098308067046,NIRCam_GRISM
2.723263740539551,0.0013536625782966613,1.0499743379928947,NIRCam_GRISM
2.724229574203491,0.0013470871994972228,1.0448741164807656,NIRCam_GRISM
2.7251954078674316,0.0013379060013771057,1.03775267974113,NIRCam_GRISM
2.726161479949951,0.0013319811982154847,1.0331570800864591,NIRCam_GRISM
2.7271273136138916,0.0013305204383134842,1.032024035237868,NIRCam_GRISM
2.728093147277832,0.0013286821979761124,1.0305981960278245,NIRCam_GRISM
2.7290592193603516,0.0013405271635055541,1.0397857956850256,NIRCam_GRISM
2.730025053024292,0.0013309741997003554,1.0323759972551576,NIRCam_GRISM
2.7309911251068115,0.001335286514854431,1.0357208634882293,NIRCam_GRISM
2.731957197189331,0.001339898406124115,1.0392980972541763,NIRCam_GRISM
2.7329230308532715,0.00131124958486557,1.0170765129262205,NIRCam_GRISM
2.733889102935791,0.0013329856312513351,1.0339361729924639,NIRCam_GRISM
2.7348551750183105,0.001337802068424225,1.0376720636886911,NIRCam_GRISM
2.73582124710083,0.0013270674537420272,1.0293457125541772,NIRCam_GRISM
2.7367873191833496,0.0013282094668626786,1.0302315200586176,NIRCam_GRISM
2.737753391265869,0.0013041324685335158,1.0115560903120633,NIRCam_GRISM
2.7387194633483887,0.0013123185479164121,1.0179056588224298,NIRCam_GRISM
2.739685535430908,0.001327845190834999,1.0299489677541203,NIRCam_GRISM
2.7406516075134277,0.0013000844085931777,1.00841619479884,NIRCam_GRISM
2.7416179180145264,0.0013107783295869826,1.0167109816948088,NIRCam_GRISM
2.742583990097046,0.0013055952858924864,1.0126907310362108,NIRCam_GRISM
2.7435500621795654,0.0008927864169359207,0.6924937145495248,NIRCam_GRISM
2.744516372680664,0.0013172574044466017,1.0217365046320648,NIRCam_GRISM
2.7454824447631836,0.001306937287569046,1.0137316605444373,NIRCam_GRISM
2.7464487552642822,0.0013052363407611847,1.0124123136649565,NIRCam_GRISM
2.7474148273468018,0.0013305735895633697,1.0320652622388258,NIRCam_GRISM
2.7483811378479004,0.0013061924883127213,1.0131539537224896,NIRCam_GRISM
2.749347448348999,0.0013051910318136214,1.0123771695803188,NIRCam_GRISM
2.7503135204315186,0.001294912037205696,1.0044042221621596,NIRCam_GRISM
2.751279830932617,0.0013066997989892959,1.0135474514820741,NIRCam_GRISM
2.752246141433716,0.001286814159607887,0.998123067754681,NIRCam_GRISM
2.7532124519348145,0.001252784484386444,0.9717278003626341,NIRCam_GRISM
2.754178762435913,0.0012780293111801146,0.991309061398736,NIRCam_GRISM
2.7551450729370117,0.0012753567354917526,0.989236066300759,NIRCam_GRISM
2.7561113834381104,0.0012891939243555067,0.9999689427574493,NIRCam_GRISM
2.757077693939209,0.0013045985075712204,1.011917575543271,NIRCam_GRISM
2.7580442428588867,0.0013007749617815019,1.008951825419339,NIRCam_GRISM
2.7590105533599854,0.0013000563734054565,1.0083944491820667,NIRCam_GRISM
2.759976863861084,0.001306095627450943,1.0130788231686472,NIRCam_GRISM
2.7609434127807617,0.0013069242011547089,1.0137215100095471,NIRCam_GRISM
2.7619097232818604,0.0013204360054016114,1.0242020004557577,NIRCam_GRISM
2.762876272201538,0.0013108294944763183,1.0167506679664617,NIRCam_GRISM
2.7638425827026367,0.0012777292413949967,0.9910763109489323,NIRCam_GRISM
2.7648091316223145,0.001290168115377426,1.0007245783122163,NIRCam_GRISM
2.765775442123413,0.0013043497537136078,1.0117246285185415,NIRCam_GRISM
2.766741991043091,0.0012875300211191176,0.9986783288872555,NIRCam_GRISM
2.7677085399627686,0.0011529651551961898,0.894302498248341,NIRCam_GRISM
2.7686750888824463,0.0013235279636859892,1.026600291510554,NIRCam_GRISM
2.769641637802124,0.0012956654821872711,1.004988635078958,NIRCam_GRISM
2.7706081867218018,0.001293089543890953,1.00299059719954,NIRCam_GRISM
2.7715747356414795,0.001306333733701706,1.0132635113302506,NIRCam_GRISM
2.7725412845611572,0.0013039406173467635,1.0114072800944853,NIRCam_GRISM
2.773507833480835,0.0012998700003147125,1.0082498880737734,NIRCam_GRISM
2.7744743824005127,0.0013000965450525284,1.008425608496963,NIRCam_GRISM
2.7754411697387695,0.0013109483331441877,1.0168428457023502,NIRCam_GRISM
2.7764077186584473,0.001314499763393402,1.019597528209374,NIRCam_GRISM
2.777374267578125,0.0013213469089269638,1.0249085467852064,NIRCam_GRISM
2.778341054916382,0.0013167093782186507,1.021311425675816,NIRCam_GRISM
2.7793076038360596,0.001324632053542137,1.027456683667935,NIRCam_GRISM
2.7802743911743164,0.001324723622560501,1.0275277095801372,NIRCam_GRISM
2.781240940093994,0.001325144155216217,1.0278538975858256,NIRCam_GRISM
2.782207727432251,0.001323878356385231,1.026872075150231,NIRCam_GRISM
2.783174514770508,0.001330341203570366,1.0318850110203353,NIRCam_GRISM
2.7841413021087646,0.0013111669796705245,1.017012439843036,NIRCam_GRISM
2.7851080894470215,0.0013543290957212448,1.0504913251674375,NIRCam_GRISM
2.786074638366699,0.0013524124782562255,1.0490046923933,NIRCam_GRISM
2.787041425704956,0.001360501986670494,1.0552793552067226,NIRCam_GRISM
2.788008213043213,0.001350206652235985,1.047293733730142,NIRCam_GRISM
2.788975238800049,0.001326379540133476,1.0288121293353492,NIRCam_GRISM
2.7899420261383057,0.0009271833223581313,0.7191738256634296,NIRCam_GRISM
2.7909088134765625,0.0013179448954820632,1.0222697600802158,NIRCam_GRISM
2.7918756008148193,0.0013350078055381774,1.035504681380134,NIRCam_GRISM
2.792842388153076,0.0013816133857488633,1.071654504839142,NIRCam_GRISM
2.793809413909912,0.0013325184019327163,1.0335737645146252,NIRCam_GRISM
2.794776201248169,0.0013387952355146406,1.0384424181145242,NIRCam_GRISM
2.795743227005005,0.0012959094230175017,1.0051778488578107,NIRCam_GRISM
2.7967100143432617,0.00131038856883049,1.016408662048218,NIRCam_GRISM
2.7976770401000977,0.0013200443639278412,1.0238982220225312,NIRCam_GRISM
2.7986440658569336,0.0013351184676170349,1.03559051690876,NIRCam_GRISM
2.7996108531951904,0.0013349061697006225,1.0354258470953102,NIRCam_GRISM
2.8005778789520264,0.0013275876700878143,1.0297492206529002,NIRCam_GRISM
2.8015449047088623,0.001332852301096916,1.0338327548712385,NIRCam_GRISM
2.8025119304656982,0.0013474401416540146,1.0451478776184144,NIRCam_GRISM
2.803478956222534,0.0013332283202171324,1.0341244157571579,NIRCam_GRISM
2.80444598197937,0.00132122234916687,1.0248119314589486,NIRCam_GRISM
2.805413007736206,0.0012950692849636077,1.0045261920778248,NIRCam_GRISM
2.806380033493042,0.0013248958885192872,1.0276613284294245,NIRCam_GRISM
2.807347059249878,0.0013209568537712096,1.0246059987865321,NIRCam_GRISM
2.808314085006714,0.0013118169012546537,1.0175165543808717,NIRCam_GRISM
2.809281349182129,0.0013272220060110093,1.0294655917019881,NIRCam_GRISM
2.810248374938965,0.0013004544527769088,1.0087032211989715,NIRCam_GRISM
2.811215400695801,0.0013102011830329894,1.016263315429471,NIRCam_GRISM
2.812182664871216,0.0013046399405956268,1.0119497132510495,NIRCam_GRISM
2.8131496906280518,0.0013090972807645797,1.0154070687753447,NIRCam_GRISM
2.814116954803467,0.0012976101718902588,1.0064970422080561,NIRCam_GRISM
2.815084218978882,0.0013273349219799042,1.0295531754703438,NIRCam_GRISM
2.8160512447357178,0.0013229030924081801,1.0261156073530928,NIRCam_GRISM
2.817018508911133,0.0013091077164173125,1.015415163235327,NIRCam_GRISM
2.817985773086548,0.0013222339203834534,1.025596561126263,NIRCam_GRISM
2.818953037261963,0.0013046336817741392,1.01194485856861,NIRCam_GRISM
2.819920301437378,0.0013023696009159089,1.0101887142839139,NIRCam_GRISM
2.820887565612793,0.0012803464239597318,0.9931063401267147,NIRCam_GRISM
2.821854829788208,0.0012937130980491638,1.0034742597273867,NIRCam_GRISM
2.822822093963623,0.0012934833000659942,1.003296015910117,NIRCam_GRISM
2.823789358139038,0.0012903746574878692,1.0008847836094277,NIRCam_GRISM
2.824756622314453,0.0013052475790023804,1.0124210306562134,NIRCam_GRISM
2.8257241249084473,0.001313158334493637,1.0185570429779898,NIRCam_GRISM
2.8266913890838623,0.0013103843042135237,1.0164053541792941,NIRCam_GRISM
2.8276586532592773,0.0012961100848197936,1.0053334930681181,NIRCam_GRISM
2.8286261558532715,0.0013201992942094803,1.0240183943775236,NIRCam_GRISM
2.8295934200286865,0.0013063398267984389,1.0132682374675546,NIRCam_GRISM
2.8305609226226807,0.001301698972415924,1.009668538335638,NIRCam_GRISM
2.831528425216675,0.0013116216629743575,1.0173651169492757,NIRCam_GRISM
2.83249568939209,0.0013226851309776305,1.0259465446099703,NIRCam_GRISM
2.833463191986084,0.0012961607211589813,1.005372769367522,NIRCam_GRISM
2.834430694580078,0.001303129767012596,1.010778340463237,NIRCam_GRISM
2.8353981971740723,0.0013042212567806243,1.0116249593067994,NIRCam_GRISM
2.8363656997680664,0.0012858168061733247,0.9973494661725811,NIRCam_GRISM
2.8373332023620605,0.0013037320039272307,1.01124546817726,NIRCam_GRISM
2.8383007049560547,0.0013030820539712907,1.0107413316327045,NIRCam_GRISM
2.839268207550049,0.0012925251848459243,1.0025528496218241,NIRCam_GRISM
2.840235710144043,0.001293628620314598,1.00340873420068,NIRCam_GRISM
2.841203212738037,0.0012962476412057876,1.0054401892844695,NIRCam_GRISM
2.8421707153320312,0.0013124728286504745,1.018025327352985,NIRCam_GRISM
2.8431384563446045,0.0013086164252996443,1.01503409111713,NIRCam_GRISM
2.8441059589385986,0.0013192520864486693,1.023283688508022,NIRCam_GRISM
2.845073699951172,0.001302940379667282,1.010631441335117,NIRCam_GRISM
2.846041202545166,0.0013183297994852066,1.0225683125646907,NIRCam_GRISM
2.8470089435577393,0.0013365029038429261,1.0366643609619823,NIRCam_GRISM
2.8479764461517334,0.0013321047823190689,1.03325293864045,NIRCam_GRISM
2.8489441871643066,0.0008536781374931335,0.6621592054359969,NIRCam_GRISM
2.84991192817688,0.0013311166632413863,1.032486499727916,NIRCam_GRISM
2.850879669189453,0.0013131168622493744,1.0185248748491569,NIRCam_GRISM
2.8518471717834473,0.001320427074790001,1.0241950733875476,NIRCam_GRISM
2.8528149127960205,0.0013097481908559798,1.0159119500531966,NIRCam_GRISM
2.8537826538085938,0.0013107549318552019,1.0166928331411509,NIRCam_GRISM
2.854750394821167,0.0013344083442211152,1.0350397065705867,NIRCam_GRISM
2.8557181358337402,0.001346012221956253,1.0440403054188117,NIRCam_GRISM
2.8566861152648926,0.001336818762040138,1.036909357763131,NIRCam_GRISM
2.857653856277466,0.0013412912292242048,1.0403784466232917,NIRCam_GRISM
2.858621597290039,0.00133984580245018,1.039257294982915,NIRCam_GRISM
2.8595893383026123,0.0013546297551393508,1.050724532968664,NIRCam_GRISM
2.8605573177337646,0.0013264704639434815,1.0288826547888474,NIRCam_GRISM
2.861525058746338,0.001347900647521019,1.0455050710214102,NIRCam_GRISM
2.8624930381774902,0.0013540708625078201,1.0502910254386422,NIRCam_GRISM
2.8634607791900635,0.0013611574415922163,1.055787761702221,NIRCam_GRISM
2.864428758621216,0.0013397481299877168,1.0391815349074285,NIRCam_GRISM
2.865396499633789,0.0013338688111782073,1.0346212153907055,NIRCam_GRISM
2.8663644790649414,0.0011597908751726149,0.8995968979964598,NIRCam_GRISM
2.8673324584960938,0.0013375659021377562,1.0374888802689328,NIRCam_GRISM
2.868300437927246,0.0013211195767879485,1.0247322156108103,NIRCam_GRISM
2.8692684173583984,0.0013293910322904586,1.0311480064842005,NIRCam_GRISM
2.870236396789551,0.001330648114299774,1.032123067678693,NIRCam_GRISM
2.871204376220703,0.001338340160512924,1.038089437186097,NIRCam_GRISM
2.8721723556518555,0.0013453083233356477,1.0434943233550138,NIRCam_GRISM
2.873140335083008,0.0013570427187442778,1.052596158811252,NIRCam_GRISM
2.87410831451416,0.0013479960994720458,1.0455791087474258,NIRCam_GRISM
2.8750762939453125,0.0013793901871681211,1.0699300710729527,NIRCam_GRISM
2.876044511795044,0.0013616629326343535,1.0561798480543438,NIRCam_GRISM
2.8770124912261963,0.0013730934821367263,1.0650460040957932,NIRCam_GRISM
2.8779804706573486,0.0013652225965499877,1.058940917040973,NIRCam_GRISM
2.87894868850708,0.0013812326540708542,1.0713591886370248,NIRCam_GRISM
2.8799166679382324,0.0013522448359012604,1.0488746598626708,NIRCam_GRISM
2.880884885787964,0.001380281676530838,1.0706215587216874,NIRCam_GRISM
2.8818531036376953,0.0008513506392955779,0.6603538712128753,NIRCam_GRISM
2.8828210830688477,0.0012016799275398255,0.932088325870425,NIRCam_GRISM
2.883789300918579,0.0013627952931642533,1.0570581684842746,NIRCam_GRISM
2.8847575187683105,0.0013539820475578308,1.0502221357316988,NIRCam_GRISM
2.885725736618042,0.0013496832372188567,1.046887744567912,NIRCam_GRISM
2.8866939544677734,0.0013501529395580291,1.04725207125503,NIRCam_GRISM
2.887662172317505,0.0013329120377779005,1.0338790898908188,NIRCam_GRISM
2.8886303901672363,0.001363828790783882,1.0578598054626362,NIRCam_GRISM
2.8895986080169678,0.0008440869803905487,0.6547197822068757,NIRCam_GRISM
2.890566825866699,0.0013625099046230315,1.0568368056059294,NIRCam_GRISM
2.8915350437164307,0.0013624638014316558,1.0568010454625818,NIRCam_GRISM
2.892503499984741,0.001386860211277008,1.0757242281577921,NIRCam_GRISM
2.8934717178344727,0.0013759064904451369,1.0672279263737279,NIRCam_GRISM
2.894439935684204,0.0013071465508699416,1.0138939765450026,NIRCam_GRISM
2.8954083919525146,0.0013707643854379654,1.0632394299881747,NIRCam_GRISM
2.896376609802246,0.0013698906436443328,1.0625617083195293,NIRCam_GRISM
2.8973450660705566,0.001365537926697731,1.0591855042582266,NIRCam_GRISM
2.898313522338867,0.0008415967593431472,0.6527882312889273,NIRCam_GRISM
2.8992817401885986,0.0002815843954086304,0.21841217589861733,NIRCam_GRISM
2.900250196456909,0.0008300954979419707,0.6438672272518806,NIRCam_GRISM
2.9012186527252197,0.001367787109684944,1.0609300929436842,NIRCam_GRISM
2.9021871089935303,0.001369518157148361,1.0622727875291567,NIRCam_GRISM
2.903155565261841,0.001356398123717308,1.0520961758409257,NIRCam_GRISM
2.9041240215301514,0.0013349948811769484,1.0354946565424508,NIRCam_GRISM
2.905092477798462,0.0013655531181335449,1.0591972875622917,NIRCam_GRISM
2.9060609340667725,0.0013512913204193114,1.0481350613815004,NIRCam_GRISM
2.907029390335083,0.0013535096096754073,1.0498556872084157,NIRCam_GRISM
2.9079978466033936,0.0013865981633901596,1.0755209695607624,NIRCam_GRISM
2.908966302871704,0.001376752780008316,1.067884354598971,NIRCam_GRISM
2.9099349975585938,0.0013597934449195862,1.0547297716784654,NIRCam_GRISM
2.9109034538269043,0.001345600575685501,1.0437210101767402,NIRCam_GRISM
2.911872148513794,0.0013600333377599715,1.0549158456161742,NIRCam_GRISM
2.9128406047821045,0.0013649803662061691,1.0587530300084358,NIRCam_GRISM
2.913809299468994,0.0013572916505098342,1.052789243831061,NIRCam_GRISM
2.9147777557373047,0.001367256608223915,1.0605186071500465,NIRCam_GRISM
2.9157464504241943,0.0013655760767698286,1.0592150955295945,NIRCam_GRISM
2.916715145111084,0.0013578276449203491,1.053204990255149,NIRCam_GRISM
2.9176836013793945,0.0013717691335678101,1.0640187672982233,NIRCam_GRISM
2.918652296066284,0.0013798194663524627,1.070263043362074,NIRCam_GRISM
2.919620990753174,0.001378631916809082,1.0693419153308816,NIRCam_GRISM
2.9205896854400635,0.0013763261390686036,1.0675534286759105,NIRCam_GRISM
2.921558380126953,0.0013701922268152236,1.0627956326336698,NIRCam_GRISM
2.9225270748138428,0.0013884338948249816,1.0769448627294982,NIRCam_GRISM
2.9234957695007324,0.0013654576446533204,1.0591232331370593,NIRCam_GRISM
2.924464702606201,0.001366644138431549,1.0600435422593635,NIRCam_GRISM
2.925433397293091,0.0013843905012130737,1.073808586674464,NIRCam_GRISM
2.9264020919799805,0.0013671804058790205,1.0604595004657686,NIRCam_GRISM
2.927371025085449,0.0013790413145303724,1.0696594664756645,NIRCam_GRISM
2.928339719772339,0.0013633003644704818,1.0574499292663921,NIRCam_GRISM
2.9293084144592285,0.0013599944722175595,1.0548856993871074,NIRCam_GRISM
2.9302773475646973,0.0013487908755064012,1.0461955802772622,NIRCam_GRISM
2.931246280670166,0.0013735015891075133,1.0653625540642657,NIRCam_GRISM
2.9322149753570557,0.00135004521279335,1.0471685125157684,NIRCam_GRISM
2.9331839084625244,0.0013644264610052107,1.0583233910008931,NIRCam_GRISM
2.934152841567993,0.0013708788306474686,1.0633281999187403,NIRCam_GRISM
2.935121774673462,0.0013803667759418486,1.070687566454465,NIRCam_GRISM
2.9360907077789307,0.0008458832468032837,0.6561130641574956,NIRCam_GRISM
2.9370596408843994,0.0013833270793437956,1.0729837388201284,NIRCam_GRISM
2.938028573989868,0.0014088620544672012,1.0927900546854896,NIRCam_GRISM
2.938997507095337,0.001384055145907402,1.073548466855308,NIRCam_GRISM
2.9399664402008057,0.0013806512021780014,1.0709081829166474,NIRCam_GRISM
2.9409353733062744,0.001376167968893051,1.0674307432829413,NIRCam_GRISM
2.941904306411743,0.0013745183511972426,1.0661512100551873,NIRCam_GRISM
2.942873239517212,0.0013714212285757064,1.0637489132595395,NIRCam_GRISM
2.9438424110412598,0.0013899480185985565,1.0781192994999962,NIRCam_GRISM
2.9448113441467285,0.0013903666157960891,1.0784439862590245,NIRCam_GRISM
2.9457805156707764,0.0013924308654785157,1.0800451306125052,NIRCam_GRISM
2.946749448776245,0.00138655793466568,1.0754897659735236,NIRCam_GRISM
2.947718620300293,0.001386632577562332,1.075547663064907,NIRCam_GRISM
2.9486875534057617,0.001416735023212433,1.0988967575513657,NIRCam_GRISM
2.9496567249298096,0.0013941767894506455,1.0813993642274504,NIRCam_GRISM
2.9506258964538574,0.0014116073564529419,1.0949194602561862,NIRCam_GRISM
2.9515950679779053,0.0014076337973833084,1.0918373516712951,NIRCam_GRISM
2.952564239501953,0.0013878643343925474,1.0765030806727434,NIRCam_GRISM
2.953533411026001,0.0014129444786787032,1.0959566049969207,NIRCam_GRISM
2.954502582550049,0.001396301949071884,1.0830477536431105,NIRCam_GRISM
2.9554717540740967,0.001407826341342926,1.0919866992411957,NIRCam_GRISM
2.9564409255981445,0.0014072896027565,1.0915703755937864,NIRCam_GRISM
2.9574100971221924,0.001390233751440048,1.0783409294363615,NIRCam_GRISM
2.9583792686462402,0.0014083220986843108,1.0923712356054798,NIRCam_GRISM
2.959348440170288,0.0014012810031175612,1.0869097788325923,NIRCam_GRISM
2.960317850112915,0.001392494020295143,1.0800941169240443,NIRCam_GRISM
2.961287021636963,0.0013888178161621093,1.0772426530047523,NIRCam_GRISM
2.96225643157959,0.0013698237272262571,1.0625098043052672,NIRCam_GRISM
2.9632256031036377,0.0013716297747373581,1.0639106730078933,NIRCam_GRISM
2.9641950130462646,0.001389275035905838,1.077597297511763,NIRCam_GRISM
2.9651641845703125,0.0013756610846281051,1.0670375762714137,NIRCam_GRISM
2.9661335945129395,0.0014017694373607635,1.0872886350035331,NIRCam_GRISM
2.9671030044555664,0.0013997956291675567,1.0857576419893102,NIRCam_GRISM
2.9680724143981934,0.001389479587650299,1.0777559589728385,NIRCam_GRISM
2.9690418243408203,0.0013941995668411253,1.0814170316106475,NIRCam_GRISM
2.970010995864868,0.0013863556012630462,1.0753328251790522,NIRCam_GRISM
2.970980405807495,0.0013901516938209534,1.078277281082874,NIRCam_GRISM
2.971950054168701,0.0013759736595392227,1.0672800263772495,NIRCam_GRISM
2.972919464111328,0.0014042186290979385,1.089188361356384,NIRCam_GRISM
2.973888874053955,0.0013905204260587691,1.0785632898663806,NIRCam_GRISM
2.974858283996582,0.0013044252233982085,1.011783166911637,NIRCam_GRISM
2.975827693939209,0.0013929784909963608,1.0804698987561965,NIRCam_GRISM
2.976797342300415,0.0014061278385162353,1.090669248046469,NIRCam_GRISM
2.977766752243042,0.0014071454848051071,1.091458589870348,NIRCam_GRISM
2.978736162185669,0.0013924607443332672,1.0800683062777268,NIRCam_GRISM
2.979705810546875,0.0014057260143995284,1.0903575714014224,NIRCam_GRISM
2.980675458908081,0.0014175675763130188,1.0995425310289273,NIRCam_GRISM
2.981644868850708,0.0014038220213890074,1.0888807308409922,NIRCam_GRISM
2.982614517211914,0.0014272935545921325,1.1070865288971372,NIRCam_GRISM
2.98358416557312,0.001409641816139221,1.0933948802590836,NIRCam_GRISM
2.984553575515747,0.0014260586371421815,1.1061286597406892,NIRCam_GRISM
2.985523223876953,0.0014450888707637785,1.1208895442247897,NIRCam_GRISM
2.986492872238159,0.001418744357085228,1.1004553062153535,NIRCam_GRISM
2.9874625205993652,0.0014214417732954024,1.102547568973428,NIRCam_GRISM
2.9884321689605713,0.0014315069742918015,1.1103546864356377,NIRCam_GRISM
2.9894018173217773,0.0014175379272699357,1.0995195336181378,NIRCam_GRISM
2.9903714656829834,0.0014362491677761078,1.114032989687977,NIRCam_GRISM
2.9913413524627686,0.0008587366452932358,0.6660828592798725,NIRCam_GRISM
2.9923110008239746,0.0012984771188020705,1.0071694933967046,NIRCam_GRISM
2.9932806491851807,0.000932479827427864,0.7232820831372133,NIRCam_GRISM
2.9942502975463867,0.001337257971024513,1.0372500321453615,NIRCam_GRISM
2.995220184326172,0.0014382383176088332,1.11557588251243,NIRCam_GRISM
2.996189832687378,0.0014185415034770965,1.1002979619211977,NIRCam_GRISM
2.997159719467163,0.0014549506101608277,1.1285388458017782,NIRCam_GRISM
2.9981296062469482,0.0014452223120689392,1.120993048560577,NIRCam_GRISM
2.9990992546081543,0.0014401313856363296,1.1170442490616828,NIRCam_GRISM
3.0000691413879395,0.0013911032890319822,1.0790153900974517,NIRCam_GRISM
3.0010390281677246,0.001427942953133583,1.1075902377346165,NIRCam_GRISM
3.0020089149475098,0.0014776591858148575,1.1461528524762512,NIRCam_GRISM
3.002978563308716,0.0014553898413419723,1.1288795374010308,NIRCam_GRISM
3.003948450088501,0.0014414289098262786,1.1180506794116196,NIRCam_GRISM
3.004918336868286,0.0014426045699119567,1.1189625853326046,NIRCam_GRISM
3.0058884620666504,0.0014619735155582429,1.1339861932897441,NIRCam_GRISM
3.0068583488464355,0.0014642519225120543,1.1357534496735446,NIRCam_GRISM
3.0078282356262207,0.001449944077849388,1.124655506974492,NIRCam_GRISM
3.008798122406006,0.0014467510409832,1.1221788138727433,NIRCam_GRISM
3.009768009185791,0.0014334293160200118,1.1118457592597188,NIRCam_GRISM
3.0107381343841553,0.001440308733987808,1.1171818100912356,NIRCam_GRISM
3.0117080211639404,0.0014386646739959715,1.115906587721034,NIRCam_GRISM
3.0126781463623047,0.0014536325389385221,1.1275164780557412,NIRCam_GRISM
3.01364803314209,0.0014403295555591583,1.1171979604347149,NIRCam_GRISM
3.014618158340454,0.0014117457521438598,1.0950268074830969,NIRCam_GRISM
3.0155880451202393,0.0014070944120407104,1.0914189750558094,NIRCam_GRISM
3.0165581703186035,0.0014256548278331754,1.1058154432724963,NIRCam_GRISM
3.0175282955169678,0.0014537442986726759,1.12760316498553,NIRCam_GRISM
3.018498420715332,0.001440017024707794,1.116955544504021,NIRCam_GRISM
3.0194685459136963,0.0014389388578414917,1.1161192596278324,NIRCam_GRISM
3.0204386711120605,0.0014457311668395994,1.1213877440035367,NIRCam_GRISM
3.021408796310425,0.0014374729851722716,1.11498224903884,NIRCam_GRISM
3.022378921508789,0.0014376941843271254,1.1151538231370723,NIRCam_GRISM
3.0233490467071533,0.001437180545735359,1.1147554171022123,NIRCam_GRISM
3.0243191719055176,0.0014311612659454345,1.1100865362348897,NIRCam_GRISM
3.025289297103882,0.0014406306218624114,1.1174314838381971,NIRCam_GRISM
3.026259422302246,0.001426263981962204,1.1062879363543152,NIRCam_GRISM
3.0272297859191895,0.0014029483491897583,1.0882030631535367,NIRCam_GRISM
3.0281999111175537,0.0014319191534519194,1.1106743950156914,NIRCam_GRISM
3.029170274734497,0.001455211972618103,1.128741572742342,NIRCam_GRISM
3.0301403999328613,0.0014499453988075254,1.1246565315814865,NIRCam_GRISM
3.0311107635498047,0.0014365706435918806,1.1142823438196925,NIRCam_GRISM
3.032080888748169,0.0014294647147655485,1.1087705988435987,NIRCam_GRISM
3.0330512523651123,0.0014257704725027084,1.1059051435695144,NIRCam_GRISM
3.0340216159820557,0.0014310099569082258,1.1099691727140812,NIRCam_GRISM
3.034991979598999,0.0014310456544876099,1.1099968616986795,NIRCam_GRISM
3.0359623432159424,0.0014297161736249924,1.1089656440149067,NIRCam_GRISM
3.0369324684143066,0.001410032236623764,1.0936977116266413,NIRCam_GRISM
3.03790283203125,0.0014072236633300781,1.0915192293874016,NIRCam_GRISM
3.0388731956481934,0.0014136055378675461,1.0964693584668828,NIRCam_GRISM
3.039843797683716,0.0014115797635316848,1.0948980576853429,NIRCam_GRISM
3.040814161300659,0.0014427118574142455,1.1190458033560595,NIRCam_GRISM
3.0417845249176025,0.0014381255411624909,1.1154884069653566,NIRCam_GRISM
3.042754888534546,0.0008720854162693023,0.676436892251849,NIRCam_GRISM
3.0437254905700684,0.0014569444214820862,1.1300853543303329,NIRCam_GRISM
3.0446958541870117,0.001444676605987549,1.120569769236222,NIRCam_GRISM
3.045666217803955,0.0014374433436393737,1.1149592574533589,NIRCam_GRISM
3.0466368198394775,0.0014314451389312744,1.110306723566031,NIRCam_GRISM
3.047607183456421,0.0014350980109214782,1.1131400898060237,NIRCam_GRISM
3.0485777854919434,0.0014230530077695845,1.1037973300863557,NIRCam_GRISM
3.049548387527466,0.0014393731715202332,1.1164561369446981,NIRCam_GRISM
3.0505189895629883,0.0014407062736272811,1.1174901634626548,NIRCam_GRISM
3.0514893531799316,0.0014314725572824477,1.1103279907308208,NIRCam_GRISM
3.052459955215454,0.001433928253674507,1.1122327624478674,NIRCam_GRISM
3.0534305572509766,0.0014300739156246185,1.10924312817178,NIRCam_GRISM
3.054401159286499,0.0014376024407386778,1.1150826618188163,NIRCam_GRISM
3.0553717613220215,0.0014285149762392044,1.1080339299746702,NIRCam_GRISM
3.056342363357544,0.001423127722930908,1.1038552832301498,NIRCam_GRISM
3.0573129653930664,0.0014125790804624557,1.0956731822619206,NIRCam_GRISM
3.058283805847168,0.0013070250769615173,1.0137997547731767,NIRCam_GRISM
3.0592544078826904,0.0013969416631460189,1.083543950680883,NIRCam_GRISM
3.060225009918213,0.0014488619634628296,1.123816160186839,NIRCam_GRISM
3.0611956119537354,0.0014354348191976548,1.1134013366281483,NIRCam_GRISM
3.062166452407837,0.0014474090530395508,1.1226892038209737,NIRCam_GRISM
3.0631370544433594,0.0014502889535665513,1.1249230113427326,NIRCam_GRISM
3.064107894897461,0.001456998731970787,1.1301274804999812,NIRCam_GRISM
3.0650787353515625,0.001446789227104187,1.122208433105591,NIRCam_GRISM
3.066049337387085,0.001472255202817917,1.1419612292750858,NIRCam_GRISM
3.0670201778411865,0.001462758197402954,1.1345948352169462,NIRCam_GRISM
3.067991018295288,0.0014638412669181822,1.1354349228543563,NIRCam_GRISM
3.0689618587493896,0.001447698007416725,1.1229133325556733,NIRCam_GRISM
3.069932460784912,0.0014845200487852094,1.151474511042317,NIRCam_GRISM
3.0709033012390137,0.0014566311177492141,1.1298423389106949,NIRCam_GRISM
3.0718741416931152,0.001463013576745987,1.1347929213286088,NIRCam_GRISM
3.072845220565796,0.0014336090068817137,1.1119851372676388,NIRCam_GRISM
3.0738160610198975,0.0014310972774982452,1.1100369033141353,NIRCam_GRISM
3.074786901473999,0.001453413349175453,1.1273464625510925,NIRCam_GRISM
3.0757577419281006,0.001474547580552101,1.143739322156185,NIRCam_GRISM
3.076728582382202,0.0014725435218334198,1.1421848651887079,NIRCam_GRISM
3.077699661254883,0.0014746893166065215,1.1438492603507513,NIRCam_GRISM
3.0786705017089844,0.0014687112238407135,1.1392123263799994,NIRCam_GRISM
3.079641580581665,0.0014525078152656553,1.1266440811875873,NIRCam_GRISM
3.0806124210357666,0.001469400270819664,1.1397467887025672,NIRCam_GRISM
3.0815834999084473,0.0014664555111646653,1.1374626729126514,NIRCam_GRISM
3.082554340362549,0.0014658390242576597,1.136984492129314,NIRCam_GRISM
3.0835254192352295,0.0014346253417253493,1.1127734618632468,NIRCam_GRISM
3.08449649810791,0.0014709731464385986,1.1409667966005577,NIRCam_GRISM
3.085467576980591,0.001481908330631256,1.149448720358813,NIRCam_GRISM
3.0864386558532715,0.001463786877155304,1.1353927351953437,NIRCam_GRISM
3.087409734725952,0.001473275252866745,1.1427524355859564,NIRCam_GRISM
3.088380813598633,0.001440924217867851,1.1176592128722942,NIRCam_GRISM
3.0893518924713135,0.0014699319587230682,1.1401591947654564,NIRCam_GRISM
3.090322971343994,0.0014350628423929214,1.1131128111820288,NIRCam_GRISM
3.091294050216675,0.0010486134427309035,0.8133616330941652,NIRCam_GRISM
3.0922651290893555,0.0014608567007780074,1.1331199309889763,NIRCam_GRISM
3.093236207962036,0.0014668500497341157,1.1377686984908961,NIRCam_GRISM
3.094207525253296,0.0015028210382461546,1.1656697540829055,NIRCam_GRISM
3.0951786041259766,0.0014853650018692016,1.1521299026215952,NIRCam_GRISM
3.0961499214172363,0.0014909311541318891,1.156447313127644,NIRCam_GRISM
3.097121000289917,0.0014624415521383284,1.1343492279234932,NIRCam_GRISM
3.0980923175811768,0.0014882903196573255,1.154398938241882,NIRCam_GRISM
3.0990633964538574,0.0014700355213403701,1.1402395235654732,NIRCam_GRISM
3.100034713745117,0.0014847894321203233,1.151683459412086,NIRCam_GRISM
3.101006031036377,0.0014908193701982497,1.1563606074274178,NIRCam_GRISM
3.1019773483276367,0.0014814654785394667,1.1491052201842789,NIRCam_GRISM
3.1029486656188965,0.0014916853135824204,1.1570322802254336,NIRCam_GRISM
3.103919744491577,0.0014852419563293456,1.152034461806931,NIRCam_GRISM
3.104891061782837,0.0014899312400579452,1.1556717253743354,NIRCam_GRISM
3.1058623790740967,0.0012085719944953917,0.9374341879449894,NIRCam_GRISM
3.1068339347839355,0.001479002776145935,1.147195014231348,NIRCam_GRISM
3.1078052520751953,0.0014742592338323592,1.143515664753648,NIRCam_GRISM
3.108776569366455,0.001477734860610962,1.1462115499649874,NIRCam_GRISM
3.109747886657715,0.0014733781724452972,1.1428322656101364,NIRCam_GRISM
3.1107194423675537,0.0014725490071058273,1.142189119864398,NIRCam_GRISM
3.1116907596588135,0.0014734795966625212,1.1429109357507192,NIRCam_GRISM
3.1126620769500732,0.0014781282097339628,1.1465166529438573,NIRCam_GRISM
3.113633632659912,0.0013542178892374038,1.0504050673686895,NIRCam_GRISM
3.114604949951172,0.001426580829334259,1.1065337004132856,NIRCam_GRISM
3.1155765056610107,0.0014587869701623915,1.1315145353255391,NIRCam_GRISM
3.1165480613708496,0.0014471323521137237,1.1224745795297542,NIRCam_GRISM
3.1175196170806885,0.0014757800129652021,1.1446952637828605,NIRCam_GRISM
3.1184909343719482,0.0014691105781078338,1.1395220872753413,NIRCam_GRISM
3.119462490081787,0.0014616203322410583,1.133712245094975,NIRCam_GRISM
3.120434045791626,0.0014827369136810303,1.1500914144489855,NIRCam_GRISM
3.121405601501465,0.0014549833826065063,1.1285642658935409,NIRCam_GRISM
3.1223771572113037,0.0014779886396169661,1.146408394768189,NIRCam_GRISM
3.1233487129211426,0.001467395694732666,1.1381919304360775,NIRCam_GRISM
3.1243202686309814,0.0008747577200889587,0.6785096764736677,NIRCam_GRISM
3.1252920627593994,0.0013747749313354493,1.0663502275689127,NIRCam_GRISM
3.1262636184692383,0.0014706790252208709,1.1407386601832372,NIRCam_GRISM
3.127235174179077,0.001451946260023117,1.1262085083916158,NIRCam_GRISM
3.128206729888916,0.0014611637867450713,1.1333581235711934,NIRCam_GRISM
3.129178524017334,0.001454717799258232,1.1283582650002921,NIRCam_GRISM
3.130150079727173,0.001474384538936615,1.143612858209386,NIRCam_GRISM
3.131121873855591,0.0014720932211399079,1.1418355874734571,NIRCam_GRISM
3.132093667984009,0.0014687238396167753,1.1392221118622392,NIRCam_GRISM
3.1330652236938477,0.0014502807254076003,1.12491662913502,NIRCam_GRISM
3.1340370178222656,0.0014574981708049774,1.1305148724303666,NIRCam_GRISM
3.1350088119506836,0.0014324177972078324,1.111061170240111,NIRCam_GRISM
3.1359806060791016,0.001470033527135849,1.1402379767519575,NIRCam_GRISM
3.1369521617889404,0.001486721418428421,1.1531820130970145,NIRCam_GRISM
3.1379239559173584,0.0014702590000867843,1.1404128658389348,NIRCam_GRISM
3.1388957500457764,0.0014550337449073792,1.1286033296339193,NIRCam_GRISM
3.1398677825927734,0.0014719062225341797,1.1416905411817126,NIRCam_GRISM
3.1408395767211914,0.0014618527487754822,1.1338925200030523,NIRCam_GRISM
3.1418113708496094,0.0014803323548078537,1.1482263077735795,NIRCam_GRISM
3.1427831649780273,0.0014756983570575713,1.1446319270186385,NIRCam_GRISM
3.1437549591064453,0.001459011609983444,1.1316887781916551,NIRCam_GRISM
3.1447269916534424,0.0013782429012298583,1.06904017368432,NIRCam_GRISM
3.1456987857818604,0.001465740124797821,1.1369077803279117,NIRCam_GRISM
3.1466708183288574,0.0014534809328317641,1.1273988841116291,NIRCam_GRISM
3.1476426124572754,0.0014511792511463166,1.1256135745797744,NIRCam_GRISM
3.1486146450042725,0.0014771747605085372,1.145777105854851,NIRCam_GRISM
3.1495864391326904,0.0014626007079839706,1.1344726778558065,NIRCam_GRISM
3.1505584716796875,0.0014490415693759918,1.1239554723040501,NIRCam_GRISM
3.1515305042266846,0.0014423430672645568,1.1187597496529536,NIRCam_GRISM
3.1525025367736816,0.001455866577553749,1.129249319942399,NIRCam_GRISM
3.1534745693206787,0.0014691041967868804,1.1395171375756519,NIRCam_GRISM
3.154446601867676,0.0014754357188701628,1.1444282105523806,NIRCam_GRISM
3.155418634414673,0.0014621604847908018,1.1341312167980604,NIRCam_GRISM
3.15639066696167,0.001464262722325325,1.1357618265962512,NIRCam_GRISM
3.157362699508667,0.0014788817964076994,1.1471011757648046,NIRCam_GRISM
3.158334732055664,0.001464317790842056,1.135804540733678,NIRCam_GRISM
3.159306764602661,0.001476559176325798,1.1452996252735648,NIRCam_GRISM
3.160278797149658,0.0014585025058746338,1.1312938893484619,NIRCam_GRISM
3.1612510681152344,0.0014512351903438567,1.1256569640646037,NIRCam_GRISM
3.1622231006622314,0.0014542451621055602,1.1279916619121637,NIRCam_GRISM
3.1631953716278076,0.0014661557990312576,1.1372301998769714,NIRCam_GRISM
3.1641674041748047,0.0014775498772382737,1.1460680667976222,NIRCam_GRISM
3.165139675140381,0.001464044130373001,1.1355922747861387,NIRCam_GRISM
3.166111707687378,0.0014850855400323866,1.1519131368176136,NIRCam_GRISM
3.167083978652954,0.0014808281799077987,1.148610896695089,NIRCam_GRISM
3.1680562496185303,0.0014500092829465867,1.124706083595182,NIRCam_GRISM
3.1690285205841064,0.0014668646346807479,1.1377800113689576,NIRCam_GRISM
3.1700007915496826,0.001462701551246643,1.134550897376434,NIRCam_GRISM
3.1709728240966797,0.0014827242730379104,1.1500816096785025,NIRCam_GRISM
3.171945095062256,0.0014682461853265762,1.1388516172093013,NIRCam_GRISM
3.172917604446411,0.0015008384286165238,1.1641319341957743,NIRCam_GRISM
3.1738898754119873,0.0014728902352094649,1.14245379494515,NIRCam_GRISM
3.1748621463775635,0.001496173903131485,1.1605138744689794,NIRCam_GRISM
3.1758344173431396,0.001495461445569992,1.1599612536250035,NIRCam_GRISM
3.176806688308716,0.0015003176181316376,1.1637279652504435,NIRCam_GRISM
3.177779197692871,0.0014774194017887115,1.145966862940786,NIRCam_GRISM
3.1787514686584473,0.0014868595789670944,1.1532891779270513,NIRCam_GRISM
3.1797237396240234,0.0009002094429731368,0.6982514173731762,NIRCam_GRISM
3.1806962490081787,0.0015160668369054793,1.1759439161240932,NIRCam_GRISM
3.181668758392334,0.001486880260848999,1.153305219919797,NIRCam_GRISM
3.18264102935791,0.0014756925508499145,1.144627423408109,NIRCam_GRISM
3.1836135387420654,0.0014999187455177307,1.163418577951537,NIRCam_GRISM
3.1845860481262207,0.0014901549753189086,1.155845266614436,NIRCam_GRISM
3.185558319091797,0.0014753316116809844,1.1443474593527905,NIRCam_GRISM
3.186530828475952,0.0014826928258895873,1.150057217559468,NIRCam_GRISM
3.1875033378601074,0.0008443831652402878,0.6549495192894503,NIRCam_GRISM
3.1884758472442627,0.0015180364390611648,1.1774716467067967,NIRCam_GRISM
3.189448356628418,0.0014747812209129332,1.1439205463306035,NIRCam_GRISM
3.1904208660125732,0.0014808740901708602,1.1486465071927403,NIRCam_GRISM
3.1913933753967285,0.001500120725440979,1.1635752445681669,NIRCam_GRISM
3.192366123199463,0.001513933141708374,1.1742889060514365,NIRCam_GRISM
3.193338632583618,0.0015036737541913986,1.1663311669596876,NIRCam_GRISM
3.1943111419677734,0.0014890695641279219,1.155003362645915,NIRCam_GRISM
3.195283889770508,0.00148802574968338,1.1541937233768926,NIRCam_GRISM
3.196256399154663,0.0015092919209957123,1.1706889227739288,NIRCam_GRISM
3.1972289085388184,0.0014822861543655396,1.149741781001578,NIRCam_GRISM
3.1982016563415527,0.001461889318704605,1.133920885629566,NIRCam_GRISM
3.199174404144287,0.0014797643681764602,1.14778574644253,NIRCam_GRISM
3.2001469135284424,0.0014529430198192595,1.1269816495154619,NIRCam_GRISM
3.2011196613311768,0.0014995851514339447,1.1631598242318897,NIRCam_GRISM
3.202092409133911,0.0015115797659158705,1.1724634997578742,NIRCam_GRISM
3.2030651569366455,0.0014934343474388122,1.1583889260357971,NIRCam_GRISM
3.20403790473938,0.0014886444332361222,1.1546736079981659,NIRCam_GRISM
3.2050106525421143,0.0014839119702816008,1.15100285227409,NIRCam_GRISM
3.2059834003448486,0.0015006636125326155,1.1639963373307098,NIRCam_GRISM
3.206956148147583,0.0014937086008787155,1.1586016519237856,NIRCam_GRISM
3.2079288959503174,0.001506042604136467,1.1681685758478078,NIRCam_GRISM
3.2089016437530518,0.0014635646364212036,1.1352203531915832,NIRCam_GRISM
3.209874391555786,0.0014889014247655868,1.1548729446093313,NIRCam_GRISM
3.2108471393585205,0.0014891299191474913,1.155050177282541,NIRCam_GRISM
3.211820125579834,0.0014840494917869565,1.1511095214351208,NIRCam_GRISM
3.2127928733825684,0.001485415105819702,1.1521687659713702,NIRCam_GRISM
3.213765859603882,0.0014594096062421798,1.1319974857418154,NIRCam_GRISM
3.214738607406616,0.0014602100848436356,1.1326183804929273,NIRCam_GRISM
3.2157115936279297,0.0014553883506536482,1.1288783811420697,NIRCam_GRISM
3.216684579849243,0.0014635436583042144,1.13520408142279,NIRCam_GRISM
3.2176573276519775,0.0014873470519065858,1.1536672884585368,NIRCam_GRISM
3.218630313873291,0.0014578985830068587,1.1308254539174634,NIRCam_GRISM
3.2196033000946045,0.0014679774468660356,1.1386431690393337,NIRCam_GRISM
3.220576286315918,0.0014811476243019104,1.1488586751456502,NIRCam_GRISM
3.2215492725372314,0.00147934910633564,1.1474636467676187,NIRCam_GRISM
3.222522258758545,0.0014509163961648939,1.125409689956285,NIRCam_GRISM
3.2234952449798584,0.001477918969297409,1.1463543546781194,NIRCam_GRISM
3.224468231201172,0.0014636915727376937,1.1353188119042719,NIRCam_GRISM
3.2254412174224854,0.0014644461332321166,1.1359040900735216,NIRCam_GRISM
3.226414203643799,0.0014500000177145003,1.1246988969771265,NIRCam_GRISM
3.2273874282836914,0.0014388404805898666,1.11604295287953,NIRCam_GRISM
3.228360414505005,0.0014469670888185501,1.1223463923273254,NIRCam_GRISM
3.2293334007263184,0.0014477545622825622,1.1229571995863274,NIRCam_GRISM
3.230306625366211,0.0014790702136039733,1.1472473223925508,NIRCam_GRISM
3.2312796115875244,0.00145945314912796,1.1320312599728568,NIRCam_GRISM
3.232252836227417,0.0014652891017913818,1.136557942347459,NIRCam_GRISM
3.2332258224487305,0.0014539538765668868,1.1277657250017852,NIRCam_GRISM
3.234199047088623,0.0014259346538305281,1.106032491539202,NIRCam_GRISM
3.2351722717285156,0.0014447407713413238,1.1206195393753482,NIRCam_GRISM
3.236145496368408,0.001461564696955681,1.1336690913409526,NIRCam_GRISM
3.237118721008301,0.0014660151426076889,1.137121099102828,NIRCam_GRISM
3.2380919456481934,0.0014699124452590942,1.140144059061222,NIRCam_GRISM
3.239065170288086,0.0014713836745262146,1.1412852245189569,NIRCam_GRISM
3.2400383949279785,0.0014221592066049576,1.1031040492782926,NIRCam_GRISM
3.241011619567871,0.0014491414613485335,1.1240329539523,NIRCam_GRISM
3.2419848442077637,0.0014352437761068343,1.1132531532137373,NIRCam_GRISM
3.2429580688476562,0.001444279819202423,1.1202619998195913,NIRCam_GRISM
3.243931293487549,0.001452363655257225,1.1265322628424224,NIRCam_GRISM
3.2449047565460205,0.0014413821724414825,1.1180144273533537,NIRCam_GRISM
3.245877981185913,0.0014590068598747253,1.1316850937489165,NIRCam_GRISM
3.2468514442443848,0.0014531955976963043,1.1271775626576983,NIRCam_GRISM
3.2478246688842773,0.001461449703836441,1.1335798964217876,NIRCam_GRISM
3.248798131942749,0.0014655471138715743,1.1367580705532894,NIRCam_GRISM
3.2497713565826416,0.0014828161107540128,1.1501528440072883,NIRCam_GRISM
3.2507448196411133,0.001457702490901947,1.1306733542130458,NIRCam_GRISM
3.251718282699585,0.0014557970916509629,1.1291954228960097,NIRCam_GRISM
3.2526915073394775,0.0014637009145736695,1.1353260579404714,NIRCam_GRISM
3.253664970397949,0.0014555271901130675,1.1289860725799719,NIRCam_GRISM
3.254638433456421,0.0014572429238080978,1.1303168889735804,NIRCam_GRISM
3.2556118965148926,0.0014468602437496185,1.1222635174792517,NIRCam_GRISM
3.2565853595733643,0.0014395124782800675,1.1165641908462243,NIRCam_GRISM
3.257558822631836,0.0014526554766893388,1.1267586154209073,NIRCam_GRISM
3.2585322856903076,0.0014424228811740875,1.1188216576632404,NIRCam_GRISM
3.2595059871673584,0.001451665923500061,1.1259910641334008,NIRCam_GRISM
3.26047945022583,0.0014389476559400556,1.1161260839117149,NIRCam_GRISM
3.2614529132843018,0.0014428909978628159,1.1191847544336109,NIRCam_GRISM
3.2624266147613525,0.001459334450817108,1.131939191105507,NIRCam_GRISM
3.263400077819824,0.0014591224291086195,1.131774735533949,NIRCam_GRISM
3.264373779296875,0.0014610458258509636,1.1332666266843874,NIRCam_GRISM
3.2653472423553467,0.0014599459394454956,1.1324134949520308,NIRCam_GRISM
3.2663209438323975,0.0009212607675790786,0.7145799699765956,NIRCam_GRISM
3.267294406890869,0.0014693139602661132,1.1396798415417464,NIRCam_GRISM
3.26826810836792,0.00143891224257946,1.116098615382671,NIRCam_GRISM
3.2692418098449707,0.0014293748527288434,1.108700896959235,NIRCam_GRISM
3.2702155113220215,0.0014350624136447907,1.1131124786216535,NIRCam_GRISM
3.2711892127990723,0.0014534804723739623,1.127398526955508,NIRCam_GRISM
3.272162914276123,0.0014391804347991942,1.1163066398585524,NIRCam_GRISM
3.273136615753174,0.0014464131150245666,1.1219167001153008,NIRCam_GRISM
3.2741103172302246,0.001432332058596611,1.110994666708876,NIRCam_GRISM
3.2750840187072754,0.0013936572224855421,1.0809963598237136,NIRCam_GRISM
3.276057720184326,0.0012586590539216994,0.9762844360838746,NIRCam_GRISM
3.277031421661377,0.0014067716366291045,1.091168612886865,NIRCam_GRISM
3.278005361557007,0.0014547252625465392,1.1283640539327229,NIRCam_GRISM
3.2789790630340576,0.001438514143180847,1.115789827831611,NIRCam_GRISM
3.2799527645111084,0.0014434431683778763,1.1196130479244004,NIRCam_GRISM
3.2809267044067383,0.0014368892289876936,1.1145294559844416,NIRCam_GRISM
3.281900405883789,0.0014392103804111481,1.1163298673042918,NIRCam_GRISM
3.282874345779419,0.0014515274777412413,1.1258836780711021,NIRCam_GRISM
3.283848285675049,0.0014801170668363572,1.1480593187107404,NIRCam_GRISM
3.2848219871520996,0.0014936173144102097,1.1585308451726248,NIRCam_GRISM
3.2857959270477295,0.0014586629486322404,1.1314183374797058,NIRCam_GRISM
3.2867698669433594,0.0014578800043106078,1.1308110432699288,NIRCam_GRISM
3.2877438068389893,0.0014719296356201172,1.14170870164489,NIRCam_GRISM
3.288717746734619,0.0014434611052036284,1.119626960702257,NIRCam_GRISM
3.289691686630249,0.001455878325152397,1.129258432019006,NIRCam_GRISM
3.290665626525879,0.0014423229079246521,1.1187441129722104,NIRCam_GRISM
3.291639566421509,0.0014373833272457123,1.1149127054734091,NIRCam_GRISM
3.2926135063171387,0.001444447079205513,1.1203917357773054,NIRCam_GRISM
3.2935874462127686,0.0014590778940439223,1.131740191714963,NIRCam_GRISM
3.2945616245269775,0.0014518196239471435,1.1261102825618057,NIRCam_GRISM
3.2955355644226074,0.0014464466945648194,1.1219427462335227,NIRCam_GRISM
3.2965095043182373,0.0014390572043418883,1.1162110556118539,NIRCam_GRISM
3.2974836826324463,0.00145160001745224,1.1259399438172748,NIRCam_GRISM
3.298457622528076,0.0014532875483989716,1.1272488846250104,NIRCam_GRISM
3.299431800842285,0.001441151008272171,1.1178351238477888,NIRCam_GRISM
3.300405979156494,0.001450691526031494,1.125235268447383,NIRCam_GRISM
3.301379919052124,0.0014518738967180251,1.1261523794754613,NIRCam_GRISM
3.302354097366333,0.0014570062206268309,1.1301332891090083,NIRCam_GRISM
3.303328275680542,0.0014457564973592758,1.1214073917326344,NIRCam_GRISM
3.304302453994751,0.0014664162100315094,1.1374321888157064,NIRCam_GRISM
3.30527663230896,0.001469449428319931,1.139784917934052,NIRCam_GRISM
3.306250810623169,0.0014678918961763382,1.138576811270256,NIRCam_GRISM
3.307224988937378,0.0014781398820638658,1.1465257066379309,NIRCam_GRISM
3.308199167251587,0.0014562284211158752,1.1295299854942815,NIRCam_GRISM
3.309173345565796,0.0014786632697105406,1.1469316745701483,NIRCam_GRISM
3.310147523880005,0.001465286527633667,1.1365559456906955,NIRCam_GRISM
3.311121702194214,0.0014581163812160491,1.1309943900572204,NIRCam_GRISM
3.312096118927002,0.0014782285972118378,1.146594518933,NIRCam_GRISM
3.313070297241211,0.0014925138881206512,1.15767496771359,NIRCam_GRISM
3.314044713973999,0.0014657735509634017,1.136933707480394,NIRCam_GRISM
3.315018892288208,0.0014649368370532989,1.1362847066526138,NIRCam_GRISM
3.315993309020996,0.0014491156745433807,1.1240129523033637,NIRCam_GRISM
3.316967487335205,0.0014493807507038117,1.1242185597941288,NIRCam_GRISM
3.317941904067993,0.001390828256368637,1.0788020598013703,NIRCam_GRISM
3.3189163208007812,0.0014040873427152633,1.0890865284957087,NIRCam_GRISM
3.3198907375335693,0.0014498520538806915,1.1245841281780617,NIRCam_GRISM
3.3208649158477783,0.0014799131274223327,1.1479011322064636,NIRCam_GRISM
3.3218393325805664,0.0014902175264835359,1.155893784700644,NIRCam_GRISM
3.3228137493133545,0.0014632291652917863,1.1349601435332288,NIRCam_GRISM
3.3237881660461426,0.0014848554521560667,1.151734668143446,NIRCam_GRISM
3.3247625827789307,0.0014902476336479185,1.1559171374552362,NIRCam_GRISM
3.325737237930298,0.0014806487101793287,1.148471690210134,NIRCam_GRISM
3.326711654663086,0.0014672792311191559,1.1381015949215585,NIRCam_GRISM
3.327686071395874,0.0014624866855144501,1.1343842358253697,NIRCam_GRISM
3.328660488128662,0.0014772002729415894,1.1457968946858597,NIRCam_GRISM
3.3296351432800293,0.0014928624635219573,1.157945341758123,NIRCam_GRISM
3.3306095600128174,0.0014845357041835786,1.1514866542209807,NIRCam_GRISM
3.3315842151641846,0.0014945537836074827,1.1592572216280446,NIRCam_GRISM
3.3325586318969727,0.0014869866379499433,1.1533877317864412,NIRCam_GRISM
3.33353328704834,0.001506170152282715,1.1682675091289414,NIRCam_GRISM
3.334507942199707,0.0014834767875909803,1.150665300904335,NIRCam_GRISM
3.335482358932495,0.0014862966423511504,1.1528525336627167,NIRCam_GRISM
3.3364570140838623,0.001483737282037735,1.1508673545687174,NIRCam_GRISM
3.3374316692352295,0.0014904408144712448,1.156066979011276,NIRCam_GRISM
3.3384063243865967,0.001420220018863678,1.1015999097700142,NIRCam_GRISM
3.339380979537964,0.0014753029636621474,1.1443252383908644,NIRCam_GRISM
3.340355634689331,0.0014848438811302183,1.1517256930263082,NIRCam_GRISM
3.3413302898406982,0.001479382018637657,1.1474891753395657,NIRCam_GRISM
3.3423049449920654,0.0014917916661500931,1.1571147730627376,NIRCam_GRISM
3.3432796001434326,0.0014929885004520416,1.1580431028577867,NIRCam_GRISM
3.3442542552948,0.0014892222767353058,1.155121814852109,NIRCam_GRISM
3.345229148864746,0.0014731097724437713,1.1426240799673937,NIRCam_GRISM
3.3462038040161133,0.0015078000537395476,1.1695317493691386,NIRCam_GRISM
3.3471786975860596,0.0014838273313283919,1.1509372016974333,NIRCam_GRISM
3.3481533527374268,0.001477233387684822,1.1458225802822268,NIRCam_GRISM
3.349128246307373,0.001502364501929283,1.1653156396789452,NIRCam_GRISM
3.3501029014587402,0.0014955153762102125,1.160003085163506,NIRCam_GRISM
3.3510777950286865,0.0015016294303655624,1.1647454781845896,NIRCam_GRISM
3.3520524501800537,0.0014949152112722396,1.1595375645873016,NIRCam_GRISM
3.35302734375,0.0014869417193651199,1.153352890488381,NIRCam_GRISM
3.3540022373199463,0.0015067562356233595,1.1687221072521874,NIRCam_GRISM
3.3549771308898926,0.0014994800011634826,1.1630782639617097,NIRCam_GRISM
3.355952024459839,0.0015044711547851563,1.1669496742405785,NIRCam_GRISM
3.356926918029785,0.001512824447441101,1.1734289424622966,NIRCam_GRISM
3.3579018115997314,0.0014952484250068663,1.1597960232874491,NIRCam_GRISM
3.3588767051696777,0.001497881401157379,1.161838302829567,NIRCam_GRISM
3.359851598739624,0.0014917005717754363,1.1570441153100166,NIRCam_GRISM
3.3608267307281494,0.001507591844201088,1.1693702507240455,NIRCam_GRISM
3.3618016242980957,0.0014974549654960631,1.1615075361315985,NIRCam_GRISM
3.362776517868042,0.0014991212548017502,1.1628000007669472,NIRCam_GRISM
3.3637516498565674,0.001522345202565193,1.1808137580868738,NIRCam_GRISM
3.3647265434265137,0.0014966977148532868,1.1609201713369357,NIRCam_GRISM
3.365701675415039,0.0014889708671092985,1.1549268078689328,NIRCam_GRISM
3.3666765689849854,0.0014876820791006086,1.1539271537764482,NIRCam_GRISM
3.3676517009735107,0.0014671430223941802,1.1379959440244087,NIRCam_GRISM
3.368626594543457,0.0013374484974145889,1.0373978147785652,NIRCam_GRISM
3.3696017265319824,0.0014797145574569702,1.1477471105386792,NIRCam_GRISM
3.370576858520508,0.0015253930578708649,1.1831778404720854,NIRCam_GRISM
3.371551990509033,0.0015030663063764571,1.165859997387902,NIRCam_GRISM
3.3725271224975586,0.0014940091588258742,1.158834781018625,NIRCam_GRISM
3.373502254486084,0.0014933345596075058,1.1583115251651552,NIRCam_GRISM
3.3744773864746094,0.0014901812551259995,1.155865650662496,NIRCam_GRISM
3.3754525184631348,0.0014826309658288956,1.1500092355310703,NIRCam_GRISM
3.37642765045166,0.0015059338988780975,1.1680842581356077,NIRCam_GRISM
3.3774027824401855,0.0014991795887470244,1.1628452477483988,NIRCam_GRISM
3.37837815284729,0.001498083400440216,1.1619949844625472,NIRCam_GRISM
3.3793532848358154,0.0014982191485404968,1.1621002780741247,NIRCam_GRISM
3.380328416824341,0.0015080200926542281,1.1697024235219728,NIRCam_GRISM
3.3813037872314453,0.0015162716364860536,1.1761027698203408,NIRCam_GRISM
3.3822789192199707,0.0014328112481355668,1.1113663521842707,NIRCam_GRISM
3.383254289627075,0.0015020639606714249,1.165082523529235,NIRCam_GRISM
3.3842296600341797,0.0014881037955284118,1.1542542599801675,NIRCam_GRISM
3.385204792022705,0.0014803432005167007,1.148234720295392,NIRCam_GRISM
3.3861801624298096,0.0014710429571151732,1.1410209455591656,NIRCam_GRISM
3.387155532836914,0.0014909973453998565,1.156498654676032,NIRCam_GRISM
3.3881309032440186,0.0014692416717290878,1.1396237706197716,NIRCam_GRISM
3.389106273651123,0.0014795724956274032,1.1476369196551863,NIRCam_GRISM
3.3900816440582275,0.0014694246298551559,1.1397656828956806,NIRCam_GRISM
3.391057014465332,0.0014761942687749863,1.14501658312537,NIRCam_GRISM
3.3920323848724365,0.0014874371207237243,1.1537371507330543,NIRCam_GRISM
3.393007755279541,0.0015054699526786805,1.1677243962236308,NIRCam_GRISM
3.3939831256866455,0.0014734442664146423,1.14288353168842,NIRCam_GRISM
3.39495849609375,0.0014312596316814422,1.110162834051053,NIRCam_GRISM
3.3959341049194336,0.001441867632651329,1.1183909767022298,NIRCam_GRISM
3.396909475326538,0.0014511259091377258,1.1255721996159869,NIRCam_GRISM
3.3978848457336426,0.00145038592774868,1.1249982297940035,NIRCam_GRISM
3.398860454559326,0.0014759097277164458,1.1447958776006972,NIRCam_GRISM
3.3998358249664307,0.001468143893098831,1.1387722737925365,NIRCam_GRISM
3.4008114337921143,0.0014214241906166077,1.1025339308912179,NIRCam_GRISM
3.401787042617798,0.0014894148534059523,1.155271187794463,NIRCam_GRISM
3.4027624130249023,0.0014912266875982284,1.156676544961817,NIRCam_GRISM
3.403738021850586,0.0014867753597497938,1.1532238529203995,NIRCam_GRISM
3.4047136306762695,0.0014852415184020995,1.1520341221267345,NIRCam_GRISM
3.405689239501953,0.0014744256194829941,1.143644722516031,NIRCam_GRISM
3.4066648483276367,0.0014694039501428604,1.1397496425858016,NIRCam_GRISM
3.4076404571533203,0.0014840943616390228,1.1511443249334037,NIRCam_GRISM
3.408616065979004,0.0014835708084344865,1.1507382285855021,NIRCam_GRISM
3.4095916748046875,0.0014723607052326202,1.1420430626874964,NIRCam_GRISM
3.410567283630371,0.0014768021755456923,1.145488108688215,NIRCam_GRISM
3.411543130874634,0.0014660260186910629,1.137129535184776,NIRCam_GRISM
3.4125187397003174,0.0014826370167016984,1.1500139289171971,NIRCam_GRISM
3.413494348526001,0.001449893456196785,1.1246162420668022,NIRCam_GRISM
3.4144701957702637,0.001459837172603607,1.132329129472303,NIRCam_GRISM
3.4154458045959473,0.0014532802468299865,1.127243221130884,NIRCam_GRISM
3.41642165184021,0.0014772542781829835,1.1458387840890907,NIRCam_GRISM
3.4173972606658936,0.0014688692249536514,1.1393348806388073,NIRCam_GRISM
3.4183731079101562,0.0014578401399135588,1.1307801222748652,NIRCam_GRISM
3.419348955154419,0.001471649730181694,1.1414915917593682,NIRCam_GRISM
3.4203245639801025,0.0014530787714242934,1.1270869458455166,NIRCam_GRISM
3.4213004112243652,0.0014840006425380706,1.1510716313001768,NIRCam_GRISM
3.422276258468628,0.001473048086452484,1.1425762329566957,NIRCam_GRISM
3.4232521057128906,0.001461284520816803,1.1334517714854315,NIRCam_GRISM
3.4242279529571533,0.0009380507239580154,0.7276031735552058,NIRCam_GRISM
3.425203800201416,0.0014535971844911574,1.1274890552230044,NIRCam_GRISM
3.4261796474456787,0.001440291547513008,1.1171684793263983,NIRCam_GRISM
3.4271554946899414,0.001468025193285942,1.138680203760125,NIRCam_GRISM
3.428131580352783,0.0014871371882915496,1.1535045068216658,NIRCam_GRISM
3.429107427597046,0.0014873831982612608,1.1536953255376652,NIRCam_GRISM
3.4300832748413086,0.0014671984959602356,1.1380389723401272,NIRCam_GRISM
3.4310593605041504,0.001461517197203636,1.133632247949174,NIRCam_GRISM
3.432035207748413,0.0014600811274528504,1.1325183541250645,NIRCam_GRISM
3.433011293411255,0.0014446338952302932,1.1205366404493338,NIRCam_GRISM
3.4339871406555176,0.0014281705883502959,1.107766803992563,NIRCam_GRISM
3.4349632263183594,0.0014771777896165849,1.1457794553958431,NIRCam_GRISM
3.435939311981201,0.0014667153205156326,1.1376641951794704,NIRCam_GRISM
3.436915159225464,0.001446566095495224,1.1220353600908217,NIRCam_GRISM
3.4378912448883057,0.0014579917054653169,1.1308976847623131,NIRCam_GRISM
3.4388673305511475,0.0014405942975997924,1.1174033087639887,NIRCam_GRISM
3.4398434162139893,0.0014696112067222595,1.1399104020640043,NIRCam_GRISM
3.440819501876831,0.0014764614257574082,1.1452238046148726,NIRCam_GRISM
3.441795587539673,0.0014637995471715928,1.1354025627492543,NIRCam_GRISM
3.4427716732025146,0.0014849620295286179,1.1518173353516437,NIRCam_GRISM
3.4437477588653564,0.0014791911724805831,1.1473411446776824,NIRCam_GRISM
3.4447240829467773,0.001475185992693901,1.1442345093444106,NIRCam_GRISM
3.445700168609619,0.001479948681974411,1.1479287102513027,NIRCam_GRISM
3.446676254272461,0.0014525391751289366,1.1266684056035947,NIRCam_GRISM
3.447652578353882,0.0014649026740550994,1.136258207972667,NIRCam_GRISM
3.4486286640167236,0.0014571593209266663,1.1302520420305588,NIRCam_GRISM
3.4496049880981445,0.0014603968037366867,1.1327632098243023,NIRCam_GRISM
3.4505810737609863,0.001460693522977829,1.1329933614099215,NIRCam_GRISM
3.4515573978424072,0.0014701665391921998,1.1403411481390158,NIRCam_GRISM
3.452533483505249,0.0014054077013731002,1.0901106705011854,NIRCam_GRISM
3.45350980758667,0.0014800507630825042,1.14800788991218,NIRCam_GRISM
3.454486131668091,0.0014641895369052887,1.135705060003021,NIRCam_GRISM
3.4554624557495117,0.0014526560646533964,1.1267590714778168,NIRCam_GRISM
3.4564387798309326,0.001451307038784027,1.1257126936235153,NIRCam_GRISM
3.4574151039123535,0.001453607856464386,1.1274973329860196,NIRCam_GRISM
3.4583914279937744,0.0014563370360851286,1.1296142331733312,NIRCam_GRISM
3.4593677520751953,0.00145726366109848,1.1303329739441559,NIRCam_GRISM
3.460344076156616,0.0014694841921329498,1.1398118826386583,NIRCam_GRISM
3.461320400238037,0.001467414277935028,1.1382063445787973,NIRCam_GRISM
3.462296724319458,0.0014572093601226805,1.1302908551532314,NIRCam_GRISM
3.463273286819458,0.0014579081107616424,1.1308328441624047,NIRCam_GRISM
3.464249610900879,0.001442835357069969,1.1191415964076956,NIRCam_GRISM
3.465226173400879,0.0014593796479463578,1.1319742484577777,NIRCam_GRISM
3.4662024974823,0.0014396061015844344,1.116636810174408,NIRCam_GRISM
3.4671790599823,0.001451966455078125,1.126224172774936,NIRCam_GRISM
3.4681553840637207,0.0014687737810134887,1.1392608491264538,NIRCam_GRISM
3.4691319465637207,0.0014755347072839737,1.1445049913513232,NIRCam_GRISM
3.4701085090637207,0.0014813059209823607,1.1489814586627003,NIRCam_GRISM
3.4710848331451416,0.0014678321451425552,1.1385304651178643,NIRCam_GRISM
3.4720613956451416,0.0014583916814088819,1.1312079278637264,NIRCam_GRISM
3.4730379581451416,0.0014607055067300796,1.13300265666011,NIRCam_GRISM
3.4740145206451416,0.0014905425329208373,1.1561458773744908,NIRCam_GRISM
3.4749910831451416,0.0014750575299739836,1.144134866670184,NIRCam_GRISM
3.4759676456451416,0.0014506513595581054,1.1252041131454769,NIRCam_GRISM
3.4769442081451416,0.0014670566823005676,1.137928973950709,NIRCam_GRISM
3.4779210090637207,0.00145912514128685,1.1317768392469332,NIRCam_GRISM
3.4788975715637207,0.0014624528724908829,1.1343580086047869,NIRCam_GRISM
3.4798741340637207,0.0014971070788621901,1.161237696332557,NIRCam_GRISM
3.4808506965637207,0.0014776522902965545,1.1461475039371236,NIRCam_GRISM
3.4818274974823,0.0014780153787136078,1.1464291350662106,NIRCam_GRISM
3.4828040599823,0.0014785295555353164,1.1468279585814947,NIRCam_GRISM
3.483780860900879,0.0014645744041919709,1.1360035840082112,NIRCam_GRISM
3.484757661819458,0.001444416812992096,1.1203682596556297,NIRCam_GRISM
3.485734224319458,0.0012136141060590743,0.9413451239759061,NIRCam_GRISM
3.486711025238037,0.0014605156160354613,1.1328553671068862,NIRCam_GRISM
3.487687826156616,0.0014647693867921828,1.1361548231204242,NIRCam_GRISM
3.4886646270751953,0.0014648606480598448,1.1362256103244397,NIRCam_GRISM
3.4896411895751953,0.0014348503680706023,1.1129480045385605,NIRCam_GRISM
3.4906179904937744,0.001453727704167366,1.1275902933844335,NIRCam_GRISM
3.4915947914123535,0.001446796493625641,1.1222140694149456,NIRCam_GRISM
3.4925715923309326,0.001471184759759903,1.1411309354047983,NIRCam_GRISM
3.493548631668091,0.001474783015179634,1.1439219380614687,NIRCam_GRISM
3.49452543258667,0.0014579270978450774,1.1308475715772568,NIRCam_GRISM
3.495502233505249,0.0014471479714632035,1.122486694746938,NIRCam_GRISM
3.496479034423828,0.0014454646919488906,1.121181051581474,NIRCam_GRISM
3.4974560737609863,0.001455158624768257,1.1287001932477594,NIRCam_GRISM
3.4984328746795654,0.0014029483294963835,1.0882030478782838,NIRCam_GRISM
3.4994096755981445,0.001443549704527855,1.1196956831581284,NIRCam_GRISM
3.5003867149353027,0.0014215887494564055,1.1026615716797332,NIRCam_GRISM
3.501363754272461,0.0014552756901979446,1.128790995563646,NIRCam_GRISM
3.50234055519104,0.001434268277645111,1.112496503537531,NIRCam_GRISM
3.5033175945281982,0.0014488179743051529,1.1237820398030367,NIRCam_GRISM
3.5042946338653564,0.0014493044283628463,1.1241593600343702,NIRCam_GRISM
3.5052714347839355,0.0014381335211515428,1.1154945966789944,NIRCam_GRISM
3.5062484741210938,0.0014186341249227523,1.1003698041532617,NIRCam_GRISM
3.507225513458252,0.001420047040605545,1.101465738422603,NIRCam_GRISM
3.50820255279541,0.0014215766250133513,1.1026521673021037,NIRCam_GRISM
3.5091795921325684,0.0014428998360157012,1.1191916097858041,NIRCam_GRISM
3.5101566314697266,0.0014253546121835708,1.1055825796822614,NIRCam_GRISM
3.511133909225464,0.0014163259674549102,1.0985794716522848,NIRCam_GRISM
3.512110948562622,0.0014228338175058365,1.1036273141933532,NIRCam_GRISM
3.5130879878997803,0.0014486076539039611,1.123618903857973,NIRCam_GRISM
3.5140650272369385,0.0014454391484737396,1.1211612386725247,NIRCam_GRISM
3.515042304992676,0.0014435055968761443,1.1196614708639068,NIRCam_GRISM
3.516019344329834,0.001437814147853851,1.1152468733746843,NIRCam_GRISM
3.5169966220855713,0.0014425913514852524,1.1189523324017407,NIRCam_GRISM
3.5179736614227295,0.0014527375072717666,1.126822242803285,NIRCam_GRISM
3.518950939178467,0.0013995408020734787,1.0855599842319805,NIRCam_GRISM
3.519928216934204,0.0014222736434698104,1.1031928127362933,NIRCam_GRISM
3.5209052562713623,0.0014198035492181777,1.1012768732560858,NIRCam_GRISM
3.5218825340270996,0.0013977389784574508,1.0841623918121626,NIRCam_GRISM
3.522859811782837,0.0014067186677932737,1.0911275273761718,NIRCam_GRISM
3.523837089538574,0.0014424164811611176,1.118816693465006,NIRCam_GRISM
3.5248143672943115,0.001423300172972679,1.1039890448642147,NIRCam_GRISM
3.525791645050049,0.0014288067946672438,1.1082602802230317,NIRCam_GRISM
3.526768922805786,0.0014501092176437379,1.1247835983829633,NIRCam_GRISM
3.5277462005615234,0.001414402948641777,1.0970878736443024,NIRCam_GRISM
3.5287234783172607,0.0014076832359313964,1.0918756988987597,NIRCam_GRISM
3.529700994491577,0.0014076102267503738,1.091819069006096,NIRCam_GRISM
3.5306782722473145,0.0014129082156658173,1.0959284774313376,NIRCam_GRISM
3.5316555500030518,0.0014103529829502105,1.0939464999267492,NIRCam_GRISM
3.532633066177368,0.001394487004160881,1.081639983633082,NIRCam_GRISM
3.5336103439331055,0.001432422954702377,1.1110651706734591,NIRCam_GRISM
3.534587860107422,0.0013975467202186585,1.0840132658628778,NIRCam_GRISM
3.5355653762817383,0.0014042208739757536,1.0891901026057438,NIRCam_GRISM
3.5365426540374756,0.0011193811076641081,0.8682528839353039,NIRCam_GRISM
3.537520170211792,0.0014018505603790284,1.0873515584297728,NIRCam_GRISM
3.5384976863861084,0.0014063306525707244,1.0908265616606683,NIRCam_GRISM
3.539475202560425,0.001405929832649231,1.0905156639240594,NIRCam_GRISM
3.540452480316162,0.0014031951125144959,1.088394466212679,NIRCam_GRISM
3.5414299964904785,0.0014050448237419126,1.0898292028690832,NIRCam_GRISM
3.542407512664795,0.001412531826877594,1.0956365298108013,NIRCam_GRISM
3.5433852672576904,0.0014112573180675506,1.0946479514416072,NIRCam_GRISM
3.544362783432007,0.0014278159856081008,1.1074917548145358,NIRCam_GRISM
3.5453402996063232,0.0014048808752298355,1.089702035483951,NIRCam_GRISM
3.5463178157806396,0.001420704316329956,1.1019755572317227,NIRCam_GRISM
3.547295331954956,0.001076444293832779,0.8349487552692059,NIRCam_GRISM
3.5482730865478516,0.0013808040271043776,1.0710267222435619,NIRCam_GRISM
3.549250602722168,0.0013930287366390227,1.0805088720101201,NIRCam_GRISM
3.5502283573150635,0.0014351629781961441,1.1131904819586194,NIRCam_GRISM
3.55120587348938,0.001411065265440941,1.0944989849763171,NIRCam_GRISM
3.5521836280822754,0.0013977994367837905,1.0842092865791395,NIRCam_GRISM
3.553161144256592,0.0013914821208000183,1.0793092326260343,NIRCam_GRISM
3.5541388988494873,0.0013980466557264328,1.0844010430403153,NIRCam_GRISM
3.555116653442383,0.0013847546549081802,1.0740910440911626,NIRCam_GRISM
3.5560944080352783,0.0013102588277101516,1.016308027777077,NIRCam_GRISM
3.557072162628174,0.0011806250144004821,0.9157569898052752,NIRCam_GRISM
3.5580499172210693,0.0013404800215721128,1.039749229836822,NIRCam_GRISM
3.559027671813965,0.0014255659803390501,1.1057465283225507,NIRCam_GRISM
3.5600054264068604,0.0014066819696903227,1.0910990623310641,NIRCam_GRISM
3.560983180999756,0.0013920567896604538,1.0797549770574568,NIRCam_GRISM
3.5619609355926514,0.0014082796092271806,1.0923382784710083,NIRCam_GRISM
3.562938690185547,0.001406453655385971,1.0909219693358012,NIRCam_GRISM
3.5639166831970215,0.0013923304412841796,1.0799672361440777,NIRCam_GRISM
3.564894437789917,0.0013739556091785432,1.0657147167310619,NIRCam_GRISM
3.5658721923828125,0.0013960925837993622,1.0828853585478044,NIRCam_GRISM
3.566850185394287,0.0014161109158039092,1.0984126658924784,NIRCam_GRISM
3.5678279399871826,0.0013958556439638138,1.082701575121297,NIRCam_GRISM
3.5688059329986572,0.0013880384628772735,1.0766381441984751,NIRCam_GRISM
3.5697836875915527,0.0013933368061065674,1.0807478274488145,NIRCam_GRISM
3.5707616806030273,0.0013896930181026457,1.0779215072427715,NIRCam_GRISM
3.571739673614502,0.001409949181318283,1.093633289413316,NIRCam_GRISM
3.5727176666259766,0.001413409469461441,1.0963172771445489,NIRCam_GRISM
3.573695659637451,0.001374149183034897,1.0658648631449,NIRCam_GRISM
3.574673652648926,0.0014140525075435639,1.0968160524637502,NIRCam_GRISM
3.5756516456604004,0.0013917181829452513,1.0794923352681847,NIRCam_GRISM
3.576629638671875,0.0013789428586721418,1.0695830987558024,NIRCam_GRISM
3.5776076316833496,0.0013936912941932677,1.0810227876938026,NIRCam_GRISM
3.578585624694824,0.0014080666605949402,1.0921731039269618,NIRCam_GRISM
3.579563617706299,0.0013856934766292572,1.0748192452920273,NIRCam_GRISM
3.5805416107177734,0.0013781690181970596,1.0689828659846794,NIRCam_GRISM
3.581519842147827,0.0013900569089412688,1.0782037607736816,NIRCam_GRISM
3.5824978351593018,0.001374450405716896,1.0660985078442446,NIRCam_GRISM
3.5834760665893555,0.00138994186091423,1.0781145232650409,NIRCam_GRISM
3.58445405960083,0.001373563633918762,1.0654106793952467,NIRCam_GRISM
3.585432291030884,0.0013860925672054291,1.0751288016543243,NIRCam_GRISM
3.5864102840423584,0.001408659673333168,1.092633076867948,NIRCam_GRISM
3.587388515472412,0.001381935161805153,1.071904091853736,NIRCam_GRISM
3.588366746902466,0.0013802629881858825,1.070607063024652,NIRCam_GRISM
3.5893449783325195,0.0013548662799119948,1.0509079944498023,NIRCam_GRISM
3.590322971343994,0.0013952429929256437,1.0822263696465082,NIRCam_GRISM
3.591301202774048,0.0013388991616249085,1.0385230288594605,NIRCam_GRISM
3.5922794342041016,0.0012602895640373229,0.9775491484329422,NIRCam_GRISM
3.5932576656341553,0.0013286838932752608,1.0305995109940722,NIRCam_GRISM
3.594235897064209,0.0013711797602653504,1.0635616173016122,NIRCam_GRISM
3.595214366912842,0.0013906197657823562,1.0786403431602976,NIRCam_GRISM
3.5961925983428955,0.0013747277590274811,1.0663136381605738,NIRCam_GRISM
3.597170829772949,0.0014009603754520416,1.0866610825723546,NIRCam_GRISM
3.598149061203003,0.0013876514483451843,1.0763379546729324,NIRCam_GRISM
3.5991275310516357,0.001407266387939453,1.091552368918747,NIRCam_GRISM
3.6001057624816895,0.0013770233980178832,1.068094260649415,NIRCam_GRISM
3.6010842323303223,0.0014105515460729598,1.0941005162870308,NIRCam_GRISM
3.602062463760376,0.0014075328508138655,1.0917590520203164,NIRCam_GRISM
3.603040933609009,0.001377797933602333,1.0686950325851792,NIRCam_GRISM
3.6040191650390625,0.0013780214909553529,1.0688684358302003,NIRCam_GRISM
3.6049976348876953,0.0013724543403387068,1.0645502509465088,NIRCam_GRISM
3.605976104736328,0.0013734660847902298,1.0653350149842666,NIRCam_GRISM
3.606954574584961,0.0013763279945850373,1.0675548679154008,NIRCam_GRISM
3.6079330444335938,0.0013949992116451264,1.0820372796230933,NIRCam_GRISM
3.6089115142822266,0.0013604798701763153,1.0552622004506507,NIRCam_GRISM
3.6098899841308594,0.0013731179065942763,1.065064949033814,NIRCam_GRISM
3.610868453979492,0.001372277384853363,1.0644129946453027,NIRCam_GRISM
3.611846923828125,0.0013739316533565521,1.0656961352922756,NIRCam_GRISM
3.612825393676758,0.0013689631808280944,1.0618423177032073,NIRCam_GRISM
3.6138038635253906,0.0013710068697929381,1.0634275140455818,NIRCam_GRISM
3.6147825717926025,0.0013785802600860594,1.0693018475662643,NIRCam_GRISM
3.6157610416412354,0.001383165758228302,1.0728586093867227,NIRCam_GRISM
3.616739511489868,0.0012753274557828903,0.9892133553656839,NIRCam_GRISM
3.61771821975708,0.0013694168018579481,1.0621941708519584,NIRCam_GRISM
3.618696928024292,0.001355383142542839,1.051308901224766,NIRCam_GRISM
3.619675397872925,0.001370975699853897,1.0634033369451472,NIRCam_GRISM
3.6206541061401367,0.0013809052171707154,1.071105210763979,NIRCam_GRISM
3.6216325759887695,0.0013614590050697326,1.0560216707411092,NIRCam_GRISM
3.6226112842559814,0.0013711203887462615,1.0635155655214639,NIRCam_GRISM
3.6235899925231934,0.00137104436647892,1.0634565985151327,NIRCam_GRISM
3.6245687007904053,0.0013913683249711989,1.0792209663904548,NIRCam_GRISM
3.625547409057617,0.0013593912476301193,1.0544178055803246,NIRCam_GRISM
3.626526117324829,0.0013805035279035567,1.0707936387155779,NIRCam_GRISM
3.627504825592041,0.0013761377213716507,1.0674072816598106,NIRCam_GRISM
3.628483533859253,0.0013569872690439224,1.0525531490070688,NIRCam_GRISM
3.629462242126465,0.0013598771292448043,1.0547946817937186,NIRCam_GRISM
3.630441188812256,0.001352329805469513,1.0489405668823417,NIRCam_GRISM
3.6314198970794678,0.0013613535121679305,1.055939844707422,NIRCam_GRISM
3.6323986053466797,0.0013596545333623886,1.054622024317604,NIRCam_GRISM
3.6333775520324707,0.0013690315101623535,1.0618953176521269,NIRCam_GRISM
3.6343562602996826,0.0013589776899337767,1.0540970277325794,NIRCam_GRISM
3.6353352069854736,0.0013621094889163972,1.0565262214003555,NIRCam_GRISM
3.6363139152526855,0.0013453483137369155,1.0435253420858042,NIRCam_GRISM
3.6372928619384766,0.0013392866808414458,1.038823609845717,NIRCam_GRISM
3.6382718086242676,0.0013106836747169494,1.016637562228175,NIRCam_GRISM
3.6392505168914795,0.0013087220160007476,1.0151159930092757,NIRCam_GRISM
3.6402294635772705,0.0013462457665205,1.0442214552881872,NIRCam_GRISM
3.6412084102630615,0.0013537441712856294,1.0500376259539792,NIRCam_GRISM
3.6421873569488525,0.0013347234014987946,1.0352840821349742,NIRCam_GRISM
3.6431663036346436,0.0013400725573062895,1.039433178385284,NIRCam_GRISM
3.6441452503204346,0.0013492962769269942,1.0465875971140397,NIRCam_GRISM
3.6451241970062256,0.0013509508912324904,1.0478710059840943,NIRCam_GRISM
3.6461031436920166,0.0013583571578741074,1.0536157093087706,NIRCam_GRISM
3.6470820903778076,0.001339504905962944,1.038992877121885,NIRCam_GRISM
3.6480612754821777,0.0013335897034883499,1.0344047242823708,NIRCam_GRISM
3.6490402221679688,0.0013461586168289183,1.0441538572462585,NIRCam_GRISM
3.6500191688537598,0.0013707313437938688,1.0632138010914742,NIRCam_GRISM
3.65099835395813,0.0013507110991954803,1.0476850102349673,NIRCam_GRISM
3.651977300643921,0.0013342498922467231,1.0349168025991073,NIRCam_GRISM
3.652956485748291,0.001341211381685734,1.0403165125285694,NIRCam_GRISM
3.653935670852661,0.0013402815682649612,1.0395952986554924,NIRCam_GRISM
3.654914617538452,0.001347977305984497,1.0455645314960753,NIRCam_GRISM
3.6558938026428223,0.001314994227230549,1.0199810612614018,NIRCam_GRISM
3.6568729877471924,0.0013101345062732695,1.0162115973072676,NIRCam_GRISM
3.6578521728515625,0.0013295227409124374,1.0312501668566503,NIRCam_GRISM
3.6588313579559326,0.0013308853441953658,1.0323070760915498,NIRCam_GRISM
3.6598105430603027,0.001328716429567337,1.0306247479122534,NIRCam_GRISM
3.660789728164673,0.0013231833960533142,1.0263330261094028,NIRCam_GRISM
3.661768913269043,0.001340846461868286,1.040033460865704,NIRCam_GRISM
3.662748098373413,0.0013099967157363891,1.0161047194707502,NIRCam_GRISM
3.663727283477783,0.001329535059785843,1.031259722045038,NIRCam_GRISM
3.6647064685821533,0.0013191734167575836,1.0232226680158092,NIRCam_GRISM
3.6656858921051025,0.0013202188882827758,1.024033592606733,NIRCam_GRISM
3.6666650772094727,0.001349790758872032,1.0469711442115328,NIRCam_GRISM
3.6676442623138428,0.0011251503567814827,0.8727278274107702,NIRCam_GRISM
3.668623685836792,0.001308662459564209,1.0150697977970933,NIRCam_GRISM
3.669603109359741,0.001320444422984123,1.024208529590689,NIRCam_GRISM
3.6705822944641113,0.0013183691994190215,1.0225988732968019,NIRCam_GRISM
3.6715617179870605,0.0013124006370782851,1.017969331642212,NIRCam_GRISM
3.6725411415100098,0.0012988360275506972,1.0074478825475766,NIRCam_GRISM
3.67352032661438,0.0013132490298271178,1.018627391212666,NIRCam_GRISM
3.674499750137329,0.0012883426387667657,0.9993086393429854,NIRCam_GRISM
3.6754791736602783,0.0012832909978628157,0.99539031183734,NIRCam_GRISM
3.6764585971832275,0.0012800918752431869,0.992908898294144,NIRCam_GRISM
3.6774380207061768,0.0013026390605211258,1.010397721812924,NIRCam_GRISM
3.678417444229126,0.0013236435881614685,1.0266899761439654,NIRCam_GRISM
3.679396867752075,0.0012907636214971542,1.0011864852555394,NIRCam_GRISM
3.6803762912750244,0.0012853945518493653,0.9970219427473404,NIRCam_GRISM
3.6813559532165527,0.0012823474437236785,0.9946584399155738,NIRCam_GRISM
3.682335376739502,0.001298518118405342,1.007201294919472,NIRCam_GRISM
3.683314800262451,0.0011195911101341246,0.8684157732756518,NIRCam_GRISM
3.6842944622039795,0.0013204338129281998,1.0242002998541044,NIRCam_GRISM
3.6852738857269287,0.0013358161841869353,1.0361317038377138,NIRCam_GRISM
3.686253547668457,0.001313764493727684,1.019027213056332,NIRCam_GRISM
3.6872329711914062,0.00113480813498497,0.880218925590088,NIRCam_GRISM
3.6882126331329346,0.0013172456443309782,1.0217273828466107,NIRCam_GRISM
3.689192295074463,0.001312282465648651,1.0178776714525983,NIRCam_GRISM
3.690171957015991,0.0012937118773937225,1.00347331292062,NIRCam_GRISM
3.6911513805389404,0.0008351050629496575,0.6477529184033616,NIRCam_GRISM
3.6921310424804688,0.0013062115556716919,1.013168743403414,NIRCam_GRISM
3.693110704421997,0.0013087936835289,1.0151715822429843,NIRCam_GRISM
3.6940903663635254,0.0012779660997867585,0.991260031203208,NIRCam_GRISM
3.6950700283050537,0.0012545236937522887,0.9730768257636552,NIRCam_GRISM
3.696049690246582,0.0012676125644207,0.9832292659178573,NIRCam_GRISM
3.6970295906066895,0.0009214823836326599,0.7147518674441612,NIRCam_GRISM
3.6980092525482178,0.0012993704808712005,1.0078624336184128,NIRCam_GRISM
3.698988914489746,0.0012945244213581086,1.0041035662236033,NIRCam_GRISM
3.6999688148498535,0.0011789213562488554,0.914435539860067,NIRCam_GRISM
3.700948476791382,0.0013179650398015975,1.0222853851103426,NIRCam_GRISM
3.70192813873291,0.0013076226348638534,1.0142632531907125,NIRCam_GRISM
3.7029080390930176,0.0013016568848371506,1.0096358929198832,NIRCam_GRISM
3.703887939453125,0.0012883276339173315,0.9992970007654669,NIRCam_GRISM
3.7048676013946533,0.0012676715050220489,0.9832749834547637,NIRCam_GRISM
3.7058475017547607,0.0012622061956882476,0.9790357922104396,NIRCam_GRISM
3.706827402114868,0.0012746724940299987,0.9887053313987597,NIRCam_GRISM
3.7078070640563965,0.001283176409626007,0.9953014309670152,NIRCam_GRISM
3.708786964416504,0.0012940245524406433,1.0037158406972324,NIRCam_GRISM
3.7097668647766113,0.0012892740044593812,1.0000310572425508,NIRCam_GRISM
3.7107467651367188,0.0012916392948269842,1.0018657051287396,NIRCam_GRISM
3.711726665496826,0.0012762942577838898,0.9899632595938461,NIRCam_GRISM
3.7127065658569336,0.0012670359577655792,0.9827820184274564,NIRCam_GRISM
3.71368670463562,0.0012712315482854841,0.9860363466841846,NIRCam_GRISM
3.7146666049957275,0.001266454958820343,0.9823313640378916,NIRCam_GRISM
3.715646505355835,0.00127938827419281,0.9923631470420039,NIRCam_GRISM
3.7166264057159424,0.0012784616825580598,0.9916444321614384,NIRCam_GRISM
3.717606544494629,0.001271542062652111,0.9862771985196152,NIRCam_GRISM
3.7185864448547363,0.0012737739888191222,0.9880084018765147,NIRCam_GRISM
3.719566583633423,0.0012485144580841063,0.9684157356635782,NIRCam_GRISM
3.7205464839935303,0.001263576225209236,0.9800984616395825,NIRCam_GRISM
3.721526622772217,0.001281721625494957,0.9941730212514687,NIRCam_GRISM
3.7225067615509033,0.001263276908695698,0.9798662954681958,NIRCam_GRISM
3.7234866619110107,0.001269086049747467,0.9843721812981887,NIRCam_GRISM
3.7244668006896973,0.0012841215257167816,0.9960345144234451,NIRCam_GRISM
3.725446939468384,0.0012720766108512878,0.9866918231835119,NIRCam_GRISM
3.7264270782470703,0.001227776576066017,0.9523303061832737,NIRCam_GRISM
3.727407217025757,0.001280430942749977,0.9931718974984397,NIRCam_GRISM
3.7283873558044434,0.0012807480244398117,0.9934178433070272,NIRCam_GRISM
3.72936749458313,0.0012700868134737015,0.9851484280880369,NIRCam_GRISM
3.7303476333618164,0.0012555315077066422,0.9738585410939805,NIRCam_GRISM
3.731327772140503,0.0012670304374456406,0.9827777365669943,NIRCam_GRISM
3.7323081493377686,0.0012502953294515609,0.9697970763795538,NIRCam_GRISM
3.733288288116455,0.0012552880499482155,0.9736697020118993,NIRCam_GRISM
3.7342684268951416,0.0012622514831066131,0.9790709195958606,NIRCam_GRISM
3.7352488040924072,0.0012615668075561521,0.9785398479910447,NIRCam_GRISM
3.7362289428710938,0.0012603860014081003,0.9776239505041253,NIRCam_GRISM
3.7372093200683594,0.0012483458427429198,0.968284948431903,NIRCam_GRISM
3.738189697265625,0.0012360305508613586,0.9587325380691948,NIRCam_GRISM
3.7391698360443115,0.0012453021981477736,0.9659241321028474,NIRCam_GRISM
3.740150213241577,0.001260405250096321,0.977638880833881,NIRCam_GRISM
3.7411305904388428,0.0012452435408473015,0.9658786343095132,NIRCam_GRISM
3.7421109676361084,0.0012509790882587433,0.97032743690841,NIRCam_GRISM
3.743091106414795,0.0012589839453697204,0.9765364395657796,NIRCam_GRISM
3.7440714836120605,0.0012486335827231407,0.9685081352142596,NIRCam_GRISM
3.745051860809326,0.0012443398555278778,0.9651776868132695,NIRCam_GRISM
3.746032476425171,0.0012499330679893493,0.9695160866816304,NIRCam_GRISM
3.7470128536224365,0.001241557549190521,0.9630195786543401,NIRCam_GRISM
3.747993230819702,0.0012574598877072333,0.9753542975306156,NIRCam_GRISM
3.7489736080169678,0.001260952200448513,0.9780631252823611,NIRCam_GRISM
3.7499539852142334,0.0012530806918501854,0.9719575549858591,NIRCam_GRISM
3.750934600830078,0.0012247769726991655,0.9500036506268247,NIRCam_GRISM
3.7519149780273438,0.0012525813133478165,0.9715702098521165,NIRCam_GRISM
3.7528955936431885,0.0012450834451436996,0.9657544553722359,NIRCam_GRISM
3.753875970840454,0.0012399343126893044,0.9617605081163072,NIRCam_GRISM
3.754856586456299,0.0012422300357937811,0.9635411958486009,NIRCam_GRISM
3.7558372020721436,0.001241653031516075,0.9630936399404914,NIRCam_GRISM
3.756817579269409,0.0012395705216526984,0.9614783319972711,NIRCam_GRISM
3.757798194885254,0.0012516760806798935,0.9708680621481977,NIRCam_GRISM
3.7587788105010986,0.0012308318645358083,0.9547001541349569,NIRCam_GRISM
3.7597594261169434,0.00123737449375391,0.959774973290151,NIRCam_GRISM
3.760740041732788,0.001234404686129093,0.9574714289321786,NIRCam_GRISM
3.761720657348633,0.0012427521827578546,0.9639462014398967,NIRCam_GRISM
3.7627012729644775,0.0012422124683856965,0.9635275696111842,NIRCam_GRISM
3.7636818885803223,0.001219787986433506,0.9461339214671896,NIRCam_GRISM
3.764662504196167,0.0012508293833971022,0.9702113176734425,NIRCam_GRISM
3.7656431198120117,0.0012468771502494812,0.9671457506338419,NIRCam_GRISM
3.7666239738464355,0.0012415442580819129,0.9630092693474375,NIRCam_GRISM
3.7676045894622803,0.0012294525962352754,0.9536303186057891,NIRCam_GRISM
3.768585205078125,0.0012282455600976943,0.9526940757120209,NIRCam_GRISM
3.769566059112549,0.0012400609687089918,0.9618587494155469,NIRCam_GRISM
3.7705466747283936,0.0012400141013145446,0.9618223965147228,NIRCam_GRISM
3.7715275287628174,0.0012474369521141052,0.9675799634145154,NIRCam_GRISM
3.772508382797241,0.0012314913858890533,0.9552117147759676,NIRCam_GRISM
3.773488998413086,0.001225831720137596,0.9508217701206865,NIRCam_GRISM
3.7744698524475098,0.0012414647128701209,0.9629475697537345,NIRCam_GRISM
3.7754507064819336,0.001226530965614319,0.9513641429529477,NIRCam_GRISM
3.7764315605163574,0.0012368395647048948,0.9593600532184005,NIRCam_GRISM
3.7774124145507812,0.0012337125627279281,0.9569345803691772,NIRCam_GRISM
3.778393268585205,0.001245979774069786,0.966449696849603,NIRCam_GRISM
3.779374122619629,0.0012286409999728203,0.9530008003919805,NIRCam_GRISM
3.7803549766540527,0.0012410325195670127,0.9626123371155634,NIRCam_GRISM
3.7813358306884766,0.0012149097048044205,0.9423500608462605,NIRCam_GRISM
3.7823166847229004,0.0012353500248551367,0.9582046850766351,NIRCam_GRISM
3.783297538757324,0.0012155252778053285,0.9428275327543102,NIRCam_GRISM
3.784278631210327,0.0012328761124253272,0.9562857840097163,NIRCam_GRISM
3.785259485244751,0.0011984315514564515,0.9295687086612499,NIRCam_GRISM
3.786240577697754,0.0012061907869577407,0.9355871938357818,NIRCam_GRISM
3.7872214317321777,0.0008321745520353317,0.6454798547118751,NIRCam_GRISM
3.7882025241851807,0.0012040912858843804,0.9339587065857385,NIRCam_GRISM
3.7891833782196045,0.0012198095132112503,0.9461506188071127,NIRCam_GRISM
3.7901644706726074,0.00123250061801672,0.9559945301186664,NIRCam_GRISM
3.7911455631256104,0.0012045045047879219,0.934279221647356,NIRCam_GRISM
3.7921266555786133,0.0012034471745133398,0.933459098765263,NIRCam_GRISM
3.793107509613037,0.0012234537786126136,0.9489773093085829,NIRCam_GRISM
3.79408860206604,0.0012029240205168722,0.9330533120648575,NIRCam_GRISM
3.795069694519043,0.0011905668202996252,0.9234683953170842,NIRCam_GRISM
3.796050786972046,0.0012056095471024513,0.9351363525832738,NIRCam_GRISM
3.797032117843628,0.0012023691630244256,0.9326229344082297,NIRCam_GRISM
3.798013210296631,0.0012086193079948425,0.9374708868691235,NIRCam_GRISM
3.798994302749634,0.0012044869196891784,0.9342655816881019,NIRCam_GRISM
3.7999753952026367,0.0012183694498777388,0.9450336273429812,NIRCam_GRISM
3.8009564876556396,0.0012144883615493774,0.9420232440956354,NIRCam_GRISM
3.8019378185272217,0.0011927243499040602,0.9251418926527107,NIRCam_GRISM
3.8029189109802246,0.0007705170568108558,0.597654947110395,NIRCam_GRISM
3.8039002418518066,0.0012030780161142347,0.9331727594278761,NIRCam_GRISM
3.8048813343048096,0.0011828306921362877,0.9174678334509584,NIRCam_GRISM
3.8058626651763916,0.0012087805201292036,0.937595931770834,NIRCam_GRISM
3.8068439960479736,0.0012033074153900145,0.9333506939860036,NIRCam_GRISM
3.8078250885009766,0.0011896643195867538,0.9227683666661277,NIRCam_GRISM
3.8088064193725586,0.0011938778019547462,0.9260365728135892,NIRCam_GRISM
3.8097877502441406,0.001189590494799614,0.9227111041449889,NIRCam_GRISM
3.8107690811157227,0.0011933125849962233,0.9255981597914945,NIRCam_GRISM
3.8117504119873047,0.0012009052536010741,0.9314874466195379,NIRCam_GRISM
3.8127317428588867,0.0011882658231258392,0.9216836167297131,NIRCam_GRISM
3.8137130737304688,0.0011933319133758543,0.9256131519342433,NIRCam_GRISM
3.814694404602051,0.0011852589226961135,0.9193513011743223,NIRCam_GRISM
3.815675735473633,0.001205316187417507,0.9349088068522092,NIRCam_GRISM
3.816657304763794,0.0011895842506647108,0.9227062608542631,NIRCam_GRISM
3.817638635635376,0.001186359056687355,0.9202046249476741,NIRCam_GRISM
3.818619966506958,0.0011746591873526572,0.9111295697926735,NIRCam_GRISM
3.819601535797119,0.001186935156738758,0.920651479488671,NIRCam_GRISM
3.820582866668701,0.0011768108973145485,0.9127985530969415,NIRCam_GRISM
3.8215644359588623,0.0011828903334379194,0.917514094489124,NIRCam_GRISM
3.8225457668304443,0.0011807206635355949,0.915831180477995,NIRCam_GRISM
3.8235273361206055,0.0011685316489934922,0.9063767176895399,NIRCam_GRISM
3.8245089054107666,0.0011700525490403175,0.9075564105062153,NIRCam_GRISM
3.8254902362823486,0.0011683519250035284,0.9062373139855378,NIRCam_GRISM
3.8264718055725098,0.0011683133878231046,0.9062074224518925,NIRCam_GRISM
3.827453374862671,0.0011711792321205138,0.9084303271972901,NIRCam_GRISM
3.828434944152832,0.0011746807818889618,0.9111463196898222,NIRCam_GRISM
3.829416513442993,0.0011708107695817946,0.9081445276070749,NIRCam_GRISM
3.8303980827331543,0.001170134238409996,0.9076197732254219,NIRCam_GRISM
3.8313796520233154,0.0011667860916852952,0.9050227684790881,NIRCam_GRISM
3.8323612213134766,0.0011777727726340293,0.9135446359228953,NIRCam_GRISM
3.833343029022217,0.001162026261115074,0.9013307849434165,NIRCam_GRISM
3.834324598312378,0.0009492723805785178,0.7363073009132374,NIRCam_GRISM
3.835306167602539,0.0011525389548540114,0.8939719140766974,NIRCam_GRISM
3.8362879753112793,0.001157195749771595,0.897583977554814,NIRCam_GRISM
3.8372695446014404,0.0011512571009993553,0.892977638491315,NIRCam_GRISM
3.8382513523101807,0.0011532177898168562,0.8944984554040172,NIRCam_GRISM
3.839232921600342,0.0011463226185679436,0.8891501854706526,NIRCam_GRISM
3.840214729309082,0.0011499950733661651,0.8919987412018923,NIRCam_GRISM
3.8411965370178223,0.0011575935076236724,0.8978925001838003,NIRCam_GRISM
3.8421781063079834,0.0011752425335645675,0.9115820448499671,NIRCam_GRISM
3.8431599140167236,0.0011437029369473456,0.8871182178891888,NIRCam_GRISM
3.844141721725464,0.0011417310114741324,0.8855886852150171,NIRCam_GRISM
3.845123529434204,0.0011501013926386832,0.892081208213663,NIRCam_GRISM
3.8461053371429443,0.0011428849469304085,0.8864837403315695,NIRCam_GRISM
3.8470871448516846,0.0011584900424957273,0.8985879014040644,NIRCam_GRISM
3.848068952560425,0.0011458295216679572,0.8887677126894511,NIRCam_GRISM
3.849050760269165,0.0011482500099778176,0.890645175102546,NIRCam_GRISM
3.8500328063964844,0.0011726509162545203,0.9095718454745276,NIRCam_GRISM
3.8510146141052246,0.001131289458322525,0.8774896485468305,NIRCam_GRISM
3.851996421813965,0.0011315963057160377,0.8777276560784221,NIRCam_GRISM
3.852978467941284,0.0011480312754154204,0.8904755126763023,NIRCam_GRISM
3.8539602756500244,0.0011296892676591873,0.8762484536144016,NIRCam_GRISM
3.8549423217773438,0.0011242154499530792,0.8720026628136419,NIRCam_GRISM
3.855924129486084,0.0011282816385626794,0.8751566199089851,NIRCam_GRISM
3.8569061756134033,0.001135704151070118,0.8809139244110039,NIRCam_GRISM
3.8578882217407227,0.0011151887307524681,0.8650010483279733,NIRCam_GRISM
3.858870029449463,0.0011196133699893952,0.8684330392303855,NIRCam_GRISM
3.8598520755767822,0.0011216823142051696,0.8700378249193239,NIRCam_GRISM
3.8608341217041016,0.0011057830289125442,0.8577054742897522,NIRCam_GRISM
3.861816167831421,0.0010975840335965157,0.8513458874789929,NIRCam_GRISM
3.8627982139587402,0.0011250710921168327,0.8726663454246929,NIRCam_GRISM
3.8637802600860596,0.001073072374033928,0.8323333108332529,NIRCam_GRISM
3.864762306213379,0.0010280912187695503,0.797443479734945,NIRCam_GRISM
3.8657443523406982,0.0010559777516365053,0.8190737917161935,NIRCam_GRISM
3.8667263984680176,0.0010231909712672233,0.7936425811877373,NIRCam_GRISM
3.867708683013916,0.0006982378880739211,0.5415912916899023,NIRCam_GRISM
3.8686907291412354,0.001020345422077179,0.791435418431711,NIRCam_GRISM
3.8696727752685547,0.0011114684512615203,0.8621153971632852,NIRCam_GRISM
3.870655059814453,0.0010720249315857885,0.8315208574872686,NIRCam_GRISM
3.8716371059417725,0.001062367304253578,0.8240298763319208,NIRCam_GRISM
3.872619390487671,0.001071957328903675,0.8314684211692845,NIRCam_GRISM
3.8736014366149902,0.0011018577574968338,0.8546608202361999,NIRCam_GRISM
3.8745837211608887,0.001100945165848732,0.8539529645069093,NIRCam_GRISM
3.875566005706787,0.0011085970473408697,0.8598881800716456,NIRCam_GRISM
3.8765482902526855,0.0011028306013584135,0.8554154108601189,NIRCam_GRISM
3.877530336380005,0.0008625121062040328,0.6690113121557882,NIRCam_GRISM
3.8785126209259033,0.0008336432744026184,0.6466190756817181,NIRCam_GRISM
3.8794949054718018,0.0010684462931871415,0.8287450708593606,NIRCam_GRISM
3.8804771900177,0.0010693965637683868,0.8294821524190154,NIRCam_GRISM
3.8814594745635986,0.001078904194009304,0.8368567876701793,NIRCam_GRISM
3.882441997528076,0.0010844502180576325,0.8411585856381515,NIRCam_GRISM
3.8834242820739746,0.0010872083885788916,0.8432979727450733,NIRCam_GRISM
3.884406566619873,0.0010846124095201491,0.841284390160057,NIRCam_GRISM
3.8853888511657715,0.0010723021888494491,0.8317359133043778,NIRCam_GRISM
3.886371374130249,0.0010705322434663772,0.8303630473762874,NIRCam_GRISM
3.8873536586761475,0.0008195262950897216,0.6356691785314478,NIRCam_GRISM
3.888336181640625,0.0003878699196577072,0.3008530106759788,NIRCam_GRISM
3.8893184661865234,0.0008030898342013359,0.6229201652862528,NIRCam_GRISM
3.890300989151001,0.0010570865414500238,0.8199338294161995,NIRCam_GRISM
3.8912832736968994,0.0010637422340035439,0.8250963466452419,NIRCam_GRISM
3.892265796661377,0.0010623322795033454,0.8240027092302158,NIRCam_GRISM
3.8932483196258545,0.0010600474573493003,0.8222304768681129,NIRCam_GRISM
3.894230842590332,0.0010484072769641876,0.8132017197096224,NIRCam_GRISM
3.8952133655548096,0.0010538788373589516,0.8174457596169008,NIRCam_GRISM
3.896195888519287,0.0010434772201180459,0.8093776994136572,NIRCam_GRISM
3.8971784114837646,0.0010398373052000998,0.8065543833838015,NIRCam_GRISM
3.898160934448242,0.0010457129602909087,0.8111118611209859,NIRCam_GRISM
3.8991434574127197,0.001060527819311619,0.8226030717388502,NIRCam_GRISM
3.9001259803771973,0.0010618191755533218,0.8236047178925772,NIRCam_GRISM
3.901108503341675,0.0010684064538240433,0.8287141692819913,NIRCam_GRISM
3.9020910263061523,0.0010541914667606352,0.8176882519885841,NIRCam_GRISM
3.903073787689209,0.0010695406522631644,0.8295939152943006,NIRCam_GRISM
3.9040563106536865,0.0010624043039321898,0.8240585752955172,NIRCam_GRISM
3.905039072036743,0.0010546811476111412,0.8180680750959678,NIRCam_GRISM
3.9060215950012207,0.001069689307451248,0.8297092203453523,NIRCam_GRISM
3.9070043563842773,0.00106483612511158,0.8259448280987528,NIRCam_GRISM
3.907986879348755,0.0010366925765156747,0.8041151607359011,NIRCam_GRISM
3.9089696407318115,0.0010318714851975442,0.8003756600314293,NIRCam_GRISM
3.909952402114868,0.0010334676233649254,0.8016137116275295,NIRCam_GRISM
3.910935163497925,0.0010620850831747053,0.8238109703096904,NIRCam_GRISM
3.9119179248809814,0.0010610323390364646,0.8229944046844399,NIRCam_GRISM
3.912900686264038,0.0010797027980685233,0.8374762284243534,NIRCam_GRISM
3.9138834476470947,0.0010685570061683654,0.8288309458706312,NIRCam_GRISM
3.9148662090301514,0.0010751752794742582,0.8339644386955233,NIRCam_GRISM
3.915848970413208,0.0010717380364179611,0.8312983259873641,NIRCam_GRISM
3.9168317317962646,0.0010512113773584364,0.8153767325247228,NIRCam_GRISM
3.9178144931793213,0.0010661205924272538,0.8269411308266787,NIRCam_GRISM
3.918797254562378,0.0010610540981292724,0.8230112822205647,NIRCam_GRISM
3.9197802543640137,0.0010613387640237807,0.8232320845748055,NIRCam_GRISM
3.9207630157470703,0.0010668058339118958,0.8274726414008334,NIRCam_GRISM
3.921746015548706,0.0010626122262477875,0.8242198511549329,NIRCam_GRISM
3.9227287769317627,0.001060161837887764,0.8223191966363019,NIRCam_GRISM
3.9237117767333984,0.0010501345639109612,0.8145414974338058,NIRCam_GRISM
3.924694538116455,0.001055319964802265,0.8185635764624848,NIRCam_GRISM
3.925677537918091,0.0010680725513219833,0.8284551763363521,NIRCam_GRISM
3.9266605377197266,0.001064101793718338,0.8253752407208874,NIRCam_GRISM
3.9276435375213623,0.001054358840918541,0.8178180764909836,NIRCam_GRISM
3.928626298904419,0.001062040555536747,0.823776432251287,NIRCam_GRISM
3.9296092987060547,0.0010512484221816064,0.8154054665048944,NIRCam_GRISM
3.9305922985076904,0.0010556264250874518,0.8188012837317992,NIRCam_GRISM
3.931575298309326,0.0010579984369874,0.8206411452041412,NIRCam_GRISM
3.932558298110962,0.0010445332215070725,0.8101967915398192,NIRCam_GRISM
3.9335415363311768,0.0010491131254792212,0.8137492142176174,NIRCam_GRISM
3.9345245361328125,0.001044007962489128,0.8097893720702383,NIRCam_GRISM
3.9355075359344482,0.0010395620690107346,0.8063408952218667,NIRCam_GRISM
3.936490535736084,0.0010584296618938445,0.8209756267011772,NIRCam_GRISM
3.937473773956299,0.0010493471429347991,0.8139307308872356,NIRCam_GRISM
3.9384567737579346,0.0010450178379058836,0.810572686382951,NIRCam_GRISM
3.9394400119781494,0.0010548293741345404,0.81818304765137,NIRCam_GRISM
3.940423011779785,0.0010385810245275497,0.8055799437496987,NIRCam_GRISM
3.94140625,0.0010313100698947906,0.7999401957803679,NIRCam_GRISM
3.942389488220215,0.0010417724291801453,0.808055370817789,NIRCam_GRISM
3.9433724880218506,0.0010407836357712746,0.8072884088573001,NIRCam_GRISM
3.9443557262420654,0.0010449170398712157,0.8104945019436244,NIRCam_GRISM
3.9453389644622803,0.0010455277059674263,0.8109681677894441,NIRCam_GRISM
3.946322202682495,0.0010251397997498512,0.7951541985794833,NIRCam_GRISM
3.94730544090271,0.0010202432261466978,0.791356149708343,NIRCam_GRISM
3.948288679122925,0.0009996018591880798,0.7753455825587992,NIRCam_GRISM
3.9492719173431396,0.0009821723027229308,0.7618262703576504,NIRCam_GRISM
3.9502551555633545,0.0010013684818983076,0.7767158712410709,NIRCam_GRISM
3.9512383937835693,0.0010075347476959228,0.7814987624523254,NIRCam_GRISM
3.9522218704223633,0.0009605774813652038,0.7450761521061099,NIRCam_GRISM
3.953205108642578,0.0009859916156888008,0.7647887372731302,NIRCam_GRISM
3.954188346862793,0.0009747751729726791,0.7560886541029843,NIRCam_GRISM
3.955171823501587,0.0009718853436470031,0.7538471452648239,NIRCam_GRISM
3.9561550617218018,0.0009685178787231445,0.7512351562722701,NIRCam_GRISM
3.9571385383605957,0.000934846192085743,0.725117564301384,NIRCam_GRISM
3.9581217765808105,0.0009435687824964523,0.7318832799523197,NIRCam_GRISM
3.9591052532196045,0.0009393621094465256,0.7286203554823922,NIRCam_GRISM
3.9600887298583984,0.0009399485954165458,0.7290752659068859,NIRCam_GRISM
3.9610719680786133,0.0009165005778551101,0.7108877078617386,NIRCam_GRISM
3.9620554447174072,0.000925765147960186,0.7180738124485302,NIRCam_GRISM
3.963038921356201,0.0008917746197462083,0.6917089096051581,NIRCam_GRISM
3.964022397994995,0.0008919810243368148,0.691869008234503,NIRCam_GRISM
3.965005874633789,0.0008852556711435317,0.6866524584235661,NIRCam_GRISM
3.965989351272583,0.0008789842791914939,0.6817880256478439,NIRCam_GRISM
3.966972827911377,0.0008575615924477577,0.6651714243674219,NIRCam_GRISM
3.967956304550171,0.000857826512646675,0.6653769108859524,NIRCam_GRISM
3.968940019607544,0.0008634943480610848,0.6697731923762673,NIRCam_GRISM
3.969923496246338,0.000828224941778183,0.6424163221288159,NIRCam_GRISM
3.970906972885132,0.000819949123775959,0.6359971474633178,NIRCam_GRISM
3.971890687942505,0.0008062742528796195,0.6253901736526142,NIRCam_GRISM
3.972874164581299,0.0007849494980335236,0.6088495336797158,NIRCam_GRISM
3.973857879638672,0.0007859783097147941,0.6096475359893613,NIRCam_GRISM
3.974841356277466,0.0007332129006445407,0.5687198141584325,NIRCam_GRISM
3.975825071334839,0.0007472057729363442,0.5795734471514439,NIRCam_GRISM
3.976808786392212,0.0007285631699740886,0.5651132300947019,NIRCam_GRISM
3.977792263031006,0.0007029978128969669,0.5452833483331925,NIRCam_GRISM
3.978775978088379,0.0006893979874014855,0.5347345838180315,NIRCam_GRISM
3.979759693145752,0.0006808104358792305,0.528073611675398,NIRCam_GRISM
3.980743408203125,0.0006719403191447258,0.5211934665819653,NIRCam_GRISM
3.981727123260498,0.0006566266821026801,0.5093153765961154,NIRCam_GRISM
3.982710838317871,0.0006507580938458443,0.504763380279812,NIRCam_GRISM
3.983694553375244,0.0006169399900138378,0.47853221916736804,NIRCam_GRISM
3.984678268432617,0.0006095139177203178,0.4727721535016042,NIRCam_GRISM
3.9856622219085693,0.0005984758459925651,0.46421042457381717,NIRCam_GRISM
3.9866459369659424,0.0005848344453215598,0.45362941209073765,NIRCam_GRISM
3.9876296520233154,0.0005717444092392921,0.4434760679781474,NIRCam_GRISM
3.9886136054992676,0.0005670836797356606,0.4398609526210418,NIRCam_GRISM
3.9895973205566406,0.000553503395742178,0.4293273455579325,NIRCam_GRISM
3.9905812740325928,0.0005362971973180771,0.41598128200459666,NIRCam_GRISM
3.991564989089966,0.0005269117737710476,0.4087014369135288,NIRCam_GRISM
3.992548942565918,0.0005090281091570854,0.3948298937276635,NIRCam_GRISM
3.99353289604187,0.0004926444875121116,0.3821218654742316,NIRCam_GRISM
3.994516611099243,0.00047958883472681044,0.3719951909172967,NIRCam_GRISM
3.9955005645751953,0.0004717621763706207,0.36592440890855016,NIRCam_GRISM
3.9964845180511475,0.00045396860331296915,0.3521227456349411,NIRCam_GRISM
3.9974684715270996,0.0004384585722982883,0.3400923217996449,NIRCam_GRISM
3.9984524250030518,0.00041761959317326543,0.32392847590329443,NIRCam_GRISM
3.999436378479004,0.00041655197252631185,0.3231003712485708,NIRCam_GRISM
4.000420093536377,0.00040587254823446276,0.31481682878329176,NIRCam_GRISM
4.001404285430908,0.00039431541418433186,0.30585248688011923,NIRCam_GRISM
4.0023884773254395,0.0003851429077684879,0.2987377918991661,NIRCam_GRISM
4.0033721923828125,0.00037818205473423,0.2933385755998521,NIRCam_GRISM
4.004356384277344,0.0003640886024951935,0.2824069273279931,NIRCam_GRISM
4.005340576171875,0.00035283918401598927,0.27368126636204526,NIRCam_GRISM
4.006324291229248,0.0003352274527788162,0.2600206494970003,NIRCam_GRISM
4.007308483123779,0.0003330777038097381,0.25835318724544065,NIRCam_GRISM
4.0082926750183105,0.0003211633553504944,0.24911177041329893,NIRCam_GRISM
4.009276866912842,0.00030973334545493123,0.24024603292024693,NIRCam_GRISM
4.010261058807373,0.00030105777606368063,0.23351678933005182,NIRCam_GRISM
4.011244773864746,0.00029325804234743113,0.2274668915368034,NIRCam_GRISM
4.012228965759277,0.0002796203033924102,0.21688871927984688,NIRCam_GRISM
4.013213157653809,0.0002733916609168052,0.21205744532371293,NIRCam_GRISM
4.01419734954834,0.00026087259008884426,0.20234697292414738,NIRCam_GRISM
4.015181541442871,0.0002549005967617035,0.19771477000984888,NIRCam_GRISM
4.016165733337402,0.00015686027503609658,0.1216693628671135,NIRCam_GRISM
4.017149925231934,0.00023832450968027112,0.18485745509335036,NIRCam_GRISM
4.018134117126465,0.00022973613412380218,0.17819584378495115,NIRCam_GRISM
4.019118309020996,0.0002251706298470497,0.17465459029427782,NIRCam_GRISM
4.0201029777526855,0.00021769630440473555,0.16885709686123018,NIRCam_GRISM
4.021087169647217,0.00021120846839249133,0.16382477829737188,NIRCam_GRISM
4.022071361541748,0.00020336477749943732,0.15774078492642535,NIRCam_GRISM
4.023055553436279,0.00019858551789224147,0.154033731172693,NIRCam_GRISM
4.0240397453308105,0.00018848422720134259,0.14619862058006938,NIRCam_GRISM
4.0250244140625,0.00018264037275910378,0.14166580915594223,NIRCam_GRISM
4.026008605957031,0.00017702142560482024,0.1373074480598117,NIRCam_GRISM
4.0269927978515625,0.0001704992346048355,0.13224848189847382,NIRCam_GRISM
4.027977466583252,0.000161615533426404,0.1253577999713074,NIRCam_GRISM
4.028961658477783,0.00015920366025865077,0.1234870199311137,NIRCam_GRISM
4.0299458503723145,0.00015182497105896474,0.1177637071706735,NIRCam_GRISM
4.030930519104004,0.0001456402006447315,0.11296646277207759,NIRCam_GRISM
4.031914710998535,0.00014055036734044552,0.10901851116297971,NIRCam_GRISM
4.032899379730225,0.00013494127999544143,0.10466779787132195,NIRCam_GRISM
4.033883571624756,0.00013117667157351971,0.10174776277617768,NIRCam_GRISM
4.034868240356445,0.00012855546786785126,0.0997146145827284,NIRCam_GRISM
4.035852909088135,0.00012194694814383984,0.09458868716656013,NIRCam_GRISM
4.036837100982666,0.00011644939800202847,0.09032448819757148,NIRCam_GRISM
4.0378217697143555,0.00011346214551031589,0.08800741265179529,NIRCam_GRISM
4.038805961608887,0.0001084203176021576,0.08409669663953478,NIRCam_GRISM
4.039790630340576,0.00010559716063439847,0.0819069025092997,NIRCam_GRISM
4.040775299072266,9.97710602492094e-05,0.07738786209768064,NIRCam_GRISM
4.041759967803955,9.566160229146481e-05,0.07420034294196762,NIRCam_GRISM
4.042744159698486,9.129861979782581e-05,0.07081617636391419,NIRCam_GRISM
4.043728828430176,8.825902217030526e-05,0.06845849908311309,NIRCam_GRISM
4.044713497161865,8.597732842564583e-05,0.06668869328552217,NIRCam_GRISM
4.045698165893555,8.118979173898696e-05,0.06297521937866671,NIRCam_GRISM
4.046682834625244,7.817963789701461e-05,0.06064038029974446,NIRCam_GRISM
4.047667503356934,7.5589069968462e-05,0.05863099488168088,NIRCam_GRISM
4.048652172088623,7.174509528577326e-05,0.055649398996983956,NIRCam_GRISM
4.0496368408203125,6.781864128708838e-05,0.052603827667741514,NIRCam_GRISM
4.050621509552002,6.439057006537915e-05,0.049944829133456985,NIRCam_GRISM
4.051606178283691,6.275705965161323e-05,0.04867778958992719,NIRCam_GRISM
4.052590847015381,6.111133897006512e-05,0.04740127909843969,NIRCam_GRISM
4.05357551574707,5.91525874465704e-05,0.04588196485636184,NIRCam_GRISM
4.05456018447876,5.665270667374134e-05,0.04394292132986116,NIRCam_GRISM
4.055544853210449,5.50172927826643e-05,0.04267440534577545,NIRCam_GRISM
4.056529998779297,5.239043937325477e-05,0.04063687493474809,NIRCam_GRISM
4.057514667510986,4.9918722754716866e-05,0.0387196770585085,NIRCam_GRISM
4.058499336242676,4.7639274492859834e-05,0.03695161297953838,NIRCam_GRISM
4.059484004974365,4.714508381783962e-05,0.03656829180691682,NIRCam_GRISM
4.060469150543213,4.515237248837947e-05,0.03502263649184293,NIRCam_GRISM
4.061453819274902,4.30365759819746e-05,0.033381509617422325,NIRCam_GRISM
4.062438488006592,4.0758860716223716e-05,0.031614789744511,NIRCam_GRISM
4.0634236335754395,3.9314818674325946e-05,0.03049471217770451,NIRCam_GRISM
4.064408302307129,3.792967753410339e-05,0.029420321354577852,NIRCam_GRISM
4.065393447875977,3.662358520328998e-05,0.028407245088460622,NIRCam_GRISM
4.066378116607666,3.513021369874477e-05,0.0272489049067919,NIRCam_GRISM
4.067363262176514,3.407203347980976e-05,0.026428122761619845,NIRCam_GRISM
4.068347930908203,3.229459268152713e-05,0.02504944298172468,NIRCam_GRISM
4.069333076477051,3.1386492186784744e-05,0.02434507083530844,NIRCam_GRISM
4.07031774520874,3.0444222915172576e-05,0.023614195526694266,NIRCam_GRISM
4.071302890777588,2.913140118718147e-05,0.022595899574031783,NIRCam_GRISM
4.0722880363464355,2.7226006296277044e-05,0.021117971638910882,NIRCam_GRISM
4.073272705078125,2.6094408029317857e-05,0.020240242461585577,NIRCam_GRISM
4.074257850646973,2.5972832483053204e-05,0.020145941853921608,NIRCam_GRISM
4.07524299621582,2.4561131593585012e-05,0.019050949844370387,NIRCam_GRISM
4.076228141784668,2.369020338654518e-05,0.01837541054655168,NIRCam_GRISM
4.077213287353516,1.3710633626580238e-05,0.010634713329850802,NIRCam_GRISM
4.078197956085205,2.1486527052521707e-05,0.016666119296971295,NIRCam_GRISM
4.079183101654053,2.0354887333512306e-05,0.015788357967180762,NIRCam_GRISM
4.0801682472229,1.973837929368019e-05,0.015310160792073391,NIRCam_GRISM
4.081153392791748,1.863100060224533e-05,0.014451217635123727,NIRCam_GRISM
4.082138538360596,1.8083415347337723e-05,0.01402648072155716,NIRCam_GRISM
4.083123683929443,1.754117442369461e-05,0.013605889162062887,NIRCam_GRISM
4.084108829498291,1.6782208329439162e-05,0.013017193769908612,NIRCam_GRISM
4.085093975067139,1.565416691750288e-05,0.012142223482839927,NIRCam_GRISM
4.086079120635986,1.4922797656059263e-05,0.011574933695543818,NIRCam_GRISM
4.087064266204834,1.459994547367096e-05,0.011324511979004035,NIRCam_GRISM
4.088049411773682,9.25818173289299e-06,0.007181149417784865,NIRCam_GRISM
4.089034557342529,1.3478998067975043e-05,0.01045504418910515,NIRCam_GRISM
4.090020179748535,1.2782159042358399e-05,0.009914537931238351,NIRCam_GRISM
4.091005325317383,1.220919290781021e-05,0.00947011422664604,NIRCam_GRISM
4.0919904708862305,1.2118562579154968e-05,0.009399816413248845,NIRCam_GRISM
4.092975616455078,1.11480484187603e-05,0.008647032832309961,NIRCam_GRISM
4.093961238861084,1.1085618376731873e-05,0.008598608695379066,NIRCam_GRISM
4.094946384429932,1.0176414698362349e-05,0.00789338085972597,NIRCam_GRISM
4.095931529998779,9.8433670848608e-06,0.007635051012160539,NIRCam_GRISM
4.096917152404785,9.772455498576165e-06,0.007580048128089588,NIRCam_GRISM
4.097902297973633,9.26671117544174e-06,0.007187765317446391,NIRCam_GRISM
4.098887920379639,8.61790595948696e-06,0.006684516695499805,NIRCam_GRISM
4.099873065948486,8.49602664709091e-06,0.006589980470298767,NIRCam_GRISM
4.100858688354492,8.502348491549492e-06,0.006594884036783293,NIRCam_GRISM
4.10184383392334,8.17767481803894e-06,0.0063430494726359095,NIRCam_GRISM
4.102829456329346,7.549879387021064e-06,0.005856097182865587,NIRCam_GRISM
4.103814601898193,7.182913774251937e-06,0.0055714586898533485,NIRCam_GRISM
4.104800224304199,7.054289105534553e-06,0.005471690399327042,NIRCam_GRISM
4.105785846710205,6.603843694925309e-06,0.005122300433622658,NIRCam_GRISM
4.106770992279053,6.605924516916275e-06,0.005123914432360212,NIRCam_GRISM
4.107756614685059,6.373215126991272e-06,0.004943412369624097,NIRCam_GRISM
4.1087422370910645,3.982609114050865e-06,0.0030891282916839275,NIRCam_GRISM
4.109727382659912,5.629139038920402e-06,0.004366266476316158,NIRCam_GRISM
4.110713005065918,5.446003213524819e-06,0.004224216367141633,NIRCam_GRISM
4.111698627471924,5.415787985920906e-06,0.004200779792836208,NIRCam_GRISM
4.11268424987793,4.848850151896477e-06,0.0037610319660831303,NIRCam_GRISM
4.1136698722839355,3.3016006410121917e-06,0.0025609010716140025,NIRCam_GRISM
4.114655494689941,4.740892115235329e-06,0.003677293839690557,NIRCam_GRISM
4.115641117095947,2.9964336931705475e-06,0.002324196985104844,NIRCam_GRISM
4.116626739501953,4.2763473749160764e-06,0.0033169676668280807,NIRCam_GRISM
4.117612361907959,3.939419624209404e-06,0.0030556281737582325,NIRCam_GRISM
4.118597984313965,4.062898898124695e-06,0.0031514054161550726,NIRCam_GRISM
4.119583606719971,4.113567572832108e-06,0.0031907067967471524,NIRCam_GRISM
4.120569229125977,3.915401071310043e-06,0.0030369980774665943,NIRCam_GRISM
4.121554851531982,3.824067476391792e-06,0.002966154772496554,NIRCam_GRISM
4.122540473937988,3.5560183882713315e-06,0.002758241317281572,NIRCam_GRISM
4.123526096343994,3.5134518682956693e-06,0.0027252244086747417,NIRCam_GRISM
4.12451171875,3.2678993940353393e-06,0.00253476055103569,NIRCam_GRISM
4.125497817993164,3.1712383449077605e-06,0.002459784982755493,NIRCam_GRISM
4.12648344039917,2.4742962419986726e-06,0.0019191987725330408,NIRCam_GRISM
4.127469062805176,2.7603739261627196e-06,0.002141096187635298,NIRCam_GRISM
4.12845516204834,2.9999368190765376e-06,0.0023269142001353994,NIRCam_GRISM
4.129440784454346,2.8546320497989654e-06,0.002214207916179906,NIRCam_GRISM
4.130426406860352,2.789545926451683e-06,0.0021637235780813534,NIRCam_GRISM
4.131412506103516,2.4409548580646514e-06,0.001893337381308101,NIRCam_GRISM
4.1323981285095215,2.5350278139114382e-06,0.0019663054836416634,NIRCam_GRISM
4.1333842277526855,2.3908613592386244e-06,0.001854482138420476,NIRCam_GRISM
4.134369850158691,2.095245385169983e-06,0.0016251863067639526,NIRCam_GRISM
4.1353559494018555,1.9741409778594972e-06,0.001531251140103844,NIRCam_GRISM
4.136341571807861,1.9943999737501143e-06,0.0015469651194512067,NIRCam_GRISM
4.137327671051025,1.8688697308301923e-06,0.0014495970339170826,NIRCam_GRISM
4.138313293457031,2.0359597742557523e-06,0.0015792011616692998,NIRCam_GRISM
4.139299392700195,1.9029103547334671e-06,0.0014760007937023908,NIRCam_GRISM
4.140285491943359,1.7508317112922668e-06,0.0013580403244317116,NIRCam_GRISM
4.141271114349365,1.6946220219135284e-06,0.0013144410314169844,NIRCam_GRISM
4.142257213592529,1.4064852848649024e-06,0.0010909465028803747,NIRCam_GRISM
4.143243312835693,1.4545980870723724e-06,0.0011282654097163293,NIRCam_GRISM
4.144229412078857,1.610695618391037e-06,0.0012493431470612419,NIRCam_GRISM
4.145215034484863,1.5054377436637878e-06,0.0011676994131594378,NIRCam_GRISM
4.146201133728027,1.5842662543058395e-06,0.0012288430944603587,NIRCam_GRISM
4.147187232971191,1.322028025984764e-06,0.0010254368582295246,NIRCam_GRISM
4.1481733322143555,1.4814700722694397e-06,0.0011491087833311552,NIRCam_GRISM
4.1491594314575195,1.177953800559044e-06,0.0009136850510298598,NIRCam_GRISM
4.150145530700684,1.3499915748834608e-06,0.0010471269080348361,NIRCam_GRISM
4.151131629943848,1.6964546114206315e-06,0.0013158624875356534,NIRCam_GRISM
4.152117729187012,1.9843134194612504e-06,0.0015391414392136947,NIRCam_GRISM
4.153103828430176,1.898913663625717e-06,0.0014729007426503018,NIRCam_GRISM
4.15408992767334,1.1760587513446806e-06,0.0009122151477642921,NIRCam_GRISM
4.155076026916504,9.627756446599959e-07,0.0007467811671425408,NIRCam_GRISM
4.156062126159668,9.57894629240036e-07,0.0007429951860446854,NIRCam_GRISM
4.157048225402832,1.2028299123048783e-06,0.0009329803166159382,NIRCam_GRISM
4.158034324645996,1.065296620130539e-06,0.0008263020130874145,NIRCam_GRISM
4.159020900726318,9.033142119646071e-07,0.0007006596451093244,NIRCam_GRISM
4.160006999969482,8.062888771295548e-07,0.0006254015170164557,NIRCam_GRISM
4.1609930992126465,1.1214982151985167e-06,0.000869895027714367,NIRCam_GRISM
4.161979675292969,9.18051552772522e-07,0.000712090728384181,NIRCam_GRISM
4.162965774536133,1.3310444623231886e-06,0.0010324304967678705,NIRCam_GRISM
4.163951873779297,1.1894031822681426e-06,0.0009225658143553598,NIRCam_GRISM
4.164938449859619,1.1320927917957306e-06,0.000878112757691783,NIRCam_GRISM
4.165924549102783,6.72140373289585e-07,0.0005213486394601101,NIRCam_GRISM
4.166910648345947,9.619698852300643e-07,0.0007461561762935741,NIRCam_GRISM
4.1678972244262695,7.518100976943969e-07,0.0005831448119193345,NIRCam_GRISM
4.168883323669434,8.601715564727783e-07,0.000667195854453097,NIRCam_GRISM
4.169869899749756,7.961927682161331e-07,0.0006175704256923437,NIRCam_GRISM
4.170856475830078,7.187014773488044e-07,0.0005574639647964387,NIRCam_GRISM
4.171842575073242,6.413632899522781e-07,0.0004974762592816585,NIRCam_GRISM
4.1728291511535645,7.409512981772422e-07,0.0005747221362708958,NIRCam_GRISM
4.1738152503967285,6.887807428836823e-07,0.0005342558153905438,NIRCam_GRISM
4.174801826477051,5.265015363693238e-07,0.00040838323446692137,NIRCam_GRISM
4.175788402557373,5.384835571050644e-07,0.00041767714159823697,NIRCam_GRISM
4.176774978637695,6.792342126369476e-07,0.0005268510071786205,NIRCam_GRISM
4.177761077880859,5.577557563781737e-07,0.00043262570780512187,NIRCam_GRISM
4.178747653961182,4.2516070306301114e-07,0.000329777770986993,NIRCam_GRISM
4.179734230041504,7.135235488414764e-07,0.0005534476817552857,NIRCam_GRISM
4.180720806121826,6.160307258367539e-07,0.0004778269444056208,NIRCam_GRISM
4.181707382202148,5.190082594752311e-07,0.0004025710412568731,NIRCam_GRISM
4.182693958282471,8.605321496725083e-07,0.0006674755501558826,NIRCam_GRISM
4.183680057525635,4.972018212080002e-07,0.00038565678141788906,NIRCam_GRISM
4.184666633605957,5.45211598277092e-07,0.0004228957763517202,NIRCam_GRISM
4.185653209686279,7.527508214116097e-07,0.0005838744884118749,NIRCam_GRISM
4.186639785766602,7.259796813130378e-07,0.0005631093357416407,NIRCam_GRISM
4.187626838684082,6.822926312685013e-07,0.0005292232830540543,NIRCam_GRISM
4.188613414764404,6.665916919708252e-07,0.0005170447803686301,NIRCam_GRISM
4.189599990844727,6.742737978696823e-07,0.0005230034396274931,NIRCam_GRISM
4.190586566925049,2.672807648777962e-07,0.00020731750190947182,NIRCam_GRISM
4.191573143005371,2.8776334524154663e-07,0.00022320490553769118,NIRCam_GRISM
4.192559719085693,4.6735461354255675e-07,0.000362505663397847,NIRCam_GRISM
4.193546295166016,2.986958801746368e-07,0.00023168477438610067,NIRCam_GRISM
4.194533348083496,3.5323730707168575e-07,0.0002739900722628264,NIRCam_GRISM
4.195519924163818,6.746899873018265e-07,0.0005233262587926984,NIRCam_GRISM
4.196506500244141,4.51619628071785e-07,0.000350300752648382,NIRCam_GRISM
4.197493553161621,2.3185076713562012e-07,0.00017983606818967345,NIRCam_GRISM
4.198480129241943,2.901224404573441e-07,0.00022503474812710957,NIRCam_GRISM
4.199466705322266,2.89020299911499e-07,0.00022417986796084612,NIRCam_GRISM
4.200453758239746,4.035396516323089e-07,0.0003130073072638784,NIRCam_GRISM
4.201440334320068,4.6584603637456895e-07,0.0003613355288763902,NIRCam_GRISM
4.202427387237549,2.7076933979988097e-07,0.000210023430405304,NIRCam_GRISM
4.203413963317871,3.583213895559311e-07,0.0002779335632230433,NIRCam_GRISM
4.204401016235352,1.0359028816223146e-06,0.0008035026304154459,NIRCam_GRISM
4.205387592315674,1.0581262081861495e-06,0.0008207402514969299,NIRCam_GRISM
4.206374645233154,4.624639809131622e-07,0.0003587122226691563,NIRCam_GRISM
4.207361698150635,3.2988175749778745e-07,0.0002558742374192781,NIRCam_GRISM
4.208348274230957,3.2116988003253935e-07,0.0002491168313116503,NIRCam_GRISM
4.2093353271484375,2.558916002511978e-07,0.00019848344622910272,NIRCam_GRISM
4.210322380065918,3.422466725111008e-07,0.0002654651381825825,NIRCam_GRISM
4.211309432983398,7.881538867950439e-08,6.113350319290527e-05,NIRCam_GRISM
4.212296009063721,5.064107060432434e-07,0.0003927996934799955,NIRCam_GRISM
4.213283061981201,3.4330335557460783e-07,0.00026628475905255604,NIRCam_GRISM
4.214270114898682,8.564304411411286e-08,6.642940418768443e-05,NIRCam_GRISM
4.215257167816162,1.5871009528636932e-07,0.00012310418408757596,NIRCam_GRISM
4.216244220733643,3.571771398186683e-07,0.0002770460208770823,NIRCam_GRISM
4.217231273651123,3.0416110455989833e-07,0.00023592389973971594,NIRCam_GRISM
4.2182183265686035,4.4065175354480743e-07,0.0003417934724884007,NIRCam_GRISM
4.219205379486084,4.3581107407808306e-07,0.00033803877815024056,NIRCam_GRISM
4.2201924324035645,3.1179775297641757e-07,0.00024184729970228922,NIRCam_GRISM
4.221179485321045,4.058368504047394e-07,0.0003147891396045167,NIRCam_GRISM
4.222166538238525,2.4823934733867645e-07,0.00019254794257051076,NIRCam_GRISM
4.223153591156006,1.9123699963092803e-07,0.00014833382063342098,NIRCam_GRISM
4.224140644073486,2.593746468424797e-07,0.00020118508665081062,NIRCam_GRISM
4.225127696990967,1.9745635092258452e-07,0.0001531578878418233,NIRCam_GRISM
4.226114749908447,2.9150925874710085e-07,0.00022611043983865564,NIRCam_GRISM
4.227102279663086,4.660403728485107e-08,3.614862668179174e-05,NIRCam_GRISM
4.228089332580566,1.8618375062942504e-07,0.00014441424579982935,NIRCam_GRISM
4.229076385498047,2.034157872200012e-07,0.00015778035084073737,NIRCam_GRISM
4.230063438415527,3.735183224081993e-07,0.0002897211310903334,NIRCam_GRISM
4.231050968170166,3.5803333222866057e-07,0.0002777101302890507,NIRCam_GRISM
4.2320380210876465,1.5315892100334168e-07,0.00011879839131738698,NIRCam_GRISM
4.233025074005127,2.641208857297897e-07,0.00020486652773779864,NIRCam_GRISM
4.234012603759766,2.8218457102775575e-07,0.00021887770475970437,NIRCam_GRISM
4.234999656677246,1.3498375117778778e-07,0.0001047007408308769,NIRCam_GRISM
4.235987186431885,4.723155498504638e-09,3.6635363548426903e-06,NIRCam_GRISM
4.236974239349365,-3.957817554473877e-08,-3.0698986093598334e-05,NIRCam_GRISM
4.237961769104004,2.347067758440971e-07,0.00018205134391721732,NIRCam_GRISM
4.238948822021484,1.4099769890308378e-07,0.00010936548585879752,NIRCam_GRISM
4.239936351776123,2.875253349542618e-07,0.00022302029181058212,NIRCam_GRISM
4.240923881530762,1.814725697040558e-07,0.00014075999757535396,NIRCam_GRISM
4.241910934448242,2.844973430037498e-07,0.0002206716165242436,NIRCam_GRISM
4.242898464202881,1.4184568226337433e-07,0.0001100232278852266,NIRCam_GRISM
4.2438859939575195,3.156673341989517e-07,0.00024484875741234317,NIRCam_GRISM
4.244873046875,2.3651271462440489e-07,0.00018345212828232505,NIRCam_GRISM
4.245860576629639,2.725568890571594e-07,0.00021140995085591903,NIRCam_GRISM
4.246848106384277,5.842869982123375e-07,0.00045320478233048004,NIRCam_GRISM
4.247835636138916,2.0397162437438963e-07,0.000158211488376463,NIRCam_GRISM
4.248823165893555,2.8618470430374147e-07,0.00022198042574473852,NIRCam_GRISM
4.249810218811035,3.6654283106327055e-07,0.0002843105605209063,NIRCam_GRISM
4.250797748565674,1.3649560362100599e-07,0.00010587341583398473,NIRCam_GRISM
4.2517852783203125,3.2920458912849424e-07,0.00025534898879258337,NIRCam_GRISM
4.252772808074951,2.636947140097618e-07,0.00020453596576705207,NIRCam_GRISM
4.25376033782959,3.4584202766418455e-07,0.00026825389123466043,NIRCam_GRISM
4.2547478675842285,1.1934358179569243e-07,9.256937459799623e-05,NIRCam_GRISM
4.255735397338867,3.225852161645889e-07,0.00025021464301311293,NIRCam_GRISM
4.256722927093506,1.4417617619037628e-07,0.00011183088575908124,NIRCam_GRISM
4.257710933685303,4.2253520488739014e-07,0.00032774129176901974,NIRCam_GRISM
4.258698463439941,2.593158066272736e-07,0.0002011394469788577,NIRCam_GRISM
4.25968599319458,2.623804628849029e-07,0.00020351656109641658,NIRCam_GRISM
4.260673522949219,9.089885950088501e-08,7.050610052975437e-05,NIRCam_GRISM
4.261661052703857,3.6886439621448515e-07,0.00028611129275051494,NIRCam_GRISM
4.262649059295654,2.916379854083061e-07,0.00022621028724010417,NIRCam_GRISM
4.263636589050293,1.309890627861023e-07,0.0001016022431943199,NIRCam_GRISM
4.264624118804932,-1.4021175801753997e-07,-0.00010875586735103114,NIRCam_GRISM
4.2656121253967285,2.740219697356224e-07,0.0002125463471337943,NIRCam_GRISM
4.266599655151367,2.0716030299663542e-07,0.0001606848009871119,NIRCam_GRISM
4.267587184906006,1.760468989610672e-07,0.00013655155217849203,NIRCam_GRISM
4.268575191497803,2.441990345716476e-07,0.0001894140561863696,NIRCam_GRISM
4.269562721252441,5.074442744255066e-07,0.000393601385345706,NIRCam_GRISM
4.270550727844238,1.4847550690174103e-07,0.00011516568055200372,NIRCam_GRISM
4.271538257598877,4.424550116062164e-07,0.00034319217754209336,NIRCam_GRISM
4.272526264190674,6.148667931556702e-08,4.7692413489763625e-05,NIRCam_GRISM
4.2735137939453125,3.2265165001153944e-07,0.0002502661727189573,NIRCam_GRISM
4.274501800537109,3.891441494226456e-07,0.00030184137260260866,NIRCam_GRISM
4.275489807128906,1.5010918080806732e-07,0.0001164328469092577,NIRCam_GRISM
4.276477336883545,2.466143310070038e-07,0.00019128749149914954,NIRCam_GRISM
4.277465343475342,1.7449814230203627e-07,0.00013535025225792813,NIRCam_GRISM
4.278453350067139,4.424625635147094e-08,3.431980352131612e-05,NIRCam_GRISM
4.279440879821777,2.3092152774333953e-07,0.00017911529956432336,NIRCam_GRISM
4.280428886413574,5.824482440948486e-09,4.51778544604627e-06,NIRCam_GRISM
4.281416893005371,1.5509442090988156e-07,0.00012029967034041479,NIRCam_GRISM
4.282404899597168,2.494434386491775e-07,0.00019348190129619055,NIRCam_GRISM
4.283392906188965,4.1778641045093534e-07,0.00032405786845908746,NIRCam_GRISM
4.284380912780762,6.870332062244415e-08,5.329003308877414e-05,NIRCam_GRISM
4.285368919372559,1.449463039636612e-07,0.00011242823875671103,NIRCam_GRISM
4.286356449127197,1.9348714500665666e-07,0.00015007915579976747,NIRCam_GRISM
4.287344455718994,2.414590060710907e-07,0.00018728874101767075,NIRCam_GRISM
4.288332462310791,5.4823361337184904e-08,4.2523981566358087e-05,NIRCam_GRISM
4.289320945739746,2.185527741909027e-07,0.00016952142142124968,NIRCam_GRISM
4.290308952331543,2.3523040264844893e-07,0.00018245749735313965,NIRCam_GRISM
4.29129695892334,4.228738620877266e-07,0.0003280039727173084,NIRCam_GRISM
4.292284965515137,2.818912357091904e-07,0.00021865017792852895,NIRCam_GRISM
4.293272972106934,2.1823893189430238e-07,0.00016927798826228493,NIRCam_GRISM
4.2942609786987305,-5.140513181686401e-08,-3.987261679108087e-05,NIRCam_GRISM
4.295248985290527,4.1117627918720244e-07,0.00031893069104503986,NIRCam_GRISM
4.296237468719482,1.488840714097023e-07,0.00011548258541119976,NIRCam_GRISM
4.297225475311279,4.887159585952759e-07,0.0003790746847255912,NIRCam_GRISM
4.298213481903076,3.679696723818779e-07,0.00028541729627097097,NIRCam_GRISM
4.299201965332031,1.3107426166534424e-07,0.00010166832808006918,NIRCam_GRISM
4.300189971923828,1.2600649297237395e-07,9.773749098387188e-05,NIRCam_GRISM
4.301177978515625,2.995913028717041e-07,0.00023237931294293963,NIRCam_GRISM
4.30216646194458,1.5603525936603546e-07,0.00012102943583071998,NIRCam_GRISM
4.303154468536377,3.971510499715805e-07,0.000308051960261626,NIRCam_GRISM
4.304142951965332,1.573289096355438e-07,0.0001220328613572131,NIRCam_GRISM
4.305130958557129,2.962531194090843e-07,0.0002297900362446996,NIRCam_GRISM
4.306119441986084,4.4044603705406185e-07,0.0003416339075867421,NIRCam_GRISM
4.307107448577881,3.2424316257238387e-07,0.00025150063644298424,NIRCam_GRISM
4.308095932006836,3.1908476054668425e-07,0.0002474994992032665,NIRCam_GRISM
4.309083938598633,6.646725684404373e-08,5.1555620375385717e-05,NIRCam_GRISM
4.310072422027588,8.950993418693542e-09,6.942877449561753e-06,NIRCam_GRISM
4.311060905456543,-1.6739885807037353e-07,-0.00012984366119094077,NIRCam_GRISM
4.31204891204834,2.8532816767692565e-07,0.00022131604933947564,NIRCam_GRISM
4.313037395477295,4.2406065911054607e-07,0.00032892451705261445,NIRCam_GRISM
4.31402587890625,1.5015735030174256e-07,0.0001164702097890802,NIRCam_GRISM
4.315014362335205,4.4402322173118585e-08,3.4440856662915114e-05,NIRCam_GRISM
4.31600284576416,2.501708939671516e-07,0.00019404615521600446,NIRCam_GRISM
4.316990852355957,1.1628392189741135e-07,9.019613592856097e-05,NIRCam_GRISM
4.317979335784912,-6.077291965484618e-08,-4.71387826667897e-05,NIRCam_GRISM
4.318967819213867,2.884240224957466e-07,0.0002237173627583661,NIRCam_GRISM
4.319956302642822,2.0321184396743772e-07,0.0001576221613590809,NIRCam_GRISM
4.320944786071777,-3.528524935245514e-08,-2.7369158994095303e-05,NIRCam_GRISM
4.321933269500732,1.0510378032922745e-07,8.152420990361909e-05,NIRCam_GRISM
4.3229217529296875,8.328908085823059e-08,6.460354222556633e-05,NIRCam_GRISM
4.323910236358643,1.4578844606876372e-08,1.1308144998783895e-05,NIRCam_GRISM
4.324898719787598,2.598947793245315e-07,0.0002015885297002581,NIRCam_GRISM
4.325887203216553,9.831095337867736e-08,7.625532377582288e-05,NIRCam_GRISM
4.326876163482666,1.009733036160469e-07,7.832038745772271e-05,NIRCam_GRISM
4.327864646911621,3.733269587159157e-07,0.0002895726989999862,NIRCam_GRISM
4.328853130340576,2.4264970421791077e-08,1.8821231127698152e-05,NIRCam_GRISM
4.329841613769531,2.3430056869983672e-08,1.8173626755755355e-05,NIRCam_GRISM
4.330830097198486,3.8488587439060206e-07,0.0002985384228280883,NIRCam_GRISM
4.3318190574646,5.2398301661014557e-08,4.0642973352860587e-05,NIRCam_GRISM
4.332807540893555,3.175964817404747e-07,0.000246345109195481,NIRCam_GRISM
4.33379602432251,-1.1041824817657471e-07,-8.564640028493587e-05,NIRCam_GRISM
4.334784984588623,6.880648136138916e-08,5.337005017007437e-05,NIRCam_GRISM
4.335773468017578,1.1706125736236572e-07,9.07990796039641e-05,NIRCam_GRISM
4.336762428283691,5.951043665409088e-08,4.6159532169510434e-05,NIRCam_GRISM
4.3377509117126465,-5.971105247735977e-08,-4.6315140715986395e-05,NIRCam_GRISM
4.33873987197876,-8.21839988231659e-08,-6.374638048024061e-05,NIRCam_GRISM
4.339728355407715,2.2775961458683014e-07,0.0001766627477050007,NIRCam_GRISM
4.340717315673828,6.945677995681763e-08,5.387445713838393e-05,NIRCam_GRISM
4.341705799102783,2.773088648915291e-07,0.00021509584183114928,NIRCam_GRISM
4.3426947593688965,6.47491455078125e-08,5.022295975391279e-05,NIRCam_GRISM
4.343683242797852,1.44015134871006e-07,0.0001117059733507704,NIRCam_GRISM
4.344672203063965,2.124019742012024e-07,0.0001647505263319884,NIRCam_GRISM
4.345661163330078,1.7501477003097533e-07,0.00013575097683019496,NIRCam_GRISM
4.346650123596191,2.6907689869403837e-08,2.087106810110383e-05,NIRCam_GRISM
4.3476386070251465,1.8968848288059234e-07,0.00014713270679909268,NIRCam_GRISM
4.34862756729126,1.6667196601629255e-07,0.0001292798441692452,NIRCam_GRISM
4.349616527557373,2.5924189388751983e-08,2.0108211623688664e-05,NIRCam_GRISM
4.350605487823486,1.5639989972114564e-07,0.00012131227072739273,NIRCam_GRISM
4.3515944480896,1.273283690214157e-07,9.87628099605165e-05,NIRCam_GRISM
4.352582931518555,4.1833160817623136e-08,3.244807534748004e-05,NIRCam_GRISM
4.353571891784668,1.1809383481740951e-07,9.16000028526146e-05,NIRCam_GRISM
4.354560852050781,-1.730861961841583e-08,-1.3425507003588131e-05,NIRCam_GRISM
4.3555498123168945,-1.2539599835872649e-07,-9.726395814925713e-05,NIRCam_GRISM
4.356538772583008,2.279257461428642e-07,0.00017679160837778823,NIRCam_GRISM
4.357527732849121,1.6969923824071883e-07,0.0001316279611968769,NIRCam_GRISM
4.358516693115234,-1.3436128199100494e-08,-1.0421791986589485e-05,NIRCam_GRISM
4.359506130218506,1.823061481118202e-07,0.0001414065663369422,NIRCam_GRISM
4.360495090484619,2.0595340579748152e-07,0.00015974866586154638,NIRCam_GRISM
4.361484050750732,-1.325473114848137e-07,-0.00010281090565724812,NIRCam_GRISM
4.362473011016846,8.833925276994704e-08,6.852073030091897e-05,NIRCam_GRISM
4.363461971282959,3.42670351266861e-08,2.657937664746202e-05,NIRCam_GRISM
4.3644514083862305,1.950160205364227e-07,0.00015126503483489572,NIRCam_GRISM
4.365440368652344,1.670451909303665e-07,0.00012956933771686942,NIRCam_GRISM
4.366429328918457,1.2494905889034268e-07,9.691728758307388e-05,NIRCam_GRISM
4.36741828918457,1.4048066437244414e-07,0.00010896444574900079,NIRCam_GRISM
4.368407726287842,2.1866995394229888e-07,0.00016961231241127258,NIRCam_GRISM
4.369396686553955,6.479976624250413e-08,5.026222394962059e-05,NIRCam_GRISM
4.370386123657227,2.174964353442192e-07,0.00016870206754457064,NIRCam_GRISM
4.37137508392334,3.9664816483855246e-07,0.00030766189519437564,NIRCam_GRISM
4.372364521026611,4.631145298480987e-08,3.592168238144074e-05,NIRCam_GRISM
4.373353481292725,-2.061015337705612e-07,-0.00015986356197595936,NIRCam_GRISM
4.374342918395996,3.096728190779686e-07,0.00024019908536950467,NIRCam_GRISM
4.375331878662109,4.4853277504444116e-08,3.479064215086788e-05,NIRCam_GRISM
4.376321315765381,1.7140660062432286e-07,0.00013295228434592518,NIRCam_GRISM
4.377310276031494,1.4307943880558012e-07,0.00011098019657847138,NIRCam_GRISM
4.378299713134766,6.731521412730217e-08,5.221334217505005e-05,NIRCam_GRISM
4.379289150238037,3.246106505393982e-08,2.517856801023663e-05,NIRCam_GRISM
4.38027811050415,5.437678694725037e-08,4.217759417488117e-05,NIRCam_GRISM
4.381267547607422,3.042957976460457e-07,0.0002360283750249364,NIRCam_GRISM
4.382256984710693,-1.2289174795150757e-07,-9.532152529660582e-05,NIRCam_GRISM
4.383246421813965,1.3512273132801055e-08,1.048085413962201e-05,NIRCam_GRISM
4.384235382080078,1.370570734143257e-07,0.0001063089223508936,NIRCam_GRISM
4.38522481918335,2.4357543885707855e-08,1.889303614251509e-05,NIRCam_GRISM
4.386214256286621,1.9115246832370756e-08,1.4826825355284897e-05,NIRCam_GRISM
4.387203693389893,-5.831327140331268e-08,-4.5230945672544815e-05,NIRCam_GRISM
4.388193130493164,-1.3110354617238044e-07,-0.00010169104273686902,NIRCam_GRISM
4.3891825675964355,-2.2795637100934982e-07,-0.00017681536269029558,NIRCam_GRISM
4.390172004699707,-1.7152870893478392e-07,-0.00013304699819448342,NIRCam_GRISM
2.861689451535732,,,NIRSpec_G395H
2.862368465604656,,,NIRSpec_G395H
2.8630475930207706,,,NIRSpec_G395H
2.8637265727505783,,,NIRSpec_G395H
2.8644056984278037,,,NIRSpec_G395H
2.8650846778773698,,,NIRSpec_G395H
2.8657638148332354,,,NIRSpec_G395H
2.8664427809855133,,,NIRSpec_G395H
2.867121882872439,,,NIRSpec_G395H
2.867800882075493,,,NIRSpec_G395H
2.868479914833923,,,NIRSpec_G395H
2.8691589811477898,,,NIRSpec_G395H
2.8698379107181684,,,NIRSpec_G395H
2.870517059698414,,,NIRSpec_G395H
2.8711960067648445,,,NIRSpec_G395H
2.871875087340069,,,NIRSpec_G395H
2.872554083374443,,,NIRSpec_G395H
2.8732330278448233,,,NIRSpec_G395H
2.8739121079901793,,,NIRSpec_G395H
2.874591068452068,,,NIRSpec_G395H
2.875270028409847,,,NIRSpec_G395H
2.875949090042968,,,NIRSpec_G395H
2.8766280830525055,,,NIRSpec_G395H
2.8773070414983164,,,NIRSpec_G395H
2.8779860530168047,,,NIRSpec_G395H
2.878665024997985,,,NIRSpec_G395H
2.8793439819323674,,,NIRSpec_G395H
2.880022938363061,2.956888801404039e-08,1.0618609516794744,NIRSpec_G395H
2.8807019492984844,3.567884987697499e-08,1.281278398673772,NIRSpec_G395H
2.8813809391390035,3.5620535348053606e-08,1.2791842407484622,NIRSpec_G395H
2.8820598603561285,3.558644668357422e-08,1.2779600681759806,NIRSpec_G395H
2.8827388271697276,3.55304655693088e-08,1.275949706499825,NIRSpec_G395H
2.8834177470230733,3.545024282840051e-08,1.2730687934277218,NIRSpec_G395H
2.8840967572244898,3.4655666871412655e-08,1.2445344372670126,NIRSpec_G395H
2.8847757104868097,3.4667821174479406e-08,1.2449709156295177,NIRSpec_G395H
2.885454629185831,3.527160077058123e-08,1.2666535022799488,NIRSpec_G395H
2.8861335814412086,3.499552287253458e-08,1.2567391511072472,NIRSpec_G395H
2.8868125331932037,3.4757571466423846e-08,1.248193976651372,NIRSpec_G395H
2.88749145038208,3.5011595983626476e-08,1.2573163594565226,NIRSpec_G395H
2.8881703670676933,3.544044011773635e-08,1.2727167641031851,NIRSpec_G395H
2.888849283250104,3.526470940675672e-08,1.266406023573763,NIRSpec_G395H
2.8895282244993057,3.531307259430589e-08,1.268142814633773,NIRSpec_G395H
2.8902071400289517,3.509015179229684e-08,1.26013741061391,NIRSpec_G395H
2.890886055055284,3.523549510229763e-08,1.2653568962233925,NIRSpec_G395H
2.8915649695783614,3.512814872734931e-08,1.2615019347582255,NIRSpec_G395H
2.8922438835982445,3.507204640833241e-08,1.259487220446533,NIRSpec_G395H
2.892922763055194,3.511534220642588e-08,1.2610420343220303,NIRSpec_G395H
2.8936016760688656,3.544835822268136e-08,1.2730011145477609,NIRSpec_G395H
2.8942805885795204,3.490079903829857e-08,1.253337483086427,NIRSpec_G395H
2.8949595005872175,3.5068147367582485e-08,1.2593472003308162,NIRSpec_G395H
2.895638406772906,3.507231125024328e-08,1.259496731297377,NIRSpec_G395H
2.896317220914587,3.5853142608133666e-08,1.2875374992963955,NIRSpec_G395H
2.896996131413769,3.508056739373114e-08,1.2597932211882739,NIRSpec_G395H
2.8976750414102304,3.472973101361462e-08,1.2471941862736902,NIRSpec_G395H
2.8983538827844373,3.5022300002819075e-08,1.257700756056126,NIRSpec_G395H
2.8990327577158395,3.518062126170412e-08,1.2633862983244364,NIRSpec_G395H
2.899711662986206,3.536831272840954e-08,1.270126566655234,NIRSpec_G395H
2.9003905032019097,3.472187839710522e-08,1.246912187612263,NIRSpec_G395H
2.9010693769746996,3.4859888391293216e-08,1.25186832338917,NIRSpec_G395H
2.9017482183568197,3.478012757765512e-08,1.2490039987843267,NIRSpec_G395H
2.902427054892781,3.4704169442938153e-08,1.2462762338044582,NIRSpec_G395H
2.903105961217583,3.478094973341414e-08,1.2490335235705237,NIRSpec_G395H
2.903784764860517,3.1798393037015877e-08,1.1419256576754109,NIRSpec_G395H
2.904463636120628,3.4229438802577114e-08,1.2292279792564407,NIRSpec_G395H
2.9051424387587863,3.4444459957455734e-08,1.2369496956781816,NIRSpec_G395H
2.905821309014239,3.443295003653693e-08,1.2365363579978876,NIRSpec_G395H
2.9065001106478574,3.471832313519384e-08,1.2467845130850743,NIRSpec_G395H
2.907178945839091,3.480442234722848e-08,1.2498764586187225,NIRSpec_G395H
2.9078577805282015,3.489954708650589e-08,1.2532925237115125,NIRSpec_G395H
2.9085365806554515,3.473328912826649e-08,1.2473219632468595,NIRSpec_G395H
2.9092154484002903,3.4833566272127446e-08,1.2509230585386857,NIRSpec_G395H
2.909894215452058,3.487678505947238e-08,1.2524751068483393,NIRSpec_G395H
2.9105730461450015,3.487969895387584e-08,1.2525797489533408,NIRSpec_G395H
2.9112518102047877,3.472450894571208e-08,1.2470066543654867,NIRSpec_G395H
2.9119306449041824,3.4239601608843434e-08,1.2295929401277648,NIRSpec_G395H
2.912609438998499,3.4904536066530347e-08,1.2534716851014898,NIRSpec_G395H
2.913288205262508,3.458662813164957e-08,1.2420551576311747,NIRSpec_G395H
2.9139670317258046,3.4704011357384215e-08,1.2462705567266907,NIRSpec_G395H
2.9146457976731033,3.464935673871223e-08,1.2443078313996796,NIRSpec_G395H
2.9153245883871723,3.4546590534277506e-08,1.2406173503917455,NIRSpec_G395H
2.916003354016841,3.461058473127068e-08,1.2429154733001508,NIRSpec_G395H
2.916682114406311,3.464438691838469e-08,1.2441293580617518,NIRSpec_G395H
2.9173609083539893,3.470492889766382e-08,1.246303506907098,NIRSpec_G395H
2.9180396677403406,3.47725929946729e-08,1.2487334211605685,NIRSpec_G395H
2.918718426625219,3.4676180401944864e-08,1.24527110741311,NIRSpec_G395H
2.919397191797846,3.4614430333971565e-08,1.2430535743792919,NIRSpec_G395H
2.9200759428907945,3.454626756522947e-08,1.2406057521124818,NIRSpec_G395H
2.9207547002716083,3.462765894077325e-08,1.2435286325215245,NIRSpec_G395H
2.921433430901966,3.4470490999905296e-08,1.2378845075485359,NIRSpec_G395H
2.922112213529579,3.449450191216311e-08,1.2387467736617785,NIRSpec_G395H
2.9227909438371413,3.463405289730026e-08,1.2437582486220535,NIRSpec_G395H
2.9234696314330795,3.403342269820172e-08,1.2221887613109528,NIRSpec_G395H
2.9241484115386767,3.4050519369611026e-08,1.2228027271714415,NIRSpec_G395H
2.9248271413603235,3.443417941397541e-08,1.2365805066955382,NIRSpec_G395H
2.9255058274525583,3.4299067879654356e-08,1.2317284587474076,NIRSpec_G395H
2.9261845709794563,3.456417101091757e-08,1.2412486903882693,NIRSpec_G395H
2.9268633343729205,3.461835206519707e-08,1.2431944093423575,NIRSpec_G395H
2.927542018961976,3.4035002909603775e-08,1.2222455089567366,NIRSpec_G395H
2.9282207030500884,3.2389693302599085e-08,1.1631600937638553,NIRSpec_G395H
2.9288993641111354,3.431685321634093e-08,1.2323671555604556,NIRSpec_G395H
2.929578171903107,3.442749181974534e-08,1.2363403456461874,NIRSpec_G395H
2.9302568544887384,3.4445334362593466e-08,1.2369810968141075,NIRSpec_G395H
2.9309355365736587,3.4544384941771794e-08,1.2405381444183583,NIRSpec_G395H
2.9316141969769496,3.45508655016103e-08,1.240770870567352,NIRSpec_G395H
2.9322928443364082,3.4333648733930354e-08,1.2329703065576454,NIRSpec_G395H
2.932971559314636,3.418670183299207e-08,1.227693233709908,NIRSpec_G395H
2.9336503078518943,3.4227805453999225e-08,1.229169323378867,NIRSpec_G395H
2.934329007609219,3.4169727799022554e-08,1.2270836719348373,NIRSpec_G395H
2.935007652631294,3.426254343787481e-08,1.2304168139371876,NIRSpec_G395H
2.935686312041071,3.417266555944574e-08,1.2271891711026548,NIRSpec_G395H
2.9363649563964525,3.428132074370706e-08,1.2310911337774042,NIRSpec_G395H
2.9370436002513562,3.408153795101806e-08,1.2239166486810018,NIRSpec_G395H
2.937722243605841,3.391506285514185e-08,1.2179382904940417,NIRSpec_G395H
2.9384008864599642,3.425546622656177e-08,1.2301626611825582,NIRSpec_G395H
2.9390795288137848,3.4476636832371774e-08,1.2381052131600765,NIRSpec_G395H
2.9397581706673592,3.432599837703643e-08,1.2326955713275545,NIRSpec_G395H
2.940436812020745,3.4148821102165974e-08,1.2263328826251392,NIRSpec_G395H
2.9411154528740004,3.409713760133886e-08,1.224476854378546,NIRSpec_G395H
2.9417940932271827,3.449226622117948e-08,1.2386664868091106,NIRSpec_G395H
2.94247273308035,3.397600382109192e-08,1.2201267675199372,NIRSpec_G395H
2.9431513569184333,3.3964942526214297e-08,1.219729540640794,NIRSpec_G395H
2.9438299961024446,3.390511893292657e-08,1.2175811900612514,NIRSpec_G395H
2.9445086007265298,3.409618265467209e-08,1.2244425608814116,NIRSpec_G395H
2.9451872389103406,3.421288803714367e-08,1.228633617658337,NIRSpec_G395H
2.9458658425343396,3.389813834847518e-08,1.217330507315072,NIRSpec_G395H
2.946544445658382,3.384200259918643e-08,1.2153145924746258,NIRSpec_G395H
2.947223048282525,3.411299842757339e-08,1.225046439275747,NIRSpec_G395H
2.947901637200595,3.4190220411708524e-08,1.2278195908912346,NIRSpec_G395H
2.9485801839117474,3.420375711285982e-08,1.2283057131410902,NIRSpec_G395H
2.949258819096333,3.397368073661442e-08,1.2200433422422288,NIRSpec_G395H
2.9499374197214516,3.374736816164298e-08,1.211916134816569,NIRSpec_G395H
2.9506160079537915,3.396705534524683e-08,1.2198054149864082,NIRSpec_G395H
2.951294607907292,3.398043021849066e-08,1.2202857257652426,NIRSpec_G395H
2.951973173301211,3.404801020237964e-08,1.2227126193965743,NIRSpec_G395H
2.952651772255199,3.386199812202763e-08,1.2160326602255471,NIRSpec_G395H
2.953330347234407,3.404281458249175e-08,1.2225260372743079,NIRSpec_G395H
2.9540089346044263,3.3837266409288364e-08,1.2151445091387187,NIRSpec_G395H
2.954687497999779,3.407755530423925e-08,1.2237736261535148,NIRSpec_G395H
2.9553660949554303,3.3873244706431844e-08,1.2164365411159253,NIRSpec_G395H
2.956044648071057,3.388354212656025e-08,1.2168063361630774,NIRSpec_G395H
2.9567232192488717,3.397123397889985e-08,1.219955475682144,NIRSpec_G395H
2.9574017806465727,3.396654449171079e-08,1.2197870695071433,NIRSpec_G395H
2.958080333239137,3.403350921107839e-08,1.2221918681117736,NIRSpec_G395H
2.9587588678844234,3.367499075160011e-08,1.2093169587680237,NIRSpec_G395H
2.959437427784484,3.37359433076359e-08,1.2115058520104318,NIRSpec_G395H
2.960115979851925,3.383170151249087e-08,1.2149446657558163,NIRSpec_G395H
2.960794477967771,3.3823330355580676e-08,1.214644045568845,NIRSpec_G395H
2.9614730704305017,3.386850430034693e-08,1.2162663063707335,NIRSpec_G395H
2.9621516219707567,3.36938805443247e-08,1.2099953181730183,NIRSpec_G395H
2.962830117620045,3.372397553049126e-08,1.2110760720598885,NIRSpec_G395H
2.9635086347479005,3.349945072419474e-08,1.2030130659577833,NIRSpec_G395H
2.964187157417776,3.362059314748118e-08,1.2073634632002708,NIRSpec_G395H
2.9648656795886636,3.353140294560446e-08,1.2041605158117747,NIRSpec_G395H
2.965544167200825,3.1856630603748415e-08,1.1440170517787247,NIRSpec_G395H
2.9662226883739087,3.3802081127114734e-08,1.2138809554603978,NIRSpec_G395H
2.966901209048175,3.347555920788205e-08,1.202155087523261,NIRSpec_G395H
2.9675796951638835,3.117794917436875e-08,1.1196446334400276,NIRSpec_G395H
2.968258214840685,3.3869112307502136e-08,1.2162881407750625,NIRSpec_G395H
2.9689366999590416,3.344359496444342e-08,1.2010072059410606,NIRSpec_G395H
2.9696151817488796,3.286529480656122e-08,1.1802396222661657,NIRSpec_G395H
2.9702936687000405,3.301450473903644e-08,1.1855979638048442,NIRSpec_G395H
2.9709721160718687,3.352778281988565e-08,1.2040305119327264,NIRSpec_G395H
2.971650599515173,3.367777271248349e-08,1.2094168629521025,NIRSpec_G395H
2.9723291165196244,3.3531944219212214e-08,1.2041799537192124,NIRSpec_G395H
2.973007564905888,3.31887518655457e-08,1.1918554266994474,NIRSpec_G395H
2.973685978733817,3.3366056518432697e-08,1.1982226897281547,NIRSpec_G395H
2.9743644601828585,3.35479356253601e-08,1.2047542279273877,NIRSpec_G395H
2.9750429411334762,3.39354821727629e-08,1.2186715773200947,NIRSpec_G395H
2.9757213534661306,3.3920456895656134e-08,1.2181319981840697,NIRSpec_G395H
2.976399833420068,3.334761001194491e-08,1.1975602493643174,NIRSpec_G395H
2.9770783122064057,3.258876740141729e-08,1.170309128652332,NIRSpec_G395H
2.977756723713637,3.318003413331697e-08,1.1915423604983617,NIRSpec_G395H
2.9784351681131787,3.3884874125191405e-08,1.2168541701341569,NIRSpec_G395H
2.9791135779548354,3.335687505912926e-08,1.1978929704262613,NIRSpec_G395H
2.9797919892317113,3.322187479799622e-08,1.193044918457055,NIRSpec_G395H
2.9804704302039116,3.334222929264646e-08,1.1973670200581543,NIRSpec_G395H
2.981148872611442,3.329160613380605e-08,1.1955490702049918,NIRSpec_G395H
2.981827280461313,3.0869886957205856e-08,1.1085816797389028,NIRSpec_G395H
2.982505687813377,3.3258928792579545e-08,1.1943755802639209,NIRSpec_G395H
2.9831840981744073,3.3207273550530565e-08,1.1925205668303647,NIRSpec_G395H
2.9838624707850685,3.334239550978507e-08,1.1973729891527278,NIRSpec_G395H
2.984540876957603,3.32729763408304e-08,1.1948800477618984,NIRSpec_G395H
2.98521928263227,3.332581414529544e-08,1.1967775286988636,NIRSpec_G395H
2.9858976537493294,3.331261438813046e-08,1.196303506588242,NIRSpec_G395H
2.986576058428429,3.306760578582463e-08,1.1875048981491763,NIRSpec_G395H
2.9872544285500333,2.929949245495036e-08,1.0521865728317568,NIRSpec_G395H
2.9879327981739925,3.2761763430763714e-08,1.1765216628629975,NIRSpec_G395H
2.9886111733098173,3.262330886537074e-08,1.1715495618998926,NIRSpec_G395H
2.989289542250218,3.3431344570002173e-08,1.2005672768002131,NIRSpec_G395H
2.9899679106928567,3.36492935007779e-08,1.2083941338311959,NIRSpec_G395H
2.99064627863779,3.3082079275024405e-08,1.1880246617942785,NIRSpec_G395H
2.9913246460850744,3.275988816627699e-08,1.1764543194400194,NIRSpec_G395H
2.9920030130347652,3.269250225982732e-08,1.1740343954064048,NIRSpec_G395H
2.992681379486917,3.312212120788982e-08,1.189462624727459,NIRSpec_G395H
2.9933597113817894,3.3104905118988353e-08,1.1888443704144651,NIRSpec_G395H
2.9940380683450587,3.312760618926263e-08,1.189659598233453,NIRSpec_G395H
2.994716398935848,3.3273024321152294e-08,1.1948817708037063,NIRSpec_G395H
2.9953947290296052,3.315835122064939e-08,1.190763696171538,NIRSpec_G395H
2.9960729999277684,3.2907800002011354e-08,1.1817660444728637,NIRSpec_G395H
2.9967513633958585,3.335213671221404e-08,1.1977228096287909,NIRSpec_G395H
2.9974296923069894,3.3623005390979206e-08,1.2074500903056011,NIRSpec_G395H
2.99810802072,3.355353361761963e-08,1.2049552598155457,NIRSpec_G395H
2.998786348635975,3.299171451989105e-08,1.1847795345227143,NIRSpec_G395H
2.9994646079353764,3.154074253238185e-08,1.1326730604887505,NIRSpec_G395H
3.000142934857447,3.185752400605932e-08,1.1440491351302409,NIRSpec_G395H
3.0008212612826486,3.2646789812930736e-08,1.1723927962247869,NIRSpec_G395H
3.0014994628523186,3.3100370423614886e-08,1.1886815230343892,NIRSpec_G395H
3.002177822649903,3.3200600180155655e-08,1.1922809165799444,NIRSpec_G395H
3.0028561353981993,3.310617415814037e-08,1.1888899434208304,NIRSpec_G395H
3.0035344045149763,3.299078912404911e-08,1.1847463022378568,NIRSpec_G395H
3.0042126606423727,3.283909927355996e-08,1.179298903305437,NIRSpec_G395H
3.004891005043914,3.314367427523368e-08,1.19023662612347,NIRSpec_G395H
3.0055691373469573,3.343735714345581e-08,1.200783196890495,NIRSpec_G395H
3.006247494163445,3.320561996500967e-08,1.1924611842152975,NIRSpec_G395H
3.0069258164234784,3.2953878560003186e-08,1.1834207912262078,NIRSpec_G395H
3.007603967887925,3.2920656563916615e-08,1.182227741952105,NIRSpec_G395H
3.0082823232146074,3.3528436459733214e-08,1.2040539850721377,NIRSpec_G395H
3.008960439626219,3.275118602705507e-08,1.1761418132060533,NIRSpec_G395H
3.0096387939599736,3.266660044749851e-08,1.1731042243740473,NIRSpec_G395H
3.0103170115581586,3.3029695005590593e-08,1.1861434679472995,NIRSpec_G395H
3.0109952627198133,3.29558468151277e-08,1.1834914740756497,NIRSpec_G395H
3.0116735133851966,3.295311894294204e-08,1.1833935122938692,NIRSpec_G395H
3.0123517121797128,3.274882814165277e-08,1.1760571381774878,NIRSpec_G395H
3.0130299451077724,3.257965036732265e-08,1.1699817229515959,NIRSpec_G395H
3.0137081775727697,3.273253762323731e-08,1.175472122421069,NIRSpec_G395H
3.0143863067263252,3.255223682632399e-08,1.1689972635860655,NIRSpec_G395H
3.0150646069206846,3.2523717415633e-08,1.1679730908622452,NIRSpec_G395H
3.0157427685402767,3.237263696153321e-08,1.1625475762235347,NIRSpec_G395H
3.016421034283692,3.2864871589187163e-08,1.1802244239264996,NIRSpec_G395H
3.0170992131611953,2.728763491227849e-08,0.979937898350299,NIRSpec_G395H
3.0177774256024334,3.2474956969537156e-08,1.1662220336810938,NIRSpec_G395H
3.0184556034878662,-0.005494826304023239,-197327.05151891327,NIRSpec_G395H
3.0191337468175488,3.2553742933985166e-08,1.1690513500607975,NIRSpec_G395H
3.0198119778180845,3.243738495249535e-08,1.164872768948731,NIRSpec_G395H
3.0204901682284584,2.7847170591387e-08,1.0000316228229496,NIRSpec_G395H
3.021168310070607,3.2531097602023866e-08,1.168238123884145,NIRSpec_G395H
3.021846506418631,3.2428617390511655e-08,1.1645579132900572,NIRSpec_G395H
3.0225246816268125,3.2506549938310104e-08,1.1673565822603875,NIRSpec_G395H
3.0232028348022477,3.231777764619289e-08,1.1605774999471425,NIRSpec_G395H
3.0238809406019835,3.2008009544473424e-08,1.149453285497969,NIRSpec_G395H
3.0245591361565194,3.2477832242279005e-08,1.1663252888271294,NIRSpec_G395H
3.02523727532159,3.254056331630549e-08,1.1685780511878245,NIRSpec_G395H
3.0259154480507653,3.2370772014909606e-08,1.1624806033297406,NIRSpec_G395H
3.0265935521647083,3.232576687645212e-08,1.1608644046032197,NIRSpec_G395H
3.0272716898428635,3.25069986476464e-08,1.1673726960527844,NIRSpec_G395H
3.0279498270254903,3.273524494043729e-08,1.17556934604399,NIRSpec_G395H
3.0286279637126405,3.2883129494395935e-08,1.180880091349348,NIRSpec_G395H
3.029306099904369,3.263602991685675e-08,1.1720063930066589,NIRSpec_G395H
3.0299842356007303,3.242859334595754e-08,1.1645570498158169,NIRSpec_G395H
3.030662336741982,3.2520884685075384e-08,1.1678713634667364,NIRSpec_G395H
3.0313404373879727,3.239616511364806e-08,1.163392505731336,NIRSpec_G395H
3.0320185375387587,3.2355909638649246e-08,1.161946874195505,NIRSpec_G395H
3.032696637194394,3.2382443319741435e-08,1.1628997365365823,NIRSpec_G395H
3.0333747363549324,3.236466178881702e-08,1.1622611763938826,NIRSpec_G395H
3.034052835020426,3.247550472296074e-08,1.1662417042879618,NIRSpec_G395H
3.034730933190931,3.2495140745160876e-08,1.1669468618579975,NIRSpec_G395H
3.0354090236478166,3.2242560999603954e-08,1.1578763628637614,NIRSpec_G395H
3.0360870870607037,3.233986813189803e-08,1.1613708008031904,NIRSpec_G395H
3.0367651840382774,3.1963509010464794e-08,1.1478552078370774,NIRSpec_G395H
3.0374432464609975,3.176726410125638e-08,1.1408077731836217,NIRSpec_G395H
3.038121342448511,2.9646864328420757e-08,1.064661192370199,NIRSpec_G395H
3.038799369821482,3.184099478745499e-08,1.1434555473095092,NIRSpec_G395H
3.0394774307593537,3.180960110748914e-08,1.1423281554755846,NIRSpec_G395H
3.0401555200815475,3.199571832729634e-08,1.1490118903544397,NIRSpec_G395H
3.040833546260014,3.197231175548932e-08,1.1481713269689398,NIRSpec_G395H
3.0415116106041333,3.2096092931016934e-08,1.1526164855688623,NIRSpec_G395H
3.042189601443365,3.209563053573899e-08,1.1525998802947763,NIRSpec_G395H
3.0428676899451177,3.208516205826903e-08,1.1522239423344578,NIRSpec_G395H
3.043545714143838,3.1994939784596614e-08,1.1489839317754207,NIRSpec_G395H
3.0442237719075527,3.2010343468916116e-08,1.1495371000542922,NIRSpec_G395H
3.04490173015354,3.179904320510729e-08,1.141949006139106,NIRSpec_G395H
3.0455798178311926,3.1992384772222266e-08,1.1488921776360668,NIRSpec_G395H
3.0462578059912255,3.193933391761348e-08,1.1469870457645013,NIRSpec_G395H
3.04693583000959,3.192888122985624e-08,1.1466116748352924,NIRSpec_G395H
3.047613848947173,3.1860026275336514e-08,1.1441389951897323,NIRSpec_G395H
3.048291801563803,3.2377237343831054e-08,1.1627127825147743,NIRSpec_G395H
3.0489698218055983,3.239725199955024e-08,1.1634315373546391,NIRSpec_G395H
3.0496478415530173,3.202633203392468e-08,1.1501112722331013,NIRSpec_G395H
3.0503258258863752,3.1829041770933055e-08,1.1430262974339847,NIRSpec_G395H
3.051003811445348,3.198665607929621e-08,1.1486864521005156,NIRSpec_G395H
3.051681761590366,3.2078634707918044e-08,1.1519895358714094,NIRSpec_G395H
3.0523598134171954,3.23537531173101e-08,1.1618694304377142,NIRSpec_G395H
3.0530377287990893,3.2168970542020425e-08,1.1552336245474923,NIRSpec_G395H
3.0537157452998422,3.198095270880423e-08,1.1484816359296972,NIRSpec_G395H
3.054393660259305,3.1862857976879514e-08,1.1442406856318583,NIRSpec_G395H
3.0550716752030582,3.1976288407341685e-08,1.1483141342100658,NIRSpec_G395H
3.055749589742592,3.179558019425405e-08,1.141824644479021,NIRSpec_G395H
3.0564275690708866,3.1824596443232574e-08,1.1428666593745378,NIRSpec_G395H
3.0571055172493744,3.2423300381273645e-08,1.1643669719030532,NIRSpec_G395H
3.0577834291720127,3.237371671702676e-08,1.1625863517836916,NIRSpec_G395H
3.0584613746604807,3.2365494631045856e-08,1.1622910849464563,NIRSpec_G395H
3.0591392855952373,3.119747921490846e-08,1.1203459850574435,NIRSpec_G395H
3.0598172300959283,3.065662485930175e-08,1.1009231335625944,NIRSpec_G395H
3.0604951741028112,3.066000021445384e-08,1.1010443473814013,NIRSpec_G395H
3.0611731176159376,3.100809623880496e-08,1.1135449722110469,NIRSpec_G395H
3.061850992515766,3.1783438176478416e-08,1.1413886072988462,NIRSpec_G395H
3.062528935041537,3.1662722146045435e-08,1.1370535224320204,NIRSpec_G395H
3.0632068430139134,3.149703698556664e-08,1.1311035319521066,NIRSpec_G395H
3.0638847164329475,3.1379285900170806e-08,1.1268749224913672,NIRSpec_G395H
3.0645625944410173,3.140003383510572e-08,1.127620010433968,NIRSpec_G395H
3.065240529910183,3.154783047508727e-08,1.13292759862299,NIRSpec_G395H
3.0659184359086926,3.107854885083726e-08,1.1160750260171082,NIRSpec_G395H
3.0665963073540703,3.062103254769814e-08,1.099644962876773,NIRSpec_G395H
3.067274184506525,3.079872967975443e-08,1.106026320392362,NIRSpec_G395H
3.0679520552441444,3.132021738613588e-08,1.124753687884992,NIRSpec_G395H
3.068629891428507,3.1492278745042826e-08,1.1309326567467712,NIRSpec_G395H
3.0693077611792603,3.129525195834025e-08,1.1238571437570706,NIRSpec_G395H
3.069985691242557,2.940961598956005e-08,1.0561412660622707,NIRSpec_G395H
3.0706635673203513,3.122944462684326e-08,1.1214939086020084,NIRSpec_G395H
3.0713414015314013,3.149667308542308e-08,1.1310904637788097,NIRSpec_G395H
3.072019269309051,3.150178306548141e-08,1.1312739704526227,NIRSpec_G395H
3.072697102533759,3.153077431282989e-08,1.1323150875039374,NIRSpec_G395H
3.073374935265374,3.150696606687711e-08,1.1314600994268331,NIRSpec_G395H
3.074052801563745,3.151460096716067e-08,1.1317342795879952,NIRSpec_G395H
3.07473063330933,3.10762422749567e-08,1.1159921935866668,NIRSpec_G395H
3.07540846456198,3.1255629254590214e-08,1.1224342359394972,NIRSpec_G395H
3.0760862953217445,3.1600706443148446e-08,1.1348264500691367,NIRSpec_G395H
3.0767641255886757,3.157347614390971e-08,1.1338485711766186,NIRSpec_G395H
3.077441897595434,3.197438093037797e-08,1.1482456339910845,NIRSpec_G395H
3.0781196590318065,3.139058704182492e-08,1.1272807626104209,NIRSpec_G395H
3.078797419975222,3.141237921858321e-08,1.1280633507666185,NIRSpec_G395H
3.079475248545327,3.137857106428487e-08,1.1268492517149153,NIRSpec_G395H
3.0801530766225786,3.117298358552224e-08,1.1194663120606203,NIRSpec_G395H
3.080830904207029,3.142289792293693e-08,1.128441092445987,NIRSpec_G395H
3.08150873129873,3.1601373203826325e-08,1.1348503943962829,NIRSpec_G395H
3.082186523837936,3.165579454471816e-08,1.136804742385414,NIRSpec_G395H
3.082864247764902,3.1926904615306333e-08,1.1465406917869587,NIRSpec_G395H
3.0835419711992746,3.1576538470331466e-08,1.1339585436871513,NIRSpec_G395H
3.0842197963204954,3.137231616393734e-08,1.1266246293201694,NIRSpec_G395H
3.0848976002461805,3.0993601280667386e-08,1.1130244375857608,NIRSpec_G395H
3.085575342906126,3.104231055187694e-08,1.114773657003739,NIRSpec_G395H
3.0862530303108424,3.114875512767722e-08,1.1185962335749897,NIRSpec_G395H
3.0869308335728998,3.150600942802453e-08,1.1314257451608922,NIRSpec_G395H
3.0876086224430055,3.1506067284765875e-08,1.1314278228790124,NIRSpec_G395H
3.0882862598701664,3.155835583445416e-08,1.1333055792933753,NIRSpec_G395H
3.0889640624665406,3.159243538361254e-08,1.1345294245216753,NIRSpec_G395H
3.0896418157994643,3.1491824347851204e-08,1.1309163386953751,NIRSpec_G395H
3.09031948499986,3.140642717724341e-08,1.1278496044709,NIRSpec_G395H
3.0909972528686946,3.131607378425782e-08,1.1246048852302717,NIRSpec_G395H
3.091675004724698,3.129992744971511e-08,1.1240250473224167,NIRSpec_G395H
3.0923526879689023,3.1374790572540175e-08,1.1267134888630987,NIRSpec_G395H
3.0930304388405485,3.161913691562581e-08,1.1354883146287855,NIRSpec_G395H
3.093708087040702,3.136666809628637e-08,1.126421799153267,NIRSpec_G395H
3.094385836928196,3.15163442447026e-08,1.1317968831714926,NIRSpec_G395H
3.0950635356033174,3.1480475888071565e-08,1.1305087993149296,NIRSpec_G395H
3.0957412330478467,3.1535951002767256e-08,1.132500989824675,NIRSpec_G395H
3.096418897213563,3.145163012276189e-08,1.1294729067311737,NIRSpec_G395H
3.0970965772804724,3.118368427277725e-08,1.1198505890055914,NIRSpec_G395H
3.097774256855307,3.104633418009353e-08,1.1149181512331212,NIRSpec_G395H
3.098451969997916,3.122973744785364e-08,1.1215044242222305,NIRSpec_G395H
3.0991295955303846,3.1207573247122044e-08,1.1207084761544206,NIRSpec_G395H
3.0998072926278764,3.1265475030217634e-08,1.1227878117883012,NIRSpec_G395H
3.1004849361751274,3.129551681110964e-08,1.1238666549978593,NIRSpec_G395H
3.1011625792305595,3.119007920866821e-08,1.1200802402764773,NIRSpec_G395H
3.1018402558540203,3.064526831518916e-08,1.1005153038622195,NIRSpec_G395H
3.1025178979259667,3.086682723455661e-08,1.1084718007335554,NIRSpec_G395H
3.103195560094105,3.100709513390047e-08,1.1135090211057463,NIRSpec_G395H
3.103873214654708,3.0969246782017646e-08,1.112149832795022,NIRSpec_G395H
3.10455082119201,3.109211453985238e-08,1.116562189262508,NIRSpec_G395H
3.1052284826763223,3.108507156892128e-08,1.1163092661288414,NIRSpec_G395H
3.1059060884937115,3.102621659856761e-08,1.1141957001807021,NIRSpec_G395H
3.1065837400344263,3.0919199365819006e-08,1.1103525586814826,NIRSpec_G395H
3.1072613446059756,3.091617529511646e-08,1.1102439599884026,NIRSpec_G395H
3.107938937055725,3.0970906634130226e-08,1.1122094404523366,NIRSpec_G395H
3.1086165409066497,3.099417563668105e-08,1.1130450635295899,NIRSpec_G395H
3.109294178325882,3.1242588359507344e-08,1.1219659187928777,NIRSpec_G395H
3.1099717471340806,3.115522269346071e-08,1.1188284930889303,NIRSpec_G395H
3.110649349510688,3.12080245196898e-08,1.1207246819961159,NIRSpec_G395H
3.111326917336161,3.076666360568581e-08,1.1048747819269669,NIRSpec_G395H
3.1120045187301426,3.118629097559806e-08,1.1199441994226196,NIRSpec_G395H
3.112682109830163,3.118701760836985e-08,1.119970293842072,NIRSpec_G395H
3.1133597105017143,3.090817200328859e-08,1.1099565503613353,NIRSpec_G395H
3.1140372766220525,3.0637064457201444e-08,1.1002206916182238,NIRSpec_G395H
3.114714842251026,2.9697200582959804e-08,1.0664688390806005,NIRSpec_G395H
3.1153924073886845,2.9663103484859068e-08,1.0652443636447448,NIRSpec_G395H
3.116069972035078,3.0701779630015984e-08,1.102544705796921,NIRSpec_G395H
3.116747502130461,3.0972406269895334e-08,1.112263294512048,NIRSpec_G395H
3.11742503173468,3.09416974409872e-08,1.1111604966566175,NIRSpec_G395H
3.1181025949075822,1.4778370141350751e-08,0.530712354658546,NIRSpec_G395H
3.1187801575894203,3.030186015820253e-08,1.0881830270373634,NIRSpec_G395H
3.1194576588760023,3.089953152381605e-08,1.1096462584169335,NIRSpec_G395H
3.120135186258863,3.1056804015137844e-08,1.1152941379458716,NIRSpec_G395H
3.1208127064498656,3.136819922241306e-08,1.126476784076787,NIRSpec_G395H
3.1214902671679496,3.097870393116635e-08,1.1124894525125595,NIRSpec_G395H
3.1221677933354233,3.029705660368118e-08,1.0880105245417313,NIRSpec_G395H
3.122845250892539,3.0490708588279534e-08,1.094964843573363,NIRSpec_G395H
3.1235228044620205,3.0880251662071054e-08,1.1089538910769419,NIRSpec_G395H
3.124200266714072,3.090272345670342e-08,1.1097608852805432,NIRSpec_G395H
3.12487779091879,3.134468734459132e-08,1.1256324390020687,NIRSpec_G395H
3.1255552465133514,3.0450685039257676e-08,1.0935275408302312,NIRSpec_G395H
3.126232765081133,2.9235683264892285e-08,1.0498950937863225,NIRSpec_G395H
3.126910224350573,3.0462303083112745e-08,1.093944761359415,NIRSpec_G395H
3.1275877125335367,3.049330831918299e-08,1.095058203618893,NIRSpec_G395H
3.128265196332692,3.063970551285234e-08,1.1003155356943881,NIRSpec_G395H
3.1289426533686218,3.076213777007192e-08,1.1047122527134967,NIRSpec_G395H
3.12962013669408,3.060596418551864e-08,1.0991038364943209,NIRSpec_G395H
3.130297623168906,3.052157512104346e-08,1.0960733047992361,NIRSpec_G395H
3.1309750439144786,3.044048678244024e-08,1.0931613068790427,NIRSpec_G395H
3.1316524924678792,2.993208741672696e-08,1.0749039603716866,NIRSpec_G395H
3.13232994341172,3.023880379475679e-08,1.0859185830695637,NIRSpec_G395H
3.133007427925062,3.022803508574817e-08,1.0855318633663802,NIRSpec_G395H
3.1336848438285623,3.05202218994667e-08,1.0960247086819035,NIRSpec_G395H
3.134362293301662,3.0058079962401e-08,1.0794285324283166,NIRSpec_G395H
3.1350397068546636,3.048185000266372e-08,1.094646719126205,NIRSpec_G395H
3.1357171567176665,3.055072292629308e-08,1.097120044068127,NIRSpec_G395H
3.1363945357320424,3.0729894243327886e-08,1.1035543416693727,NIRSpec_G395H
3.137071984113675,3.055257721028131e-08,1.0971866340514735,NIRSpec_G395H
3.1377493967081023,3.057586472348797e-08,1.098022921872785,NIRSpec_G395H
3.138426741311345,3.049959198733922e-08,1.0952838591066894,NIRSpec_G395H
3.139104187473377,3.060546403367523e-08,1.0990858753281052,NIRSpec_G395H
3.139781565286673,3.050332955669142e-08,1.0954180805541587,NIRSpec_G395H
3.1404589424794667,3.061230617542178e-08,1.099331586399251,NIRSpec_G395H
3.1411363864248427,3.030324368332303e-08,1.0882327113981831,NIRSpec_G395H
3.141813763514745,2.98118460862207e-08,1.070585922656438,NIRSpec_G395H
3.1424911051779376,3.045270247383537e-08,1.0935999897839965,NIRSpec_G395H
3.1431684787900047,3.0434792724018174e-08,1.0929568251179396,NIRSpec_G395H
3.143845889214251,3.058785374566454e-08,1.0984534647627333,NIRSpec_G395H
3.144523229408079,3.090619978030796e-08,1.1098857250205196,NIRSpec_G395H
3.1452005691122182,3.079771544630277e-08,1.1059898978222034,NIRSpec_G395H
3.1458779083267148,3.014066208966374e-08,1.0823941744303187,NIRSpec_G395H
3.146555215847446,2.926765719638187e-08,1.0510433232802536,NIRSpec_G395H
3.1472326534065744,2.9577303305681784e-08,1.062163156807606,NIRSpec_G395H
3.1479099911524404,3.0729053998252764e-08,1.103524167270028,NIRSpec_G395H
3.1485873284088597,3.059372433202524e-08,1.0986642858939484,NIRSpec_G395H
3.149264665175882,3.041386848421147e-08,1.0922054058158754,NIRSpec_G395H
3.149941967393758,3.007742390080104e-08,1.080123200852403,NIRSpec_G395H
3.1506192734502405,2.939636426466375e-08,1.0556653777162803,NIRSpec_G395H
3.151296574933973,2.9582969683731686e-08,1.0623666445270556,NIRSpec_G395H
3.151973875928226,3.0205734508726566e-08,1.084731017831441,NIRSpec_G395H
3.152651176433045,3.020990040348025e-08,1.0848806210551283,NIRSpec_G395H
3.1533284764484812,2.999328421164191e-08,1.0771016245806775,NIRSpec_G395H
3.1540057759745816,3.007461234683749e-08,1.0800222339385976,NIRSpec_G395H
3.1546830750113957,3.0258699408960053e-08,1.0866330629587666,NIRSpec_G395H
3.155360373558971,3.0464673516588904e-08,1.094029887007214,NIRSpec_G395H
3.156037671617355,3.010644503863301e-08,1.0811653913136217,NIRSpec_G395H
3.1567149691865986,3.011122600053861e-08,1.0813370824761914,NIRSpec_G395H
3.157392266266748,3.004322367402891e-08,1.078895021918834,NIRSpec_G395H
3.1580695357992044,3.012096773723509e-08,1.081686922138563,NIRSpec_G395H
3.1587467980828725,3.027867780833939e-08,1.087350515781744,NIRSpec_G395H
3.1594240523937245,3.0106369355578324e-08,1.0811626734271582,NIRSpec_G395H
3.160101211278793,3.0246106114110974e-08,1.0861808197750906,NIRSpec_G395H
3.160778505914197,3.006619986227975e-08,1.0797201296168448,NIRSpec_G395H
3.161455774206169,2.972272386084304e-08,1.067385416400999,NIRSpec_G395H
3.162133034044187,2.9518963918111865e-08,1.0600681061727637,NIRSpec_G395H
3.1628102593334213,3.019388601395436e-08,1.0843055214810606,NIRSpec_G395H
3.163487441149665,3.013199305011455e-08,1.0820828568528202,NIRSpec_G395H
3.164164708445127,2.9678889796894448e-08,1.065811272630752,NIRSpec_G395H
3.1648419322676924,2.997888224723763e-08,1.0765844294930191,NIRSpec_G395H
3.1655191556014635,3.0117417669326145e-08,1.0815594341354116,NIRSpec_G395H
3.166196344386691,3.0069201772466735e-08,1.0798279324941966,NIRSpec_G395H
3.1668735667430177,3.0062216417006235e-08,1.0795770784142735,NIRSpec_G395H
3.1675507886106935,3.0032879355921034e-08,1.078523542698334,NIRSpec_G395H
3.1682279418701733,2.9975502363228126e-08,1.0764630530364818,NIRSpec_G395H
3.1689051627606903,2.989735444480907e-08,1.0736566497999167,NIRSpec_G395H
3.1695823150431064,2.9728640661064136e-08,1.0675978971378697,NIRSpec_G395H
3.1702595349566565,2.988921521145657e-08,1.0733643583187653,NIRSpec_G395H
3.170936731861583,2.9944515811920787e-08,1.0753502817734957,NIRSpec_G395H
3.1716138711391766,2.983707243562404e-08,1.0714918368515243,NIRSpec_G395H
3.172291067539337,2.990880079141359e-08,1.0740677044358895,NIRSpec_G395H
3.172968205368427,2.9732038897254136e-08,1.06771993264739,NIRSpec_G395H
3.173645401262905,2.9890464733326716e-08,1.0734092304316951,NIRSpec_G395H
3.174322537644788,2.997903152012214e-08,1.0765897900952555,NIRSpec_G395H
3.174999664913073,3.007340296652862e-08,1.0799788033663993,NIRSpec_G395H
3.175676813035497,2.9922718741830614e-08,1.0745675178907692,NIRSpec_G395H
3.176353994729408,3.009632043289098e-08,1.0808018022776218,NIRSpec_G395H
3.1770310737556664,2.9903685827163635e-08,1.0738840187726448,NIRSpec_G395H
3.1777082204133036,2.9709014160323087e-08,1.0668930814970132,NIRSpec_G395H
3.1783853665827735,2.9680223209002332e-08,1.0658591573617973,NIRSpec_G395H
3.179062478204325,2.979951431064939e-08,1.0701430710031115,NIRSpec_G395H
3.1797396039250723,2.2652357871861602e-08,0.8134784871239472,NIRSpec_G395H
3.18041668074323,2.9746846436894395e-08,1.0682516925203678,NIRSpec_G395H
3.181093810140731,2.9791251871777416e-08,1.06984635503599,NIRSpec_G395H
3.1817708857504754,2.994733786080722e-08,1.0754516255749538,NIRSpec_G395H
3.1824480104477493,2.954288499627563e-08,1.0609271462155314,NIRSpec_G395H
3.183125085313168,2.9728710096574886e-08,1.0676003906661178,NIRSpec_G395H
3.183802211831978,2.9740116628688425e-08,1.0680100155069197,NIRSpec_G395H
3.184479285490465,2.975447574446683e-08,1.068525671839295,NIRSpec_G395H
3.1851563410410044,2.991007916818645e-08,1.0741136127695403,NIRSpec_G395H
3.1858334139544353,2.9742795528642558e-08,1.0681062186260022,NIRSpec_G395H
3.1865105204397834,2.9489608685268056e-08,1.0590139178830487,NIRSpec_G395H
3.1871875583177043,2.9463306299671712e-08,1.0580693616931942,NIRSpec_G395H
3.187864629767636,2.977795098292855e-08,1.0693687011423254,NIRSpec_G395H
3.1885416666700315,2.9772431073727364e-08,1.0691704733281862,NIRSpec_G395H
3.1892187030847343,2.9548473024286492e-08,1.0611278202733048,NIRSpec_G395H
3.1898957390117895,2.964021655010693e-08,1.064422461167202,NIRSpec_G395H
3.190572792725401,2.9726000287935755e-08,1.0675030775720626,NIRSpec_G395H
3.1912498279053887,2.955768104535462e-08,1.0614584934460614,NIRSpec_G395H
3.191926862597594,2.942836252405839e-08,1.0568144808599882,NIRSpec_G395H
3.192603896802063,2.9608034374614433e-08,1.0632667533340445,NIRSpec_G395H
3.193280930518843,2.8106390295130954e-08,1.009340572188273,NIRSpec_G395H
3.1939579443361636,2.9562351747097637e-08,1.0616262250088953,NIRSpec_G395H
3.1946349427912026,2.967111125039707e-08,1.0655319339291254,NIRSpec_G395H
3.1953119748187637,2.9650592446540977e-08,1.0647950744104444,NIRSpec_G395H
3.1959889242708095,2.947252296247781e-08,1.0584003452030895,NIRSpec_G395H
3.1966659555498382,2.957227427625335e-08,1.061982557186397,NIRSpec_G395H
3.1973429522816588,2.9555830245511886e-08,1.0613920285833502,NIRSpec_G395H
3.1980199144663186,2.966282147252922e-08,1.06523423617966,NIRSpec_G395H
3.1986969102234553,2.9544274265775534e-08,1.0609770368652105,NIRSpec_G395H
3.199373892651257,2.9468272240577544e-08,1.058247695715554,NIRSpec_G395H
3.200050866216161,2.9451818141186297e-08,1.0576568055329294,NIRSpec_G395H
3.200727860511619,2.953250973088324e-08,1.0605545556338951,NIRSpec_G395H
3.201404774030957,2.9228520719133565e-08,1.04963787655001,NIRSpec_G395H
3.202081767575865,2.900049444469485e-08,1.04144912773171,NIRSpec_G395H
3.2027587042361825,2.914599605659008e-08,1.0466742981880561,NIRSpec_G395H
3.2034356169645855,2.9330514463325206e-08,1.0533006174086201,NIRSpec_G395H
3.204112609047678,2.9248856893124635e-08,1.0503681775696976,NIRSpec_G395H
3.204789509517981,2.9272835958621608e-08,1.0512293000203257,NIRSpec_G395H
3.2054664555131804,2.921924513145173e-08,1.0493047769637645,NIRSpec_G395H
3.2061433780152764,2.926749226415236e-08,1.051037400328599,NIRSpec_G395H
3.20682030003033,2.9369549324513148e-08,1.05470241496117,NIRSpec_G395H
3.2074972556181836,2.9512364458971506e-08,1.0598311101802182,NIRSpec_G395H
3.2081741425994923,2.9386008900490158e-08,1.055293501815802,NIRSpec_G395H
3.208851063153692,2.9318876365682916e-08,1.0528826767193282,NIRSpec_G395H
3.209527949161236,2.9359740638801848e-08,1.0543501710641665,NIRSpec_G395H
3.210204868741762,2.9256228387540262e-08,1.0506328984503663,NIRSpec_G395H
3.2108817537757224,2.9456062216173276e-08,1.0578092163203265,NIRSpec_G395H
3.21155863832296,2.9424227454954223e-08,1.0566659846293511,NIRSpec_G395H
3.2122355223835206,2.9449889503811094e-08,1.057587545413384,NIRSpec_G395H
3.212912397553048,2.9549438990391533e-08,1.061162509494188,NIRSpec_G395H
3.2135892890447892,2.9208637735604437e-08,1.0489238502463343,NIRSpec_G395H
3.2142661636789,2.910319422305747e-08,1.045137223284631,NIRSpec_G395H
3.2149429778920537,2.9338172395271872e-08,1.0535756246696615,NIRSpec_G395H
3.2156198672681526,2.9312279775473927e-08,1.0526457837542011,NIRSpec_G395H
3.2162967410974166,2.8596752318260343e-08,1.0269501719912957,NIRSpec_G395H
3.2169735538505284,2.8519677732496348e-08,1.0241823136615946,NIRSpec_G395H
3.217650366117051,2.8807682532336388e-08,1.0345249768926634,NIRSpec_G395H
3.2183272800764193,2.8945950641023084e-08,1.0394903819294459,NIRSpec_G395H
3.2190040913698974,2.897393984279636e-08,1.0404955140946328,NIRSpec_G395H
3.2196809021769215,2.9067318466286387e-08,1.0438488736784817,NIRSpec_G395H
3.220357712497536,2.884710529448936e-08,1.0359407045222486,NIRSpec_G395H
3.221034516537157,2.9077772971048074e-08,1.0442243098589128,NIRSpec_G395H
3.22171139979931,2.8749080602621654e-08,1.0324204979948572,NIRSpec_G395H
3.2223882086609668,2.8783867572447384e-08,1.033669747708531,NIRSpec_G395H
3.223065017036394,2.892788454049054e-08,1.0388416024861502,NIRSpec_G395H
3.223741824925636,2.8935454599090836e-08,1.039113454089963,NIRSpec_G395H
3.2244185982689415,2.907513691252395e-08,1.0441296452366997,NIRSpec_G395H
3.2250954006813677,2.875319922730158e-08,1.03256840368276,NIRSpec_G395H
3.225772173266575,2.8021394252114135e-08,1.0062882430278401,NIRSpec_G395H
3.2264489453655028,2.8762198262317425e-08,1.0328915718682388,NIRSpec_G395H
3.2271257169781946,2.9278515898412465e-08,1.0514332747612405,NIRSpec_G395H
3.2278024881046967,2.9351635709990166e-08,1.0540591115080147,NIRSpec_G395H
3.2284792587450526,2.8871963421265262e-08,1.0368333953174755,NIRSpec_G395H
3.2291560288993075,2.917221126806936e-08,1.0476157238310038,NIRSpec_G395H
3.229832798567505,2.9104364671036528e-08,1.0451792557413249,NIRSpec_G395H
3.2305095649497946,2.918418371185584e-08,1.048045671367313,NIRSpec_G395H
3.231186333857863,2.8790475139483534e-08,1.033907034867181,NIRSpec_G395H
3.2318630365366103,2.8935036509304016e-08,1.0390984398892698,NIRSpec_G395H
3.232539702081636,2.8620899247397055e-08,1.0278173226647018,NIRSpec_G395H
3.233216401200624,2.8757793330091977e-08,1.0327333844679287,NIRSpec_G395H
3.233893167953416,2.8809863544725198e-08,1.0346033001589867,NIRSpec_G395H
3.234569932687553,2.937887857276421e-08,1.055037441575009,NIRSpec_G395H
3.235246664619306,2.8760084806710815e-08,1.0328156746623411,NIRSpec_G395H
3.2359233620053303,2.853562359890064e-08,1.0247549524726105,NIRSpec_G395H
3.236599991688991,2.8756838104609272e-08,1.0326990809581162,NIRSpec_G395H
3.2372767553197614,2.898865886059548e-08,1.0410240950220095,NIRSpec_G395H
3.237953451248257,2.882269455245827e-08,1.0350640799514488,NIRSpec_G395H
3.2386301466909977,2.887871655027184e-08,1.0370759098141429,NIRSpec_G395H
3.2393068075882305,2.8710701464865494e-08,1.0310422484062003,NIRSpec_G395H
3.239983502059594,2.8587340686747684e-08,1.0266121868770046,NIRSpec_G395H
3.2406601616364745,2.9046884852472058e-08,1.043115073455733,NIRSpec_G395H
3.241336821425903,2.8942830700095063e-08,1.0393783403998003,NIRSpec_G395H
3.2420135144405315,2.8374919638985246e-08,1.0189838440111292,NIRSpec_G395H
3.2426901047902765,2.8621968573055273e-08,1.0278557236745927,NIRSpec_G395H
3.2433668308937635,2.9211542984025316e-08,1.0490281818617673,NIRSpec_G395H
3.2440434883922533,2.8696202283063888e-08,1.0305215621031132,NIRSpec_G395H
3.2447201113455866,2.85319960985757e-08,1.0246246837609352,NIRSpec_G395H
3.245396735611076,2.858528173914101e-08,1.0265382471311457,NIRSpec_G395H
3.246073389856147,2.8926062161311896e-08,1.0387761582500317,NIRSpec_G395H
3.246750013562503,2.8640147371165266e-08,1.0285085502486695,NIRSpec_G395H
3.2474266323659973,2.8584898792867137e-08,1.0265244949841383,NIRSpec_G395H
3.2481032555122984,2.865339072796888e-08,1.0289841380845137,NIRSpec_G395H
3.2487799069950802,2.8803161036441367e-08,1.034362603524689,NIRSpec_G395H
3.249456458432527,2.8846801606525042e-08,1.0359297986542075,NIRSpec_G395H
3.2501330807370183,2.8609112519495988e-08,1.0273940444507808,NIRSpec_G395H
3.2508096960916184,2.8757066699585434e-08,1.0327072901298249,NIRSpec_G395H
3.2514862837739567,2.8940938769631395e-08,1.0393103984778145,NIRSpec_G395H
3.252162867534775,2.8820249915141734e-08,1.0349762895378825,NIRSpec_G395H
3.252839450810482,2.8723518348915312e-08,1.0315025209970479,NIRSpec_G395H
3.2535159995413245,2.8714660157709614e-08,1.0311844107137198,NIRSpec_G395H
3.2541926159067374,2.8763140708316865e-08,1.032925416448576,NIRSpec_G395H
3.254869197727372,2.871134388279789e-08,1.0310653185506287,NIRSpec_G395H
3.255545710943475,2.8438274864369188e-08,1.0212590205374874,NIRSpec_G395H
3.256222262792227,2.8622903024672352e-08,1.0278892811652545,NIRSpec_G395H
3.2568988381004322,2.882264899755145e-08,1.035062444009756,NIRSpec_G395H
3.257575417981575,2.8039589131905403e-08,1.0069416471180337,NIRSpec_G395H
3.2582519292583583,2.7498392553617523e-08,0.9875065059184875,NIRSpec_G395H
3.258928474110216,2.827231742302541e-08,1.015299252063275,NIRSpec_G395H
3.2596049844175985,2.8495363259096177e-08,1.0233091462346684,NIRSpec_G395H
3.2602815345624356,2.8609735549974924e-08,1.0274164183640973,NIRSpec_G395H
3.2609580441003887,2.870077691791339e-08,1.0306858437667514,NIRSpec_G395H
3.261634621273111,2.858178206817859e-08,1.0264125689542405,NIRSpec_G395H
3.2623111298414598,2.848783438069113e-08,1.0230387734704147,NIRSpec_G395H
3.2629876379250686,2.8483336224667865e-08,1.0228772382705318,NIRSpec_G395H
3.2636641455239825,2.6856608297730335e-08,0.9644591177175624,NIRSpec_G395H
3.2643405845186497,2.841881395513437e-08,1.0205601515238532,NIRSpec_G395H
3.2650170911483007,2.8371277575879677e-08,1.0188530523292263,NIRSpec_G395H
3.265693563233586,2.836697843311152e-08,1.0186986639792472,NIRSpec_G395H
3.266370068894144,2.8548286055300184e-08,1.0252096793462295,NIRSpec_G395H
3.2670465482584357,2.863718885200866e-08,1.0284023056051206,NIRSpec_G395H
3.2677229850275467,2.8436627446684336e-08,1.0211998594182117,NIRSpec_G395H
3.268399480789702,2.847496348992382e-08,1.0225765614212958,NIRSpec_G395H
3.2690759504527875,2.7864551630359826e-08,1.0006558007283242,NIRSpec_G395H
3.2697523855717643,2.8367044018846254e-08,1.0187010192565464,NIRSpec_G395H
3.270428863496898,2.8444980254157197e-08,1.0214998206507109,NIRSpec_G395H
3.2711052637832827,2.8291547080898427e-08,1.0159898165106027,NIRSpec_G395H
3.271781756142835,2.853922630135381e-08,1.0248843306573336,NIRSpec_G395H
3.272458155265187,2.8479797496674328e-08,1.0227501574999203,NIRSpec_G395H
3.273134632034842,2.855239249432947e-08,1.0253571474300338,NIRSpec_G395H
3.2738110303836465,2.8511250782978403e-08,1.0238796898824851,NIRSpec_G395H
3.2744874519071945,2.8298908286248668e-08,1.0162541678962553,NIRSpec_G395H
3.2751638937480223,2.81213717213636e-08,1.0098785765768505,NIRSpec_G395H
3.275840256584287,2.8198025754859196e-08,1.0126313322746319,NIRSpec_G395H
3.2765166529961847,2.8497226684741593e-08,1.023376064507966,NIRSpec_G395H
3.2771931170435558,2.822589124430103e-08,1.013632021753508,NIRSpec_G395H
3.2778694897958274,2.809189273532994e-08,1.0088199441335413,NIRSpec_G395H
3.2785458733871145,2.824579712646904e-08,1.0143468703799734,NIRSpec_G395H
3.2792222455564874,2.808649588726877e-08,1.0086261356204993,NIRSpec_G395H
3.27989862779469,2.8214650005738492e-08,1.013228332839931,NIRSpec_G395H
3.280574999380241,2.817898231695053e-08,1.0119474552518861,NIRSpec_G395H
3.281251380266617,2.785705101857434e-08,1.0003864430587042,NIRSpec_G395H
3.281927751267422,2.785533040001774e-08,1.0003246531916954,NIRSpec_G395H
3.2826040967434333,2.7962147537406138e-08,1.004160608981073,NIRSpec_G395H
3.283280467158569,2.8154742849251188e-08,1.01107698138668,NIRSpec_G395H
3.28395679031836,2.8430234842083025e-08,1.020970291867263,NIRSpec_G395H
3.284633147054013,2.8240840756186357e-08,1.0141688800523443,NIRSpec_G395H
3.285309469245977,2.7907137920858083e-08,1.0021851351738909,NIRSpec_G395H
3.285985825013886,2.793774890017276e-08,1.0032844191108279,NIRSpec_G395H
3.286662180297984,2.8298257266963072e-08,1.0162307888649627,NIRSpec_G395H
3.2873384669787193,2.8351835476181844e-08,1.018154858792899,NIRSpec_G395H
3.2880147872355256,2.832897883564285e-08,1.0173340442237677,NIRSpec_G395H
3.2886910873677686,2.8345439403248816e-08,1.0179251666892104,NIRSpec_G395H
3.2893673922383235,2.859295082886517e-08,1.0268136550838949,NIRSpec_G395H
3.290043745103992,2.8487482682646908e-08,1.023026143491913,NIRSpec_G395H
3.290720029366504,2.819802147624186e-08,1.0126311786233795,NIRSpec_G395H
3.291396328316157,2.7924376665989187e-08,1.0028042031044124,NIRSpec_G395H
3.2920725777391264,2.7923114608950208e-08,1.0027588808356869,NIRSpec_G395H
3.2927488607381825,2.7839855347682888e-08,0.9997689219855784,NIRSpec_G395H
3.2934251091937705,2.8126631595341004e-08,1.0100674661551368,NIRSpec_G395H
3.2941013912255284,2.8234845888364742e-08,1.0139535957965675,NIRSpec_G395H
3.294777656669486,2.80861797639306e-08,1.0086147831804426,NIRSpec_G395H
3.295453937548215,2.7812790680171716e-08,0.9987969911646881,NIRSpec_G395H
3.2961301838839137,2.7742290828703542e-08,0.9962652409230927,NIRSpec_G395H
3.296806446397495,2.7705042049135735e-08,0.9949275841095531,NIRSpec_G395H
3.297482674738283,2.766834664224483e-08,0.9936097996982847,NIRSpec_G395H
3.2981588859343396,2.7814296607826517e-08,0.9988510711751345,NIRSpec_G395H
3.2988351307065784,2.6670117250172882e-08,0.9577619581508913,NIRSpec_G395H
3.299511374995244,2.8084405006409894e-08,1.008551049105998,NIRSpec_G395H
3.3001876012166322,2.798202486265512e-08,1.0048744320878367,NIRSpec_G395H
3.3008638443545553,2.8081791320693737e-08,1.008457187923236,NIRSpec_G395H
3.301540087009298,2.78549004269863e-08,1.000309212246735,NIRSpec_G395H
3.302216295121106,2.77265106045792e-08,0.9956985505626559,NIRSpec_G395H
3.3028925027498137,2.7808669100502598e-08,0.9986489793589078,NIRSpec_G395H
3.3035685921558895,2.785134180147537e-08,1.000181416927888,NIRSpec_G395H
3.3042448330606766,2.771622160217352e-08,0.9953290578079355,NIRSpec_G395H
3.3049210734822165,2.7903341188615088e-08,1.0020487891026113,NIRSpec_G395H
3.3055972943746745,2.791016485644729e-08,1.0022938367491379,NIRSpec_G395H
3.3062733485169273,2.7810202434901394e-08,0.9987040435846297,NIRSpec_G395H
3.306949553429164,2.7979041608672964e-08,1.0047672991814152,NIRSpec_G395H
3.307625791918112,2.7991565148589736e-08,1.0052170373659592,NIRSpec_G395H
3.30830192774462,2.7849297359790534e-08,1.0001079981103767,NIRSpec_G395H
3.308978029028325,2.7725883138670625e-08,0.9956760173667336,NIRSpec_G395H
3.3096542521395085,2.783406308839981e-08,0.9995609136914626,NIRSpec_G395H
3.310330332326264,2.7912684294787442e-08,1.0023843133741737,NIRSpec_G395H
3.311006500280782,2.8001818236160958e-08,1.005585240367738,NIRSpec_G395H
3.3116826884224317,2.8297759119711824e-08,1.0162128996865116,NIRSpec_G395H
3.3123587325619264,2.8101762312428717e-08,1.009174374727137,NIRSpec_G395H
3.3130349200959284,2.7781377212859502e-08,0.9976688887389269,NIRSpec_G395H
3.3137109629120043,2.7845409434789235e-08,0.9999683771770506,NIRSpec_G395H
3.314387149837431,2.77353429749298e-08,0.9960157335822413,NIRSpec_G395H
3.315063191331334,2.7563642846483646e-08,0.9898497370216419,NIRSpec_G395H
3.31573937764726,2.737399727834146e-08,0.983039294120521,NIRSpec_G395H
3.3164154056784034,2.7566716716679877e-08,0.9899601240855842,NIRSpec_G395H
3.3170915694659358,2.6929147165545873e-08,0.9670640919450607,NIRSpec_G395H
3.3177675965315205,2.6872713522588713e-08,0.9650374793180057,NIRSpec_G395H
3.3184437252937764,2.6435289966392444e-08,0.9493289753847824,NIRSpec_G395H
3.319119785453758,2.48471052288276e-08,0.8922949957480562,NIRSpec_G395H
3.319795811071302,2.565470147948255e-08,0.9212969292291543,NIRSpec_G395H
3.3204719273029233,2.7086450832354015e-08,0.9727130910301887,NIRSpec_G395H
3.321147997097815,2.7235124030869016e-08,0.9780521576866489,NIRSpec_G395H
3.3218240212676733,2.774688728663003e-08,0.9964303062845583,NIRSpec_G395H
3.3225001025178282,2.76739014638594e-08,0.9938092812669949,NIRSpec_G395H
3.3231761599573146,2.7500295222667005e-08,0.9875748334784098,NIRSpec_G395H
3.323852193061904,2.7622911860847092e-08,0.9919781718808489,NIRSpec_G395H
3.324528181242272,2.7539040361777832e-08,0.9889662266978518,NIRSpec_G395H
3.3252042272004907,2.7485335269028456e-08,0.9870376002013191,NIRSpec_G395H
3.325880248649715,2.7488075214538293e-08,0.9871359955533947,NIRSpec_G395H
3.3265563036762194,2.74026561118357e-08,0.9840684737161071,NIRSpec_G395H
3.327232324160447,2.7513181650102996e-08,0.9880376034714657,NIRSpec_G395H
3.3279083101024374,2.7549895926810634e-08,0.9893560655247728,NIRSpec_G395H
3.3285842955620275,2.735560376581654e-08,0.9823787568454918,NIRSpec_G395H
3.3292603145990527,2.7216539395095382e-08,0.9773847569031011,NIRSpec_G395H
3.329936299093958,2.7127938581971466e-08,0.9742029753055428,NIRSpec_G395H
3.3306122831065794,2.750609968247426e-08,0.9877832799107543,NIRSpec_G395H
3.3312882666369563,2.749930100011628e-08,0.9875391295282513,NIRSpec_G395H
3.3319642156253297,2.7565277960435807e-08,0.9899084562963242,NIRSpec_G395H
3.3326401981913327,2.756815897681747e-08,0.9900119177046592,NIRSpec_G395H
3.333316180275208,2.729803254501565e-08,0.9803112921751954,NIRSpec_G395H
3.333992127817196,2.7379229696257695e-08,0.9832271977124817,NIRSpec_G395H
3.33466810893693,2.7438408778412735e-08,0.9853524029777873,NIRSpec_G395H
3.335344055514855,2.771342395713621e-08,0.995228590383514,NIRSpec_G395H
3.336019994497625,2.777729822357664e-08,0.9975224064146767,NIRSpec_G395H
3.3366959402809786,2.7621656729670292e-08,0.9919330983297149,NIRSpec_G395H
3.337371885582165,2.7579515255001714e-08,0.9904197378551679,NIRSpec_G395H
3.3380477963414252,2.6652281259568078e-08,0.9571214422833764,NIRSpec_G395H
3.338723706618595,2.6472742652390426e-08,0.9506739547691234,NIRSpec_G395H
3.33939965047351,2.7066278159132912e-08,0.9719886615564016,NIRSpec_G395H
3.3400755597866145,2.7089553061339144e-08,0.9728244964986971,NIRSpec_G395H
3.3407514686177437,2.7214534943480644e-08,0.9773127741860571,NIRSpec_G395H
3.34142734290714,2.7278554386498234e-08,0.9796118037152152,NIRSpec_G395H
3.3421032507744344,2.728997367590655e-08,0.9800218866886723,NIRSpec_G395H
3.3427791527278807,2.7326868728989888e-08,0.9813468406795269,NIRSpec_G395H
3.3434550310036824,2.7387377232591472e-08,0.9835197873655359,NIRSpec_G395H
3.344130903365713,2.728168720790458e-08,0.9797243078012128,NIRSpec_G395H
3.344806770313093,2.7159879797123434e-08,0.9753500299091167,NIRSpec_G395H
3.345482646644575,2.699693662081696e-08,0.9694985079925565,NIRSpec_G395H
3.3461585470197437,2.67021349303489e-08,0.9589117587225642,NIRSpec_G395H
3.3468343879967577,2.7281096047295367e-08,0.9797030783803838,NIRSpec_G395H
3.347510287738987,2.75331492891411e-08,0.9887546698752387,NIRSpec_G395H
3.3481860933627674,2.732774577881014e-08,0.981378336789775,NIRSpec_G395H
3.3488619584113324,2.714263896761759e-08,0.9747308871257248,NIRSpec_G395H
3.3495377589650626,2.7154316732519196e-08,0.9751502523228881,NIRSpec_G395H
3.350213593096877,2.700250882249387e-08,0.9696986137040998,NIRSpec_G395H
3.350889426747017,2.663363533356554e-08,0.9564518404802718,NIRSpec_G395H
3.351565259915519,2.680886199751705e-08,0.9627444799618382,NIRSpec_G395H
3.3522410926024215,2.664948954247972e-08,0.9570211877400585,NIRSpec_G395H
3.3529168566881675,2.6437747152506423e-08,0.9494172164435671,NIRSpec_G395H
3.3535926884119833,2.6893151230399867e-08,0.9657714265620209,NIRSpec_G395H
3.3542685196543127,2.702728194607905e-08,0.970588251913482,NIRSpec_G395H
3.3549442822955986,2.6639758250878203e-08,0.9566717231759481,NIRSpec_G395H
3.3556200762030373,2.686542729742924e-08,0.9647758205779707,NIRSpec_G395H
3.3562958380430308,2.7159611503092444e-08,0.9753403950877145,NIRSpec_G395H
3.356971635450727,2.7560969326030765e-08,0.9897537270881238,NIRSpec_G395H
3.3576473961665894,2.7361466811841808e-08,0.9825893071925044,NIRSpec_G395H
3.3583232228529094,2.680664283309136e-08,0.9626647866014427,NIRSpec_G395H
3.3589989487069016,2.5996090892957613e-08,0.9335567100945624,NIRSpec_G395H
3.359674708139232,2.6525336185708776e-08,0.9525626635807328,NIRSpec_G395H
3.360350467090142,2.7066200324047952e-08,0.9719858663874608,NIRSpec_G395H
3.3610261914998714,2.7056732419887982e-08,0.971645860442126,NIRSpec_G395H
3.3617019154282537,2.7079143644374306e-08,0.9724506794853733,NIRSpec_G395H
3.3623776729351236,2.721448341281606e-08,0.977310923646378,NIRSpec_G395H
3.3630533959009243,2.7077051223794007e-08,0.9723755376772791,NIRSpec_G395H
3.363729118385489,2.670884749987724e-08,0.9591528166705057,NIRSpec_G395H
3.364404840388855,2.6157154009828375e-08,0.9393407163946857,NIRSpec_G395H
3.365080561911059,2.6843584322862223e-08,0.9639914081999933,NIRSpec_G395H
3.3657562488923416,2.687424794680877e-08,0.9650925826807637,NIRSpec_G395H
3.3664319694523326,2.682525850528741e-08,0.9633333019471962,NIRSpec_G395H
3.3671076895312724,2.6910685472854178e-08,0.9664011062229765,NIRSpec_G395H
3.3677833750694006,2.696544063324528e-08,0.9683674421465542,NIRSpec_G395H
3.368459060126551,2.6898681215445314e-08,0.965970016214102,NIRSpec_G395H
3.369134711509333,2.649462615096104e-08,0.9514598224218818,NIRSpec_G395H
3.369810394738267,2.656255335484901e-08,0.9538991852187226,NIRSpec_G395H
3.3704861124125007,2.6706272786859947e-08,0.9590603550529586,NIRSpec_G395H
3.371161761486308,2.6315985251441744e-08,0.9450445728703137,NIRSpec_G395H
3.3718373775086627,2.67948184893995e-08,0.9622401575508116,NIRSpec_G395H
3.372513059835732,2.6884947802589352e-08,0.965476829766302,NIRSpec_G395H
3.3731887398829024,2.705357831924115e-08,0.9715325921882454,NIRSpec_G395H
3.3738643208675385,2.6837213001828578e-08,0.9637626049723227,NIRSpec_G395H
3.3745400017517406,2.7071114941752795e-08,0.9721623573204552,NIRSpec_G395H
3.375215648095263,2.7012688606293397e-08,0.9700641842628617,NIRSpec_G395H
3.375891225838344,2.6757831806573905e-08,0.9609119130051931,NIRSpec_G395H
3.376566871220209,2.6764735282390637e-08,0.9611598266702984,NIRSpec_G395H
3.3772424820615017,2.681844460186081e-08,0.9630886049544048,NIRSpec_G395H
3.3779180924220564,2.6838555753549716e-08,0.9638108251022038,NIRSpec_G395H
3.3785937363617062,2.6845284259512328e-08,0.964052455350235,NIRSpec_G395H
3.3792693117010963,2.676991115510218e-08,0.9613456996432909,NIRSpec_G395H
3.379944920619653,2.686811019900826e-08,0.9648721674011116,NIRSpec_G395H
3.380620494997818,2.7101523909201046e-08,0.973254386723078,NIRSpec_G395H
3.3812960725302896,2.6912240728296375e-08,0.9664569576646395,NIRSpec_G395H
3.3819716763723053,2.6284687912525203e-08,0.9439206407809104,NIRSpec_G395H
3.3826471510665983,2.6679223501512017e-08,0.9580889766274946,NIRSpec_G395H
3.383322821765049,2.695370592576465e-08,0.9679460320601436,NIRSpec_G395H
3.383998329859417,2.7195745786212626e-08,0.9766380287438747,NIRSpec_G395H
3.384673901504937,2.650250919822697e-08,0.9517429138951884,NIRSpec_G395H
3.3853495021913425,2.6494158860231193e-08,0.9514430413451341,NIRSpec_G395H
3.386024975234579,2.6058982072473717e-08,0.9358152220717969,NIRSpec_G395H
3.386700477318772,2.647352179790888e-08,0.9507019349962232,NIRSpec_G395H
3.3873761151616466,2.6574828926618204e-08,0.9543400185133347,NIRSpec_G395H
3.388051616284862,2.6787480489287283e-08,0.9619766394983611,NIRSpec_G395H
3.3887270828678453,2.6881655830062974e-08,0.9653586103365385,NIRSpec_G395H
3.3894025830302255,2.6717292559252674e-08,0.9594560908004334,NIRSpec_G395H
3.3900781848916317,2.6532118973289617e-08,0.952806243159113,NIRSpec_G395H
3.3907536898211155,2.6417719372888208e-08,0.9486979903057655,NIRSpec_G395H
3.3914291828147096,2.6414646596329864e-08,0.94858764251592,NIRSpec_G395H
3.392104646996045,2.6520895585600585e-08,0.9524031952958696,NIRSpec_G395H
3.392780110697157,2.655773180002856e-08,0.9537260363066707,NIRSpec_G395H
3.3934555739180805,2.6668798957894572e-08,0.957714616394496,NIRSpec_G395H
3.3941310707186476,2.670748277090874e-08,0.959103807306319,NIRSpec_G395H
3.394806601098893,2.6542557322090862e-08,0.9531810991559563,NIRSpec_G395H
3.395482069633945,2.590158071386843e-08,0.930162714734866,NIRSpec_G395H
3.396157531080058,2.511182609091676e-08,0.9018014995575308,NIRSpec_G395H
3.396832992045889,2.5770905256793803e-08,0.9254699726491803,NIRSpec_G395H
3.397508452531472,2.5912817791646703e-08,0.9305662542287444,NIRSpec_G395H
3.3981838784770453,2.612103035450648e-08,0.9380434643979236,NIRSpec_G395H
3.398859338002238,2.623559588503944e-08,0.9421576760390116,NIRSpec_G395H
3.399534694867896,2.6040076032688118e-08,0.9351362792116632,NIRSpec_G395H
3.4002101534328375,2.54917926947151e-08,0.9154466423618236,NIRSpec_G395H
3.400885577457907,2.583437649214034e-08,0.9277493152587956,NIRSpec_G395H
3.4015610350627354,2.6409187862925818e-08,0.9483916116119295,NIRSpec_G395H
3.402236458127762,2.6560458199054732e-08,0.9538239451851924,NIRSpec_G395H
3.402911854994248,2.6461454267498365e-08,0.9502685727635939,NIRSpec_G395H
3.403587243182209,2.61578865950572e-08,0.9393670245753619,NIRSpec_G395H
3.4042626222637695,2.563098505063697e-08,0.9204452384353562,NIRSpec_G395H
3.4049380434091234,2.5901814708756737e-08,0.9301711178251231,NIRSpec_G395H
3.4056134389250086,2.6310483116082104e-08,0.9448469833401805,NIRSpec_G395H
3.4062887911327007,2.6417273747764288e-08,0.948681987271835,NIRSpec_G395H
3.4069641677271423,2.636032855687951e-08,0.9466370042289228,NIRSpec_G395H
3.407639562227616,2.6340470731968303e-08,0.945923881407108,NIRSpec_G395H
3.4083149129953147,2.6707377335795677e-08,0.9591000209809947,NIRSpec_G395H
3.4089902632830835,2.6961101314935937e-08,0.9682116110355767,NIRSpec_G395H
3.409665613090957,2.6547366700825135e-08,0.9533538108073832,NIRSpec_G395H
3.4103409283591724,2.656883115115658e-08,0.9541246298400571,NIRSpec_G395H
3.411016277207357,2.6309852128597417e-08,0.9448243236794361,NIRSpec_G395H
3.411691601690501,2.6478898112831703e-08,0.9508950061349745,NIRSpec_G395H
3.4123669734643824,2.6426628354743466e-08,0.9490179245537774,NIRSpec_G395H
3.4130422632051487,2.6124313464208304e-08,0.9381613655510137,NIRSpec_G395H
3.4137175996806732,2.594402427071528e-08,0.9316869234113863,NIRSpec_G395H
3.4143929227988243,2.5720425291334945e-08,0.9236571650746297,NIRSpec_G395H
3.4150682580381138,2.571482816064974e-08,0.9234561641268348,NIRSpec_G395H
3.415743501347933,2.511763668671359e-08,0.9020101663420145,NIRSpec_G395H
3.416418823440709,2.595577044845672e-08,0.9321087454112261,NIRSpec_G395H
3.417094122768114,2.618640057481443e-08,0.9403910022666029,NIRSpec_G395H
3.4177693760565386,2.6190887275517235e-08,0.940552126089586,NIRSpec_G395H
3.4184446857046424,2.6173512862335504e-08,0.9399281861258219,NIRSpec_G395H
3.419119926753458,2.624134120352752e-08,0.9423639986222132,NIRSpec_G395H
3.419795235442207,2.6344449045875644e-08,0.9460667483349994,NIRSpec_G395H
3.420470441471938,2.638886279980833e-08,0.9476617095995633,NIRSpec_G395H
3.421145749201466,2.6132054661149313e-08,0.9384393629767882,NIRSpec_G395H
3.421820954272042,2.618856875788829e-08,0.940468864813924,NIRSpec_G395H
3.422496192922889,2.6254912043033844e-08,0.9428513468290999,NIRSpec_G395H
3.4231713970344444,2.6128638218126157e-08,0.9383166736339152,NIRSpec_G395H
3.4238466006665393,2.614219935239122e-08,0.9388036733117426,NIRSpec_G395H
3.424521803819207,2.6254038560172524e-08,0.9428199788134357,NIRSpec_G395H
3.4251970064924797,2.6181241617548536e-08,0.9402057367513953,NIRSpec_G395H
3.425872208686393,2.594143356226671e-08,0.931593887375083,NIRSpec_G395H
3.426547410400976,2.5850226240153546e-08,0.9283185023212644,NIRSpec_G395H
3.4272226116362656,2.5965465630122385e-08,0.9324569132160255,NIRSpec_G395H
3.4278977783324955,2.6139464729005393e-08,0.9387054690847328,NIRSpec_G395H
3.428572944549496,2.6069160354000776e-08,0.9361807386818112,NIRSpec_G395H
3.429248089932605,2.568460141828163e-08,0.922370678686803,NIRSpec_G395H
3.4299232893832134,2.629027211497629e-08,0.9441211774573747,NIRSpec_G395H
3.430598454294626,2.6222308236953626e-08,0.9416804976400375,NIRSpec_G395H
3.431273584666875,2.62915813717468e-08,0.9441681947357948,NIRSpec_G395H
3.4319487486195888,2.603323311819187e-08,0.9348905403899734,NIRSpec_G395H
3.432623843973407,2.6227893723012018e-08,0.9418810804126714,NIRSpec_G395H
3.4332990410273494,2.224710349457657e-08,0.7989252242981073,NIRSpec_G395H
3.4339741354226643,2.6171282773081512e-08,0.9398481004392567,NIRSpec_G395H
3.4346492781535387,2.6029779976808375e-08,0.9347665331566266,NIRSpec_G395H
3.4353243908953135,2.61290415368076e-08,0.9383311573831419,NIRSpec_G395H
3.4359995519727122,2.6147566057673505e-08,0.938996399354593,NIRSpec_G395H
3.4366746255358573,2.58854810955377e-08,0.9295845544728288,NIRSpec_G395H
3.4373497023912387,2.5700807228102695e-08,0.9229526524367513,NIRSpec_G395H
3.43802477525445,2.5860653999569136e-08,0.9286929780381621,NIRSpec_G395H
3.4386999345443097,2.5765888918886016e-08,0.9252898287985837,NIRSpec_G395H
3.439374975516001,2.5797403042403676e-08,0.926421545932279,NIRSpec_G395H
3.440050081387342,2.5759565585728055e-08,0.9250627488839887,NIRSpec_G395H
3.4407251552044005,2.5698138815398438e-08,0.922856825929773,NIRSpec_G395H
3.4414002263136556,2.5763894744355757e-08,0.9252182151463046,NIRSpec_G395H
3.4420752469684266,2.570488294789748e-08,0.9230990173490203,NIRSpec_G395H
3.44275033526371,2.5828784600094752e-08,0.9275485024380227,NIRSpec_G395H
3.4434253890201436,2.5899688851456822e-08,0.9300947752567266,NIRSpec_G395H
3.44410040823776,2.5975370880850782e-08,0.9328126249005531,NIRSpec_G395H
3.4447754610361874,2.588088697863461e-08,0.929419573180853,NIRSpec_G395H
3.445450513355657,2.608442506234025e-08,0.9367289161349763,NIRSpec_G395H
3.4461255311364063,2.600571640032303e-08,0.9339023757958423,NIRSpec_G395H
3.446800548438264,2.5941749379043738e-08,0.9316052288060915,NIRSpec_G395H
3.4474755652612603,2.5760684333119086e-08,0.9251029246988102,NIRSpec_G395H
3.4481505648502755,2.5946336508414937e-08,0.9317699591658286,NIRSpec_G395H
3.4488255634110003,2.5746625196559318e-08,0.9245980410481277,NIRSpec_G395H
3.4495006128574004,2.5821930075810096e-08,0.9273023466922686,NIRSpec_G395H
3.450175593705473,2.579573644914215e-08,0.9263616961906889,NIRSpec_G395H
3.45085059187658,2.5687964460189407e-08,0.9224914503194404,NIRSpec_G395H
3.4515255718908833,2.571108098895479e-08,0.9233215978455388,NIRSpec_G395H
3.452200517366481,2.5787243525421293e-08,0.9260567031838336,NIRSpec_G395H
3.4528754964230006,2.574734514865901e-08,0.9246238955551143,NIRSpec_G395H
3.453550440940877,2.576683974848051e-08,0.9253239744457794,NIRSpec_G395H
3.4542253849799414,2.557688785738636e-08,0.9185025310504519,NIRSpec_G395H
3.4549003626000196,2.5543787252616087e-08,0.9173138411116948,NIRSpec_G395H
3.4555753243429046,2.557027576661266e-08,0.918265081437933,NIRSpec_G395H
3.4562502330076508,2.5535428105254786e-08,0.9170136522047571,NIRSpec_G395H
3.4569251752532377,2.5630110856959506e-08,0.9204138448932702,NIRSpec_G395H
3.4576001170198993,2.5536775649456444e-08,0.9170620444394506,NIRSpec_G395H
3.458275058307667,2.074527287880153e-08,0.7449923443679923,NIRSpec_G395H
3.458949979849225,2.5714659235350903e-08,0.923450097778364,NIRSpec_G395H
3.4596249200589004,2.5412112161718788e-08,0.9125852007493553,NIRSpec_G395H
3.4602998597900414,2.5446713556899477e-08,0.9138277862127843,NIRSpec_G395H
3.4609747649828826,2.5441520353032784e-08,0.9136412908532856,NIRSpec_G395H
3.4616496553847855,2.569366742488537e-08,0.9226962519175449,NIRSpec_G395H
3.4623244575606487,2.5938253368866313e-08,0.931479682093198,NIRSpec_G395H
3.462999395497022,2.5783581495446515e-08,0.9259251944631726,NIRSpec_G395H
3.463674332954748,2.5635342360434506e-08,0.9206017156463415,NIRSpec_G395H
3.4643492018142616,2.551338236322625e-08,0.9162219581579676,NIRSpec_G395H
3.4650239680157986,2.5362437888136398e-08,0.910801326719492,NIRSpec_G395H
3.4656989040377644,2.5321542109693026e-08,0.9093327009735075,NIRSpec_G395H
3.4663738055214073,2.5249638905283123e-08,0.9067505543257456,NIRSpec_G395H
3.4670485362275696,2.5529220619870077e-08,0.9167907325489684,NIRSpec_G395H
3.46772347081405,2.5560861576623226e-08,0.9179270044450909,NIRSpec_G395H
3.4683983368025006,2.5651310547693018e-08,0.9211751560310751,NIRSpec_G395H
3.4690731001331567,2.5666758148775576e-08,0.92172990142356,NIRSpec_G395H
3.469748020386272,2.561427903680823e-08,0.9198453016458992,NIRSpec_G395H
3.4704227275387685,2.550518438958052e-08,0.915927557229087,NIRSpec_G395H
3.4710976470672064,2.5315197809997082e-08,0.9091048681206225,NIRSpec_G395H
3.4717723530311253,2.525118160163733e-08,0.9068059547526419,NIRSpec_G395H
3.4724472718339388,2.5460356831845155e-08,0.9143177356796348,NIRSpec_G395H
3.4731219766104675,2.552601703185126e-08,0.916675687132961,NIRSpec_G395H
3.473796860626913,2.545602993757781e-08,0.9141623507337295,NIRSpec_G395H
3.474471586186145,2.546564344415499e-08,0.9145075854695834,NIRSpec_G395H
3.4751464475061646,2.5164860353093435e-08,0.9037060355711882,NIRSpec_G395H
3.475821172108625,2.546504760426299e-08,0.9144861880090341,NIRSpec_G395H
3.4764959079816675,2.542732517997591e-08,0.913131521937922,NIRSpec_G395H
3.4771707561177414,2.568531049532319e-08,0.9223961426549375,NIRSpec_G395H
3.4778454792852678,2.530477683486189e-08,0.9087306360369125,NIRSpec_G395H
3.478520201974543,2.5562835276134586e-08,0.9179978828102315,NIRSpec_G395H
3.4791950263649865,2.5274416102099008e-08,0.9076403388106532,NIRSpec_G395H
3.4798697480978458,2.5357242768315285e-08,0.9106147625553369,NIRSpec_G395H
3.480544469352542,2.5180965331075762e-08,0.9042843883059604,NIRSpec_G395H
3.481219156069307,2.5041897175124443e-08,0.8992902524305545,NIRSpec_G395H
3.481893933638612,2.514161084228662e-08,0.9028711124702693,NIRSpec_G395H
3.4825686876301143,2.5243341497416484e-08,0.906524405425347,NIRSpec_G395H
3.48324337302371,2.554885605299814e-08,0.9174958689645855,NIRSpec_G395H
3.4839181025143993,2.543882091047934e-08,0.9135443500201558,NIRSpec_G395H
3.4845927868409357,2.5219434238317962e-08,0.9056658616449265,NIRSpec_G395H
3.485267470689514,2.5097582949764415e-08,0.9012900080394274,NIRSpec_G395H
3.485942154060163,2.5350980726564004e-08,0.9103898837025942,NIRSpec_G395H
3.4866168369529125,2.4757188755866386e-08,0.8890659669288148,NIRSpec_G395H
3.487291519367791,2.5267895538791975e-08,0.9074061760800356,NIRSpec_G395H
3.487966191448382,2.517553180722543e-08,0.9040892627130078,NIRSpec_G395H
3.488640873016529,2.5200304331031777e-08,0.9049788793834764,NIRSpec_G395H
3.4893155200468278,2.508020215695932e-08,0.900665838974287,NIRSpec_G395H
3.489990200658903,2.5091613025745262e-08,0.9010756195511818,NIRSpec_G395H
3.490664846733188,2.504070374786146e-08,0.8992473947549926,NIRSpec_G395H
3.4913394923295087,2.4943083433461263e-08,0.895741709999346,NIRSpec_G395H
3.4920141715076913,2.4772486695051064e-08,0.8896153377490386,NIRSpec_G395H
3.492688772988794,2.4939000450820395e-08,0.8955950842679129,NIRSpec_G395H
3.4933634172584536,2.5125360418573977e-08,0.9022875365718281,NIRSpec_G395H
3.4940380018161328,2.5288307406038822e-08,0.9081391953525223,NIRSpec_G395H
3.4947126450230646,1.101839041428479e-08,0.395686118657315,NIRSpec_G395H
3.4953872450194603,2.529045585872046e-08,0.9082163493533112,NIRSpec_G395H
3.4960618533170305,2.5088349716099367e-08,0.900958429446347,NIRSpec_G395H
3.4967364695978262,2.5166503215605795e-08,0.9037650331077214,NIRSpec_G395H
3.497411068478195,2.5155983895058893e-08,0.9033872692999769,NIRSpec_G395H
3.4980856072222513,1.2838395012401676e-08,0.4610450802016162,NIRSpec_G395H
3.4987602136079845,2.5024740878356418e-08,0.8986741453383723,NIRSpec_G395H
3.49943481951583,2.4980917240700132e-08,0.8971003759911563,NIRSpec_G395H
3.500109390886017,2.4974195414903246e-08,0.8968589856374063,NIRSpec_G395H
3.5007839617783723,2.506843592497862e-08,0.9002432967981059,NIRSpec_G395H
3.5014584981331263,2.5121211909088968e-08,0.902138557677941,NIRSpec_G395H
3.5021330680699014,2.5094273850547903e-08,0.901171173565788,NIRSpec_G395H
3.5028075959474614,2.4978048686275936e-08,0.8969973621094921,NIRSpec_G395H
3.503482172450438,2.4863367200893633e-08,0.8928789863643425,NIRSpec_G395H
3.5041566995784468,2.4932343311956773e-08,0.8953560169142191,NIRSpec_G395H
3.504831172740814,2.5087790199937335e-08,0.9009383364227603,NIRSpec_G395H
3.5055057331781176,2.497829150016329e-08,0.8970060819025862,NIRSpec_G395H
3.5061802662910244,2.5047587640041396e-08,0.8994946051437626,NIRSpec_G395H
3.506854771773563,2.4901901851687193e-08,0.894262820648028,NIRSpec_G395H
3.5075292629637302,2.500650121039783e-08,0.8980191328411953,NIRSpec_G395H
3.5082037946431783,2.4677054470625366e-08,0.8861882304259142,NIRSpec_G395H
3.5088782236654716,2.4952466033160774e-08,0.8960786525398102,NIRSpec_G395H
3.5095527543894187,2.503244858877268e-08,0.8989509402152712,NIRSpec_G395H
3.510227216516062,2.499926238913629e-08,0.8977591764427618,NIRSpec_G395H
3.5109017122248214,2.5040519203582616e-08,0.8992407675066677,NIRSpec_G395H
3.511576173396129,2.502696856984158e-08,0.8987541449176382,NIRSpec_G395H
3.5122506340898085,2.499261000854788e-08,0.897520279965519,NIRSpec_G395H
3.512925122362044,2.501520695153573e-08,0.8983317684251029,NIRSpec_G395H
3.513599554044396,2.4760313070857957e-08,0.8891781655373225,NIRSpec_G395H
3.5142739792455613,2.4661114371451573e-08,0.8856157987243733,NIRSpec_G395H
3.514948438029005,2.4861799739288275e-08,0.892822696581947,NIRSpec_G395H
3.5156228963349574,2.4960841502504063e-08,0.8963794275924062,NIRSpec_G395H
3.5162973201036487,2.4873502285328116e-08,0.8932429517051372,NIRSpec_G395H
3.5169717433949024,2.4791821029384066e-08,0.8903096612773762,NIRSpec_G395H
3.5176461662087464,2.4767038713260344e-08,0.8894196929508209,NIRSpec_G395H
3.5183205544854106,2.4666875725343772e-08,0.8858226971618129,NIRSpec_G395H
3.5189949712229693,2.4428650804791005e-08,0.8772677004121275,NIRSpec_G395H
3.519669392701425,2.4664622751445575e-08,0.885741789655027,NIRSpec_G395H
3.5203437796425154,2.4707539800708564e-08,0.887283002119697,NIRSpec_G395H
3.5210181661060647,2.481322748502362e-08,0.8910783976379288,NIRSpec_G395H
3.5216925861518953,2.490420324603779e-08,0.8943454670023364,NIRSpec_G395H
3.5223669035408465,2.4481712219887872e-08,0.8791732115258855,NIRSpec_G395H
3.523041288571929,2.4354763139405085e-08,0.8746142889396767,NIRSpec_G395H
3.523715673125577,2.438701966790624e-08,0.8757726668954472,NIRSpec_G395H
3.524390023142019,2.4811970133639748e-08,0.8910332443559914,NIRSpec_G395H
3.5250643726810793,2.4604736335682746e-08,0.8835911830307808,NIRSpec_G395H
3.525738751635892,2.4473803639084352e-08,0.8788892031068177,NIRSpec_G395H
3.5264131043869527,2.449303654354701e-08,0.879579884143811,NIRSpec_G395H
3.527087384374429,2.4706794360491066e-08,0.8872562322980387,NIRSpec_G395H
3.5277617621786086,2.4651400976835636e-08,0.885266976866547,NIRSpec_G395H
3.5284360791567644,2.4704527453989443e-08,0.8871748244515875,NIRSpec_G395H
3.5291103880730645,2.458930558102233e-08,0.8830370426173482,NIRSpec_G395H
3.529784703910607,2.4701144676861752e-08,0.8870533440990485,NIRSpec_G395H
3.5304589779978666,2.4756710604153256e-08,0.8890487958186631,NIRSpec_G395H
3.531133323333832,2.4563121613176543e-08,0.8820967389778515,NIRSpec_G395H
3.531807566013019,2.442563754550364e-08,0.8771594899723903,NIRSpec_G395H
3.532481910394238,2.4612859109196405e-08,0.8838828834156378,NIRSpec_G395H
3.533156152118732,2.4589384807628898e-08,0.8830398877578151,NIRSpec_G395H
3.533830495545307,2.4755331177359827e-08,0.8889992586346153,NIRSpec_G395H
3.53450473631521,2.46726539529217e-08,0.8860302015573792,NIRSpec_G395H
3.535178942548058,1.379564978921527e-08,0.49542146486053024,NIRSpec_G395H
3.535853284542863,2.435881447874917e-08,0.8747597783151799,NIRSpec_G395H
3.536527523881071,2.444279722352878e-08,0.8777757184903392,NIRSpec_G395H
3.53720172607792,2.4507948586255822e-08,0.880115396871065,NIRSpec_G395H
3.53787603518577,2.4471752849251177e-08,0.8788155563182433,NIRSpec_G395H
3.5385502390327175,2.4388486587068556e-08,0.8758253460552788,NIRSpec_G395H
3.5392244741257133,2.4391376246995897e-08,0.8759291178656702,NIRSpec_G395H
3.539898643047397,2.449779774392011e-08,0.8797508656415568,NIRSpec_G395H
3.540572947730951,2.4372745114188492e-08,0.8752600473073069,NIRSpec_G395H
3.541247151829116,2.435156569547411e-08,0.8744994641666289,NIRSpec_G395H
3.541921353290799,2.428013952013622e-08,0.8719344483133745,NIRSpec_G395H
3.5425955523797827,2.4340202274181812e-08,0.8740913874969197,NIRSpec_G395H
3.543269718915129,2.423998098052071e-08,0.8704922978654465,NIRSpec_G395H
3.543943884973282,2.4477146484131036e-08,0.8790092494413604,NIRSpec_G395H
3.5446180505542686,2.4593784109715558e-08,0.8831978729718092,NIRSpec_G395H
3.5452922156581126,2.453695043670955e-08,0.8811568946950155,NIRSpec_G395H
3.5459663802848396,2.4763329018051325e-08,0.8892864725035988,NIRSpec_G395H
3.546640544434475,2.470261803263315e-08,0.8871062544066947,NIRSpec_G395H
3.547314708107043,2.465240767251509e-08,0.8853031287445522,NIRSpec_G395H
3.5479888713025685,2.4510944551480982e-08,0.8802229862563566,NIRSpec_G395H
3.548663034021076,2.4359179857396214e-08,0.8747728995836459,NIRSpec_G395H
3.549337196262591,2.4364236872921267e-08,0.8749545042255094,NIRSpec_G395H
3.5500113580271377,2.4450362334215454e-08,0.8780473924075152,NIRSpec_G395H
3.550685518450179,2.452584780909028e-08,0.880758183498154,NIRSpec_G395H
3.551359645285272,2.4457108554615012e-08,0.8782896588062487,NIRSpec_G395H
3.5520337716432056,2.4559366008625964e-08,0.8819618698606796,NIRSpec_G395H
3.552707761897553,2.4461527340289282e-08,0.8784483437036692,NIRSpec_G395H
3.5533819207483006,2.4574809612144387e-08,0.8825164716949334,NIRSpec_G395H
3.5540560456749017,2.4556743151188062e-08,0.8818676793083055,NIRSpec_G395H
3.554730170124442,2.438284639736934e-08,0.8756227987968624,NIRSpec_G395H
3.5554041581384372,2.4383042457539455e-08,0.8756298395972716,NIRSpec_G395H
3.5560783154130413,2.4318182772658602e-08,0.8733006357841113,NIRSpec_G395H
3.5567524043717427,2.4510791080579002e-08,0.8802174748973243,NIRSpec_G395H
3.5574264587592594,2.437442091427048e-08,0.8753202276789542,NIRSpec_G395H
3.5581005127386818,2.4354321548348395e-08,0.8745984307748553,NIRSpec_G395H
3.558774600266561,2.4388622207063583e-08,0.8758302163627762,NIRSpec_G395H
3.559448585138156,2.408434357422255e-08,0.864903136572326,NIRSpec_G395H
3.5601227057720704,2.4213771259953016e-08,0.8695510694089672,NIRSpec_G395H
3.560796655630154,2.4240688544436368e-08,0.8705177074950713,NIRSpec_G395H
3.561470775310402,2.4507318204371138e-08,0.8800927589582807,NIRSpec_G395H
3.5621447588055704,2.4493365607566294e-08,0.8795917013021877,NIRSpec_G395H
3.5628188088817465,2.4476468416758094e-08,0.8789848990746644,NIRSpec_G395H
3.5634927908924854,2.444473688084852e-08,0.8778453743518141,NIRSpec_G395H
3.5641668746058883,2.456755272054804e-08,0.8822558663649976,NIRSpec_G395H
3.5648408216034007,2.3941570911921748e-08,0.8597759665890464,NIRSpec_G395H
3.5655148371705954,2.42904297958185e-08,0.8723039867932741,NIRSpec_G395H
3.566188850407599,2.4295522390190542e-08,0.8724868691222899,NIRSpec_G395H
3.5668627959751444,2.4035536376059506e-08,0.8631504004577447,NIRSpec_G395H
3.567536810346781,2.4305024872491954e-08,0.8728281168180133,NIRSpec_G395H
3.568210755038715,2.436603546153473e-08,0.8750190941084925,NIRSpec_G395H
3.568884731997611,2.4309550358942185e-08,0.8729906334925184,NIRSpec_G395H
3.56955871111172,2.436626153321631e-08,0.875027212665093,NIRSpec_G395H
3.570232654373243,2.42701131688724e-08,0.8715743877358575,NIRSpec_G395H
3.570906631217806,2.449836311137503e-08,0.8797711687934185,NIRSpec_G395H
3.5715805394660403,2.4382648537487335e-08,0.875615693366232,NIRSpec_G395H
3.5722544812973602,2.4295289333277967e-08,0.8724784997160794,NIRSpec_G395H
3.5729283903665565,2.435080846412787e-08,0.8744722709087162,NIRSpec_G395H
3.5736023635299596,2.419284973943577e-08,0.8687997477604671,NIRSpec_G395H
3.5742762698714876,2.4289918906888307e-08,0.8722856400429547,NIRSpec_G395H
3.5749502097961927,2.4261198511792833e-08,0.8712542496824444,NIRSpec_G395H
3.5756241151845054,2.422406644133552e-08,0.8699207840595603,NIRSpec_G395H
3.576297986036446,2.419971860864209e-08,0.8690464186528226,NIRSpec_G395H
3.5769718586350208,2.3994218554603388e-08,0.8616666185450842,NIRSpec_G395H
3.577645762667557,2.3881104615566845e-08,0.8576045356254789,NIRSpec_G395H
3.578319666223323,2.3776901529120356e-08,0.8538624541346407,NIRSpec_G395H
3.5789935693023414,2.4100808881220494e-08,0.8654944292360958,NIRSpec_G395H
3.5796674037850407,2.428674753207693e-08,0.872171751449182,NIRSpec_G395H
3.5803412718508336,2.4361365272926237e-08,0.8748513809730517,NIRSpec_G395H
3.58101517083726,2.4167274951732895e-08,0.8678813206489612,NIRSpec_G395H
3.581689006552401,2.403318084175877e-08,0.8630658098605904,NIRSpec_G395H
3.5823628391284226,2.421717831588084e-08,0.8696734216478551,NIRSpec_G395H
3.5830366712278314,2.4196421624690728e-08,0.8689280192556386,NIRSpec_G395H
3.5837105369104463,2.4386995672586343e-08,0.875771805189278,NIRSpec_G395H
3.5843843339968973,2.42030599675893e-08,0.8691664116194132,NIRSpec_G395H
3.585058198726396,2.4205110010080783e-08,0.8692400315698812,NIRSpec_G395H
3.5857319948597755,2.4075418486489965e-08,0.8645826239392826,NIRSpec_G395H
3.5864057905166518,2.4073956474545484e-08,0.8645301210046441,NIRSpec_G395H
3.5870796197568455,2.4053132601332144e-08,0.8637823060101313,NIRSpec_G395H
3.5877534178342714,2.4179724621708773e-08,0.8683284060585446,NIRSpec_G395H
3.5884272427480792,2.4137132560060768e-08,0.8667988643627572,NIRSpec_G395H
3.589101005951884,2.3928166643705336e-08,0.8592946001948119,NIRSpec_G395H
3.589774795714059,2.4060466572442572e-08,0.8640456793753797,NIRSpec_G395H
3.5904485581030676,2.3854920123103323e-08,0.8566642131462109,NIRSpec_G395H
3.5911223467745508,2.406157069406701e-08,0.8640853299580575,NIRSpec_G395H
3.5917961083477943,2.4191710025987553e-08,0.8687588190246217,NIRSpec_G395H
3.592469861869932,2.413064119267071e-08,0.8665657500991693,NIRSpec_G395H
3.5931436226264393,2.4167953955091716e-08,0.8679057046282455,NIRSpec_G395H
3.5938173109313647,2.399731950511706e-08,0.8617779781018587,NIRSpec_G395H
3.5944911009391736,2.4083849273466775e-08,0.8648853855270147,NIRSpec_G395H
3.595164822350904,2.4034024582699547e-08,0.863096109801458,NIRSpec_G395H
3.5958385432861695,2.3826061259098115e-08,0.8556278501696117,NIRSpec_G395H
3.596512263744992,2.3685962381499857e-08,0.8505966996094326,NIRSpec_G395H
3.597186017787191,2.408497102051337e-08,0.8649256690637467,NIRSpec_G395H
3.5978597032333943,2.406632074161916e-08,0.8642559109420923,NIRSpec_G395H
3.5985333926593275,2.40877512974476e-08,0.8650255127748093,NIRSpec_G395H
3.599207077218211,2.4128765163759456e-08,0.8664983792246157,NIRSpec_G395H
3.5998807907736117,2.4062518470327664e-08,0.8641193659556791,NIRSpec_G395H
3.600554508374221,2.3993279460261684e-08,0.8616328943275579,NIRSpec_G395H
3.6012281573789418,2.3949940271773737e-08,0.860076522241094,NIRSpec_G395H
3.601901805907388,2.370757363767569e-08,0.8513727906494123,NIRSpec_G395H
3.602575526923824,2.374601419511014e-08,0.8527532459063382,NIRSpec_G395H
3.603249174563616,2.4002188122093376e-08,0.8619528170830669,NIRSpec_G395H
3.6039228217269312,2.389340402304116e-08,0.858046224894266,NIRSpec_G395H
3.6045964684117413,2.400534923743238e-08,0.8620663372445505,NIRSpec_G395H
3.6052701146198696,2.4137596678203066e-08,0.8668155315073599,NIRSpec_G395H
3.60594376035158,2.413700026297487e-08,0.866794113385667,NIRSpec_G395H
3.606617371547095,2.3962231597036792e-08,0.8605179212661447,NIRSpec_G395H
3.607291016326029,2.173814954737248e-08,0.780647961978248,NIRSpec_G395H
3.607964592509011,2.3975701371722056e-08,0.8610016400911276,NIRSpec_G395H
3.6086382076850803,2.3901043816137752e-08,0.8583205807633243,NIRSpec_G395H
3.60931181156558,2.4058903262787243e-08,0.8639895386954329,NIRSpec_G395H
3.6099854544392067,2.4010425274297433e-08,0.8622486249698693,NIRSpec_G395H
3.6106590287169635,2.4104726671390774e-08,0.8656351226702458,NIRSpec_G395H
3.611332574112527,2.3964865510963698e-08,0.8606125088728122,NIRSpec_G395H
3.6120061815579874,2.3968558930256243e-08,0.8607451448286544,NIRSpec_G395H
3.6126797827525734,2.389784057211107e-08,0.8582055477005652,NIRSpec_G395H
3.613353321065629,2.3922738943329523e-08,0.8590996837311371,NIRSpec_G395H
3.6140268988561766,2.3986663151302547e-08,0.8613952932339821,NIRSpec_G395H
3.6147004703360395,2.402957684232824e-08,0.8629363850995599,NIRSpec_G395H
3.6153739732199086,2.4086546622634964e-08,0.8649822511836935,NIRSpec_G395H
3.616047543746991,2.4048878554646183e-08,0.8636295371247983,NIRSpec_G395H
3.616721107668055,2.397612484736769e-08,0.8610168477056943,NIRSpec_G395H
3.6173946152525,2.396006450216451e-08,0.8604400977976947,NIRSpec_G395H
3.6180681843505593,2.3964978662449304e-08,0.8606165723040826,NIRSpec_G395H
3.618741650792927,2.38873978232515e-08,0.8578305336913503,NIRSpec_G395H
3.6194152189384026,2.385136157064536e-08,0.8565364204508001,NIRSpec_G395H
3.620088684428225,2.392391166910236e-08,0.8591417979866549,NIRSpec_G395H
3.6207621218574286,2.3846875152375892e-08,0.8563753067704011,NIRSpec_G395H
3.62143571615855,2.3796456145529296e-08,0.8545646883065806,NIRSpec_G395H
3.6221091461599038,2.3716973281203614e-08,0.8517103452580695,NIRSpec_G395H
3.6227826778644636,2.379572444392074e-08,0.854538411857969,NIRSpec_G395H
3.6234561750330596,2.3671657905759682e-08,0.8500830054787799,NIRSpec_G395H
3.6241295763024213,2.3866836012942612e-08,0.8570921297495965,NIRSpec_G395H
3.6248030725741276,2.3692925267436206e-08,0.8508467467766881,NIRSpec_G395H
3.625476561502654,2.3771208762418857e-08,0.8536580187610658,NIRSpec_G395H
3.626149995568849,2.3820919789815904e-08,0.8554432126728466,NIRSpec_G395H
3.6268233882321046,2.375820402977147e-08,0.853191000259094,NIRSpec_G395H
3.6274967804190448,2.3896718387511e-08,0.8581652484506637,NIRSpec_G395H
3.6281703424286724,2.368814213935056e-08,0.8506749778235028,NIRSpec_G395H
3.6288437946441756,2.3521755052628872e-08,0.8446997801708357,NIRSpec_G395H
3.6295171925407397,2.3278900843450922e-08,0.8359785390624581,NIRSpec_G395H
3.6301905828226064,2.3477431812127974e-08,0.8431080693727343,NIRSpec_G395H
3.630863972628251,2.403868443489414e-08,0.8632634517415299,NIRSpec_G395H
3.631537361957693,2.355783003431408e-08,0.8459952842278664,NIRSpec_G395H
3.6322107508109505,2.3458985789937252e-08,0.8424456464006955,NIRSpec_G395H
3.6328841391880418,2.4216410727082856e-08,0.8696458564390742,NIRSpec_G395H
3.633557527088986,2.3604783206666307e-08,0.8476814396306206,NIRSpec_G395H
3.6342309145138003,2.3436824839827635e-08,0.8416498150673581,NIRSpec_G395H
3.634904301462505,2.33650774482867e-08,0.8390732638820041,NIRSpec_G395H
3.6355776615372974,2.358742264238251e-08,0.8470579970005382,NIRSpec_G395H
3.636251047584738,2.351893634605224e-08,0.8445985563964907,NIRSpec_G395H
3.6369243990960602,2.3245890298762434e-08,0.8347930833097178,NIRSpec_G395H
3.637597750131082,2.3363908042075657e-08,0.8390312688366859,NIRSpec_G395H
3.6382711006898205,2.3301103130492626e-08,0.8367758548639982,NIRSpec_G395H
3.638944374738847,2.3137768238973287e-08,0.8309102658953216,NIRSpec_G395H
3.6396177322589245,2.2759366072593324e-08,0.8173213042705555,NIRSpec_G395H
3.6402910813889213,2.2926457892509878e-08,0.8233218098976253,NIRSpec_G395H
3.6409643959829094,2.3229480518694138e-08,0.8342037846972067,NIRSpec_G395H
3.6416376419811094,2.3370357214390893e-08,0.8392628678149413,NIRSpec_G395H
3.6423109896825245,2.3439226491256135e-08,0.8417360617963612,NIRSpec_G395H
3.6429843028479847,2.3240227949629738e-08,0.8345897402744326,NIRSpec_G395H
3.64365754741771,2.313916377388206e-08,0.8309603815447714,NIRSpec_G395H
3.6443308596309074,2.3206245003488497e-08,0.8333693641982921,NIRSpec_G395H
3.645004145658825,2.3455834565025525e-08,0.8423324814185652,NIRSpec_G395H
3.645677414509408,2.3725980074692676e-08,0.8520337920613897,NIRSpec_G395H
3.6463506996793305,2.3552227446588732e-08,0.8457940873099749,NIRSpec_G395H
3.6470239334238315,2.3399369822901066e-08,0.8403047519760463,NIRSpec_G395H
3.647697217734773,2.3502784363389207e-08,0.8440185156565774,NIRSpec_G395H
3.6483704504341117,2.3395155407944175e-08,0.8401534063226429,NIRSpec_G395H
3.649043733885088,2.3443513272919645e-08,0.841890006241438,NIRSpec_G395H
3.6497169314805915,2.354174649408846e-08,0.8454177013535209,NIRSpec_G395H
3.6503901800108207,2.355988241780824e-08,0.8460689882470802,NIRSpec_G395H
3.651063385329461,2.2836287787913967e-08,0.8200836728045501,NIRSpec_G395H
3.6517365901719048,2.3155933699979373e-08,0.8315626135149703,NIRSpec_G395H
3.6524098285979667,2.3372520519664493e-08,0.8393405551934964,NIRSpec_G395H
3.65308303248807,2.2362858562640686e-08,0.8030821539289382,NIRSpec_G395H
3.653756201842231,2.3165578176239626e-08,0.8319089604163249,NIRSpec_G395H
3.6544294388398577,2.3304606182395273e-08,0.8369016544552903,NIRSpec_G395H
3.655102607241779,2.3370457596038795e-08,0.8392664726631223,NIRSpec_G395H
3.655775809227402,2.333111457804577e-08,0.8378536087600841,NIRSpec_G395H
3.6564489857945643,2.3193181903999426e-08,0.832900249659769,NIRSpec_G395H
3.657122211770431,2.2950144408669892e-08,0.8241724264842112,NIRSpec_G395H
3.657795378268073,2.2867474005869096e-08,0.8212036143817035,NIRSpec_G395H
3.6584685442896867,2.3096455042028825e-08,0.8294266500554721,NIRSpec_G395H
3.6591417191220637,2.3053924776064032e-08,0.8278993275308268,NIRSpec_G395H
3.6598149182931485,2.3128819290801217e-08,0.8305888963998569,NIRSpec_G395H
3.660488048868397,2.3256252040058995e-08,0.8351651882217794,NIRSpec_G395H
3.6611612130272166,2.3353962999928935e-08,0.8386741281855598,NIRSpec_G395H
3.6618343426500286,2.3376617366959586e-08,0.8394876788244421,NIRSpec_G395H
3.6625074717966477,2.327093494220733e-08,0.8356924721846137,NIRSpec_G395H
3.6631806004670886,2.311953457901551e-08,0.8302554691540248,NIRSpec_G395H
3.6638537286613686,2.313181635660313e-08,0.8306965253084299,NIRSpec_G395H
3.664526856379503,2.3191253757666826e-08,0.832831007174264,NIRSpec_G395H
3.665199983621508,2.3232600539123443e-08,0.8343158290818569,NIRSpec_G395H
3.6658731103873996,2.3205110951678104e-08,0.833328638779938,NIRSpec_G395H
3.666546202617396,2.3020629694740892e-08,0.8267036536616151,NIRSpec_G395H
3.6672192603115144,2.291330984583337e-08,0.8228496447844154,NIRSpec_G395H
3.66789238564916,2.297155587938082e-08,0.8249413429431314,NIRSpec_G395H
3.66856545223753,2.298416326818554e-08,0.8253940922608607,NIRSpec_G395H
3.6692385085414947,2.3247759298160557e-08,0.8348602017444265,NIRSpec_G395H
3.66991162256667,2.2972907737864198e-08,0.8249898901098363,NIRSpec_G395H
3.670584643820818,2.2941658029221755e-08,0.8238676684915254,NIRSpec_G395H
3.671257742715349,2.3100019012655567e-08,0.8295546373250533,NIRSpec_G395H
3.6719307630544806,2.3064902571748484e-08,0.8282935558348232,NIRSpec_G395H
3.6726038409665813,2.2322530532651805e-08,0.8016339168399067,NIRSpec_G395H
3.6732768704236918,2.3165939799703824e-08,0.8319219468308178,NIRSpec_G395H
3.673949889334208,2.332879431060027e-08,0.8377702846460132,NIRSpec_G395H
3.6746229077685504,2.3106849482988743e-08,0.8297999292590942,NIRSpec_G395H
3.675295959786529,2.3093994828935082e-08,0.8293383002935258,NIRSpec_G395H
3.675968977268568,2.26821210561064e-08,0.814547325530457,NIRSpec_G395H
3.6766419602146807,2.2755636133855073e-08,0.8171873568493192,NIRSpec_G395H
3.6773149767444764,2.2644439448711666e-08,0.8131941252521785,NIRSpec_G395H
3.6779879587383753,2.219695875724011e-08,0.7971244552436698,NIRSpec_G395H
3.67866095064489,2.2743855009816075e-08,0.8167642798780795,NIRSpec_G395H
3.6793339553577336,1.1468013381774359e-08,0.4118327208538101,NIRSpec_G395H
3.680006912320166,2.276714185963391e-08,0.8176005438761521,NIRSpec_G395H
3.6806798819532793,2.3043754622460616e-08,0.8275341028061459,NIRSpec_G395H
3.681352827507109,2.2283628488753002e-08,0.8002368889456875,NIRSpec_G395H
3.6820257831412517,2.228930765518425e-08,0.8004408359141554,NIRSpec_G395H
3.6826987512465483,2.296053259265569e-08,0.8245454809909666,NIRSpec_G395H
3.68337169537239,2.300134518712718e-08,0.8260111194818501,NIRSpec_G395H
3.6840446496760078,2.30654409142253e-08,0.8283128884811674,NIRSpec_G395H
3.68471755882208,2.3154113147863603e-08,0.831497234891286,NIRSpec_G395H
3.685390467491952,2.306654029986306e-08,0.8283523689878072,NIRSpec_G395H
3.6860633989966387,2.3070965107459653e-08,0.8285112701410493,NIRSpec_G395H
3.6867363515227427,2.3080286626787408e-08,0.8288460191982262,NIRSpec_G395H
3.6874092587640974,2.31317425413155e-08,0.8306938744961458,NIRSpec_G395H
3.6880821314695105,2.3082602745657875e-08,0.8289291943310492,NIRSpec_G395H
3.6887550718183872,2.328550022743393e-08,0.8362155323559958,NIRSpec_G395H
3.6894279435715545,2.3163884479510726e-08,0.8318481373505555,NIRSpec_G395H
3.6901008148486194,2.313890154877339e-08,0.8309509646670277,NIRSpec_G395H
3.6907736856495963,2.2981652254611604e-08,0.8253039181811986,NIRSpec_G395H
3.6914465559744984,2.3131389488575353e-08,0.8306811958685807,NIRSpec_G395H
3.6921194258233414,2.294339823651914e-08,0.8239301618181613,NIRSpec_G395H
3.6927922951961376,2.2885697737171143e-08,0.8218580545708088,NIRSpec_G395H
3.693465130033103,2.301741696372192e-08,0.8265882799074288,NIRSpec_G395H
3.69413796439405,2.3010555708011508e-08,0.8263418824265727,NIRSpec_G395H
3.6948107412927427,2.2864371373695297e-08,0.8210921944341147,NIRSpec_G395H
3.6954836087892295,2.2754319473692004e-08,0.8171400737045107,NIRSpec_G395H
3.6961564417496784,2.2502201835435058e-08,0.8080861696426609,NIRSpec_G395H
3.696829308293696,2.2115893026973258e-08,0.7942132692210884,NIRSpec_G395H
3.6975020949991726,2.1710494518101264e-08,0.7796548304243419,NIRSpec_G395H
3.698174869654115,2.2316189534712074e-08,0.8014062025577976,NIRSpec_G395H
3.698847700709732,2.2889773602611445e-08,0.8220044247134162,NIRSpec_G395H
3.6995204972293765,2.2827328152072492e-08,0.81976191949963,NIRSpec_G395H
3.7001932251532663,2.2962598248580615e-08,0.8246196616421037,NIRSpec_G395H
3.7008660547803984,2.316973606441671e-08,0.8320582761124241,NIRSpec_G395H
3.7015388498715978,2.2994294412606615e-08,0.8257579161101531,NIRSpec_G395H
3.702211576367081,2.279348783444018e-08,0.8185466654167195,NIRSpec_G395H
3.7028843705060486,2.2854955101351384e-08,0.8207540426609526,NIRSpec_G395H
3.703557073463006,2.287355142211065e-08,0.8214218630690043,NIRSpec_G395H
3.7042298892361134,2.284425179318162e-08,0.8203696715951937,NIRSpec_G395H
3.7049025572295053,2.2824277486324154e-08,0.819652365740515,NIRSpec_G395H
3.7055753720020967,2.2529785925250072e-08,0.8090767536594922,NIRSpec_G395H
3.7062480390907204,2.2794852539984542e-08,0.8185956739397121,NIRSpec_G395H
3.7069208303965735,2.2909405047507494e-08,0.822709417905932,NIRSpec_G395H
3.7075935190467533,2.2893405875145255e-08,0.82213486480192,NIRSpec_G395H
3.708266139101067,2.257081534358642e-08,0.8105501786046846,NIRSpec_G395H
3.7089389854369847,2.2819712655236504e-08,0.8194884361439511,NIRSpec_G395H
3.709611616199514,2.2866025394952024e-08,0.8211515926970773,NIRSpec_G395H
3.710284234825091,2.2717561984876546e-08,0.8158200598427653,NIRSpec_G395H
3.710957057333229,2.288788522658698e-08,0.8219366104364128,NIRSpec_G395H
3.7116297090661736,2.2775049671278795e-08,0.817884524673636,NIRSpec_G395H
3.712302326263124,2.268083923145339e-08,0.8145012933785111,NIRSpec_G395H
3.71297494298389,2.2567518044845116e-08,0.8104317679029447,NIRSpec_G395H
3.7136476614078746,2.22837556773416e-08,0.8002414564693517,NIRSpec_G395H
3.7143203571270473,2.2025521604023437e-08,0.7909679024987227,NIRSpec_G395H
3.714993006499251,2.2502594597815366e-08,0.8081002743000542,NIRSpec_G395H
3.715665621335257,2.262527788629544e-08,0.8125060062098494,NIRSpec_G395H
3.7163382578639497,2.245526489801862e-08,0.8064005972596118,NIRSpec_G395H
3.717010871727859,1.4076404888847721e-08,0.5055037810146927,NIRSpec_G395H
3.7176834851156673,2.264392634643041e-08,0.8131756990172648,NIRSpec_G395H
3.7183560980273853,,,NIRSpec_G395H
3.719028688369712,,,NIRSpec_G395H
3.71970130034757,,,NIRSpec_G395H
3.720373911849109,,,NIRSpec_G395H
3.7210464888145465,,,NIRSpec_G395H
0.5516548222352591,,,NIRSpec_PRISM
0.5550244736065434,,,NIRSpec_PRISM
0.5584625154078573,,,NIRSpec_PRISM
0.5619635159598617,,,NIRSpec_PRISM
0.5655218280919974,,,NIRSpec_PRISM
0.5691506510293989,,,NIRSpec_PRISM
0.5728511526717331,,,NIRSpec_PRISM
0.5766182452342593,,,NIRSpec_PRISM
0.580454890251118,,,NIRSpec_PRISM
0.5843687013564559,,,NIRSpec_PRISM
0.5883607214078364,,,NIRSpec_PRISM
0.5924321539905966,,,NIRSpec_PRISM
0.5965819067879256,,,NIRSpec_PRISM
0.600815156050352,1.1067083727590388e-09,0.0437935815335643,NIRSpec_PRISM
0.6051355025840648,6.712215060985983e-08,2.6560921086309466,NIRSpec_PRISM
0.6095454461649067,6.807790799723111e-08,2.6939124053779593,NIRSpec_PRISM
0.6140474237742765,6.74921515781141e-08,2.6707334251417683,NIRSpec_PRISM
0.6186439247592185,6.979496131603427e-08,2.761857960291418,NIRSpec_PRISM
0.6233383620263991,7.171414025519485e-08,2.837801832605401,NIRSpec_PRISM
0.628133206910752,7.292507350592486e-08,2.885719699093879,NIRSpec_PRISM
0.6330319360842843,7.261317956208953e-08,2.8733777369334903,NIRSpec_PRISM
0.6380380352575485,7.176113346005496e-08,2.8396614017558846,NIRSpec_PRISM
0.6431549860257989,7.320840523922136e-08,2.8969314253883436,NIRSpec_PRISM
0.6483861872008586,7.413020115402192e-08,2.9334078319519667,NIRSpec_PRISM
0.6537358816105426,7.410427831921587e-08,2.93238203888163,NIRSpec_PRISM
0.659207410038762,7.51011971155042e-08,2.9718311346526813,NIRSpec_PRISM
0.6648052848157876,7.576815752656471e-08,2.9982234398528496,NIRSpec_PRISM
0.6705333424125248,7.561319661927177e-08,2.992091478357763,NIRSpec_PRISM
0.6763955613345789,7.529494627681596e-08,2.97949798700676,NIRSpec_PRISM
0.6823969673683423,7.544528654272988e-08,2.985447104999484,NIRSpec_PRISM
0.6885437329822093,7.80357539510483e-08,3.0879545481964774,NIRSpec_PRISM
0.6948381735825244,7.967700050357494e-08,3.152900351882383,NIRSpec_PRISM
0.7012855001325817,7.713661228317151e-08,3.0523745933396973,NIRSpec_PRISM
0.707892304539859,7.863418460289994e-08,3.1116350607769627,NIRSpec_PRISM
0.7146643912922799,7.940071748833301e-08,3.141967550566195,NIRSpec_PRISM
0.7216037177661482,7.722434258474249e-08,3.0558461710465092,NIRSpec_PRISM
0.7287211317994794,8.009478668058696e-08,3.1694325779474655,NIRSpec_PRISM
0.7360179774971379,8.041342276437345e-08,3.1820413334772093,NIRSpec_PRISM
0.7435034015867598,8.203925876724895e-08,3.2463773259615047,NIRSpec_PRISM
0.7511811661366496,8.209133975145608e-08,3.2484382237412306,NIRSpec_PRISM
0.7590605896573542,8.284345716886672e-08,3.2782002787260254,NIRSpec_PRISM
0.7671440714689126,8.233897738162924e-08,3.258237497890328,NIRSpec_PRISM
0.7754430591995847,8.116508892469698e-08,3.2117855317578132,NIRSpec_PRISM
0.7839613866956812,8.25759200947677e-08,3.2676135632405376,NIRSpec_PRISM
0.7927055446837674,8.334868775723138e-08,3.298192769529757,NIRSpec_PRISM
0.8016843891831413,8.159974476726144e-08,3.2289853077321578,NIRSpec_PRISM
0.8109041280807938,8.600838933780086e-08,3.4034398796905294,NIRSpec_PRISM
0.8203730618633395,8.335106396446888e-08,3.2982867984789888,NIRSpec_PRISM
0.8300969594173603,8.38385463295844e-08,3.3175769739473813,NIRSpec_PRISM
0.840084846259274,8.37015439883582e-08,3.3121556512679287,NIRSpec_PRISM
0.8503438581945206,8.414250531378838e-08,3.3296049416444276,NIRSpec_PRISM
0.8608801989755045,8.477664978706888e-08,3.3546986866437845,NIRSpec_PRISM
0.8717004427365835,8.64106596977259e-08,3.419358129013966,NIRSpec_PRISM
0.8828114272927978,8.704692341509015e-08,3.4445357346679053,NIRSpec_PRISM
0.8942192840593423,8.843828114183309e-08,3.499593182093342,NIRSpec_PRISM
0.9059309233317563,8.836063642549825e-08,3.496520701303319,NIRSpec_PRISM
0.9179507140987266,8.613404537787532e-08,3.40841221763577,NIRSpec_PRISM
0.9302857180116666,8.971166021519413e-08,3.5499820936124142,NIRSpec_PRISM
0.9429387512878268,9.009052706950619e-08,3.56497424229682,NIRSpec_PRISM
0.9559157137414079,9.015756476917266e-08,3.5676269925952995,NIRSpec_PRISM
0.9692185610061664,9.023813962494302e-08,3.5708154219978323,NIRSpec_PRISM
0.9828512808290659,9.005088207179102e-08,3.5634054492140415,NIRSpec_PRISM
0.9968150446227083,9.124581502806261e-08,3.6106901676960774,NIRSpec_PRISM
1.011110129509813,9.042807352641623e-08,3.5783313006203263,NIRSpec_PRISM
1.0257371005088178,9.20057091596737e-08,3.6407599552107626,NIRSpec_PRISM
1.040694657132113,9.086584544734752e-08,3.59565438300075,NIRSpec_PRISM
1.0559805005732366,9.17938667402843e-08,3.6323771341405027,NIRSpec_PRISM
1.0715902422493118,8.845755125133806e-08,3.500355720023423,NIRSpec_PRISM
1.0875175376654325,8.732328138589586e-08,3.4554715020523683,NIRSpec_PRISM
1.103758516479545,8.886113892817949e-08,3.5163260969237387,NIRSpec_PRISM
1.120306552942465,8.95051999315849e-08,3.5418122491563335,NIRSpec_PRISM
1.1371530682435804,8.950114431797129e-08,3.541651764380192,NIRSpec_PRISM
1.1542891383043563,9.046232931178331e-08,3.5796868370619,NIRSpec_PRISM
1.1717040078405099,8.860606842376193e-08,3.506232696343268,NIRSpec_PRISM
1.1893865807041657,8.725735967501753e-08,3.452862912570945,NIRSpec_PRISM
1.2073242673392168,8.856298039134699e-08,3.504527658858117,NIRSpec_PRISM
1.2255038889452725,9.081729111444263e-08,3.5937330384178257,NIRSpec_PRISM
1.2439111047248779,9.027616771855588e-08,3.5723202325325616,NIRSpec_PRISM
1.262532237134909,8.945709581659018e-08,3.539908720156305,NIRSpec_PRISM
1.2813514362584297,8.917174896469368e-08,3.5286172535590823,NIRSpec_PRISM
1.3003548868960397,8.987939317172537e-08,3.5566194581508284,NIRSpec_PRISM
1.319528358321088,9.004369845027382e-08,3.5631211859678573,NIRSpec_PRISM
1.3388549602827866,8.838217819632195e-08,3.4973731311937635,NIRSpec_PRISM
1.3583184882615957,8.89792336682584e-08,3.5209992264993626,NIRSpec_PRISM
1.3779030981769995,8.579472448432885e-08,3.394984943040817,NIRSpec_PRISM
1.3975936332037902,8.851706684588637e-08,3.5027108129336466,NIRSpec_PRISM
1.4173752693062407,8.806690543484537e-08,3.4848974657656475,NIRSpec_PRISM
1.4372335943532173,8.78797178117441e-08,3.477490260185443,NIRSpec_PRISM
1.4571546468997822,8.757328961121096e-08,3.4653645830743387,NIRSpec_PRISM
1.477125041850259,8.638090153049142e-08,3.418180567919146,NIRSpec_PRISM
1.4971319439640427,8.232588771981112e-08,3.257719526592569,NIRSpec_PRISM
1.5171632024755042,8.116081539630051e-08,3.2116164238709723,NIRSpec_PRISM
1.537206517009415,8.30809374959144e-08,3.2875976180081454,NIRSpec_PRISM
1.5572472029074826,8.744421180395364e-08,3.460256842304108,NIRSpec_PRISM
1.5772786200624895,8.435324568543521e-08,3.337944153559054,NIRSpec_PRISM
1.5972922451701543,8.249879994810721e-08,3.2645618402087178,NIRSpec_PRISM
1.6172792677132861,8.27886517976097e-08,3.2760315741659993,NIRSpec_PRISM
1.6372315891359495,8.223830825562033e-08,3.2542539176750696,NIRSpec_PRISM
1.657141527154737,8.171794026945924e-08,3.2336624245678207,NIRSpec_PRISM
1.6770022219015988,8.320532225460287e-08,3.292519650049501,NIRSpec_PRISM
1.6968072845795488,8.087091435171549e-08,3.2001447432139907,NIRSpec_PRISM
1.7165509371833851,7.962622900974599e-08,3.1508912719754187,NIRSpec_PRISM
1.7362279060803179,7.699546531630055e-08,3.0467892635870464,NIRSpec_PRISM
1.7558334935508544,7.607795561936444e-08,3.010482467045483,NIRSpec_PRISM
1.7753659716630645,7.540299006010707e-08,2.9837733899486913,NIRSpec_PRISM
1.794830213367232,7.278288690148439e-08,2.880093229819936,NIRSpec_PRISM
1.8142128608631771,7.021193149377972e-08,2.7783578964314475,NIRSpec_PRISM
1.833509237398554,7.122440032255712e-08,2.8184223228825784,NIRSpec_PRISM
1.8527164869375359,7.047784441918437e-08,2.788880342692973,NIRSpec_PRISM
1.8718325398383477,6.918568595212919e-08,2.7377483113700403,NIRSpec_PRISM
1.890855329016063,6.889942633927468e-08,2.7264207258887296,NIRSpec_PRISM
1.9097827241161978,6.844554619932331e-08,2.708460224816643,NIRSpec_PRISM
1.9286138238535917,6.641981636530183e-08,2.62830002468187,NIRSpec_PRISM
1.9473468803996266,6.362569554780524e-08,2.517733807919084,NIRSpec_PRISM
1.965981354358584,6.291639375683704e-08,2.4896660110366686,NIRSpec_PRISM
1.984515827988275,6.181090280021324e-08,2.4459206039039594,NIRSpec_PRISM
2.0029506387181932,6.069381043688342e-08,2.401716117249499,NIRSpec_PRISM
2.021287838412802,6.31047808545552e-08,2.497120681053508,NIRSpec_PRISM
2.039525140774209,6.209477746890304e-08,2.4571538147068988,NIRSpec_PRISM
2.05766158099562,5.78643335700625e-08,2.2897508254757146,NIRSpec_PRISM
2.075696874084541,5.809991960543188e-08,2.2990732056998717,NIRSpec_PRISM
2.0936308067510288,5.7313254354015144e-08,2.26794405761034,NIRSpec_PRISM
2.111463843744061,5.7553662629043677e-08,2.277457258786869,NIRSpec_PRISM
2.129195899652506,5.622896622243252e-08,2.225037667937007,NIRSpec_PRISM
2.1468278155339378,5.568295232447554e-08,2.2034313398859906,NIRSpec_PRISM
2.1643597327818105,5.449865993942059e-08,2.156567679683272,NIRSpec_PRISM
2.1817923310046483,5.359484617530003e-08,2.1208028452025363,NIRSpec_PRISM
2.199126048074729,5.4219118952417175e-08,2.1455059570943416,NIRSpec_PRISM
2.2163616095290104,5.380302050594584e-08,2.12904051625187,NIRSpec_PRISM
2.2334989438111905,5.362142224202378e-08,2.121854487327558,NIRSpec_PRISM
2.250534584068306,5.242956113907546e-08,2.0746913252214236,NIRSpec_PRISM
2.267467142717352,5.146640655372562e-08,2.036578313789343,NIRSpec_PRISM
2.284303864065818,5.0206218945242615e-08,1.986711402019169,NIRSpec_PRISM
2.301046312495508,4.9334702685090626e-08,1.9522246127834078,NIRSpec_PRISM
2.317695385202974,4.981928048166292e-08,1.9713998515056363,NIRSpec_PRISM
2.3342519595533457,4.858245031452111e-08,1.9224572175641743,NIRSpec_PRISM
2.350716819659633,4.8294012121784597e-08,1.9110434234500941,NIRSpec_PRISM
2.3670910199469954,4.7887900526469854e-08,1.8949731725159626,NIRSpec_PRISM
2.3833752413361973,4.642756771017966e-08,1.8371863102941581,NIRSpec_PRISM
2.3995706066822886,4.585495768749998e-08,1.814527546402599,NIRSpec_PRISM
2.415677863586971,4.5958113404410415e-08,1.818609523561503,NIRSpec_PRISM
2.43169806646331,4.568055805669198e-08,1.8076263747487034,NIRSpec_PRISM
2.4476320672853555,4.5211905586570734e-08,1.7890813174722369,NIRSpec_PRISM
2.463480714566696,4.358382335371394e-08,1.7246564393715944,NIRSpec_PRISM
2.4792463466632646,4.355898866745657e-08,1.7236737054515816,NIRSpec_PRISM
2.4949364255717854,4.287541013988803e-08,1.69662380439496,NIRSpec_PRISM
2.5105449149843078,4.2526156753790796e-08,1.6828034909172622,NIRSpec_PRISM
2.5260716560034933,4.233065775381415e-08,1.675067395658614,NIRSpec_PRISM
2.5415175335362576,4.182314315132825e-08,1.6549845240814964,NIRSpec_PRISM
2.556883604630751,4.1586016633519795e-08,1.6456011853926187,NIRSpec_PRISM
2.572170481221087,4.2223511906092506e-08,1.6708275249449926,NIRSpec_PRISM
2.5873790471078686,4.102237107843989e-08,1.6232971546470254,NIRSpec_PRISM
2.6025109373550364,4.034915699812238e-08,1.5966573853621613,NIRSpec_PRISM
2.617566081559396,3.931024718936576e-08,1.5555466623065681,NIRSpec_PRISM
2.632545772291288,3.915992046849662e-08,1.5495980803051115,NIRSpec_PRISM
2.647450863333461,3.969615227522559e-08,1.5708173210074574,NIRSpec_PRISM
2.6622821001483294,3.950803259860165e-08,1.5633732331166612,NIRSpec_PRISM
2.6770404011620568,3.9268542911650906e-08,1.5538963814093065,NIRSpec_PRISM
2.6917266195697267,3.8987161030804476e-08,1.5427618127693359,NIRSpec_PRISM
2.706340649834527,3.8660158800501266e-08,1.5298220002704572,NIRSpec_PRISM
2.7208784410732676,3.7823716633054826e-08,1.496723128734087,NIRSpec_PRISM
2.7353396520596567,3.712951251939002e-08,1.4692527623746787,NIRSpec_PRISM
2.749731429835793,3.703411965033838e-08,1.4654779690403525,NIRSpec_PRISM
2.7640552736619357,3.680976829733165e-08,1.4566001566808313,NIRSpec_PRISM
2.7783121015442647,3.704946984788547e-08,1.4660853920475165,NIRSpec_PRISM
2.792502429529427,3.658002162664111e-08,1.4475088460857306,NIRSpec_PRISM
2.806627171797755,3.557270535658173e-08,1.4076483116497667,NIRSpec_PRISM
2.820687176758885,3.612216082332314e-08,1.4293908260953871,NIRSpec_PRISM
2.834683091779721,3.5832908229892595e-08,1.4179448053134032,NIRSpec_PRISM
2.848615598985661,3.511624834726844e-08,1.3895858412230784,NIRSpec_PRISM
2.8624852458963437,3.48323197485847e-08,1.378350496355154,NIRSpec_PRISM
2.8762928819015694,3.425443621201582e-08,1.3554830541286698,NIRSpec_PRISM
2.8900394864556027,3.461736966058387e-08,1.3698447016614324,NIRSpec_PRISM
2.9037253361665694,3.4428112538196216e-08,1.3623556038791242,NIRSpec_PRISM
2.917351117132866,3.428370399179267e-08,1.3566412100905412,NIRSpec_PRISM
2.9309175768826563,3.382646954389933e-08,1.3385479756245804,NIRSpec_PRISM
2.9444261217326035,3.240689762086302e-08,1.282374063612635,NIRSpec_PRISM
2.957880273558199,3.269010181489684e-08,1.2935807430481108,NIRSpec_PRISM
2.971279340828386,3.3198889233642484e-08,1.3137139812656375,NIRSpec_PRISM
2.9846219392613405,3.3117021438251076e-08,1.3104743889207195,NIRSpec_PRISM
2.997908205595387,3.232420126361843e-08,1.2791016842282712,NIRSpec_PRISM
3.0111389001335,3.1684276530450826e-08,1.2537792084368808,NIRSpec_PRISM
3.0243145813207106,3.182023205209824e-08,1.2591591073955928,NIRSpec_PRISM
3.0374357726394754,3.1662625432025753e-08,1.2529224523415006,NIRSpec_PRISM
3.0505030916835874,3.1416124710131043e-08,1.243168166815074,NIRSpec_PRISM
3.063517191019391,3.136939692887184e-08,1.2413191007477815,NIRSpec_PRISM
3.076478314687168,3.134262413480719e-08,1.2402596739207947,NIRSpec_PRISM
3.0893875195742324,3.1142617437605434e-08,1.2323452044754,NIRSpec_PRISM
3.1022448908792133,3.1147996453022966e-08,1.2325580576136397,NIRSpec_PRISM
3.1150512111244777,3.055615906211819e-08,1.2091384471081326,NIRSpec_PRISM
3.127806936303602,3.0069882278886795e-08,1.1898959777471818,NIRSpec_PRISM
3.1405126120638767,2.985230356346841e-08,1.1812861655796925,NIRSpec_PRISM
3.153168774179967,2.980060875950057e-08,1.17924054934677,NIRSpec_PRISM
3.1657757384295127,2.9604293371778016e-08,1.1714721487905442,NIRSpec_PRISM
3.1783343491534173,2.955428810749424e-08,1.1694933893698853,NIRSpec_PRISM
3.190844983869248,2.9059187336078575e-08,1.1499017457770313,NIRSpec_PRISM
3.2033083892526824,2.843693214986561e-08,1.1252784720195876,NIRSpec_PRISM
3.2157245420656357,2.8404535622201534e-08,1.1239965083057648,NIRSpec_PRISM
3.2280941744474396,2.8423718912928682e-08,1.1247556107280652,NIRSpec_PRISM
3.2404176044174258,2.8351285004059923e-08,1.1218893269157086,NIRSpec_PRISM
3.2526952660740913,2.8372793130166894e-08,1.1227404254503222,NIRSpec_PRISM
3.2649275743544637,2.7950862330420683e-08,1.1060441924272157,NIRSpec_PRISM
3.2771151369597935,2.7844447156332392e-08,1.1018332352161253,NIRSpec_PRISM
3.28925828895546,2.7267941248731355e-08,1.0790203071760438,NIRSpec_PRISM
3.3013572974218994,2.7426660210251424e-08,1.0853009787181984,NIRSpec_PRISM
3.3134129966085006,2.7152033437321183e-08,1.074433716603214,NIRSpec_PRISM
3.3254253463387893,2.6924983193752565e-08,1.0654491063854845,NIRSpec_PRISM
3.337394992804728,2.6978426989691866e-08,1.0675639320184522,NIRSpec_PRISM
3.349322305629797,2.681867995159506e-08,1.0612425784353063,NIRSpec_PRISM
3.3612075854667043,2.660969886757109e-08,1.0529729833301746,NIRSpec_PRISM
3.373051460183887,2.564104168382531e-08,1.0146422284550782,NIRSpec_PRISM
3.384854062613169,2.562599931636401e-08,1.014046986599058,NIRSpec_PRISM
3.396615974068752,2.5935920328783974e-08,1.026310877846706,NIRSpec_PRISM
3.4083373834484543,2.5706928889109517e-08,1.017249452514872,NIRSpec_PRISM
3.420017754917567,2.572362660016458e-08,1.0179101980089091,NIRSpec_PRISM
3.4316537222893886,2.569778789891878e-08,1.0168877341895488,NIRSpec_PRISM
3.443249861957269,2.5748412639153015e-08,1.0188910069067656,NIRSpec_PRISM
3.4548070687559003,2.527101766981161e-08,1.0,NIRSpec_PRISM
3.466325733743601,2.5278915967341292e-08,1.0003125437065052,NIRSpec_PRISM
3.477806173487866,2.4861389575114018e-08,0.9837905975908945,NIRSpec_PRISM
3.4892488341304277,2.476740967077997e-08,0.9800717167147075,NIRSpec_PRISM
3.5006538140388854,2.4646130602416982e-08,0.9752725800140171,NIRSpec_PRISM
3.5120217147986983,2.4288218075296434e-08,0.9611096154750739,NIRSpec_PRISM
3.523352656815272,2.4467566683478202e-08,0.9682066232222536,NIRSpec_PRISM
3.5346470373195076,2.4563213303643423e-08,0.971991457747516,NIRSpec_PRISM
3.545905200381303,2.4408879134332065e-08,0.9658842969149817,NIRSpec_PRISM
3.557127452272735,2.4103194671869138e-08,0.9537880502795288,NIRSpec_PRISM
3.5683141253563995,2.3612136658716457e-08,0.9343563827634521,NIRSpec_PRISM
3.5794653414262885,2.3481365769306386e-08,0.9291816450018506,NIRSpec_PRISM
3.5905816551807637,2.340492923339685e-08,0.9261569731461997,NIRSpec_PRISM
3.6016631846254503,2.340566604226962e-08,0.9261861294264255,NIRSpec_PRISM
3.612710266065957,2.3339873514212836e-08,0.9235826518412953,NIRSpec_PRISM
3.623723239842877,2.341002784717476e-08,0.9263587305049468,NIRSpec_PRISM
3.6347023100589433,2.2983997440281213e-08,0.9095002718366013,NIRSpec_PRISM
3.6456479787202345,2.3241785462195924e-08,0.9197012073621484,NIRSpec_PRISM
3.656561777129212,2.274119590376808e-08,0.8998923668568513,NIRSpec_PRISM
3.667446242943947,2.2553259031505943e-08,0.8924555127215055,NIRSpec_PRISM
3.6782983124101167,2.3018015492081074e-08,0.9108464009179204,NIRSpec_PRISM
3.689117800891769,2.2572243732032746e-08,0.8932067567265889,NIRSpec_PRISM
3.699905053150403,2.2425551610372363e-08,0.887401999530933,NIRSpec_PRISM
3.7106602778916042,2.208454244481819e-08,0.8739079182869657,NIRSpec_PRISM
3.7213837087864867,2.1964610267617843e-08,0.8691620794463076,NIRSpec_PRISM
3.732075613387601,2.194341125857502e-08,0.8683232129898869,NIRSpec_PRISM
3.7427362732503835,2.1877895520874926e-08,0.8657306882820925,NIRSpec_PRISM
3.7533658537952506,2.1821653947729217e-08,0.8635051517453153,NIRSpec_PRISM
3.763964695380376,2.1974810950834068e-08,0.8695657309078161,NIRSpec_PRISM
3.7745330216141233,2.1989446478456932e-08,0.8701448736955776,NIRSpec_PRISM
3.7850711002083033,2.1704954887810682e-08,0.8588872506602339,NIRSpec_PRISM
3.795579018403975,2.1223267624210786e-08,0.8398263932822854,NIRSpec_PRISM
3.806057150407572,2.1570493668166187e-08,0.8535664827591801,NIRSpec_PRISM
3.8165056662852415,2.1390572781763148e-08,0.8464468293778298,NIRSpec_PRISM
3.826924707114923,2.085544362630345e-08,0.8252712217132854,NIRSpec_PRISM
3.8373147734648816,2.0577437467868426e-08,0.8142702338596334,NIRSpec_PRISM
3.8476757390488885,2.069639510668714e-08,0.8189775092204045,NIRSpec_PRISM
3.8580080413460225,2.0672374446748273e-08,0.8180269871538728,NIRSpec_PRISM
3.8683118451929626,2.0323057412935885e-08,0.8042041550710288,NIRSpec_PRISM
3.8785874044898776,2.0378356526926153e-08,0.8063923975356894,NIRSpec_PRISM
3.888835347285052,1.995448210293339e-08,0.7896192533144687,NIRSpec_PRISM
3.8990584346736408,2.022314595798161e-08,0.8002505566738567,NIRSpec_PRISM
3.909254422091142,1.9887064264965192e-08,0.7869514605548312,NIRSpec_PRISM
3.9194228515112357,2.0016082591915655e-08,0.7920568476285218,NIRSpec_PRISM
3.929564075931854,1.9775574602516592e-08,0.7825397006524278,NIRSpec_PRISM
3.9396782075995476,1.9640686408062916e-08,0.777202036921742,NIRSpec_PRISM
3.9497654111608784,1.9608442315642078e-08,0.7759261052263059,NIRSpec_PRISM
3.959825896351661,1.978519755544065e-08,0.7829204907357474,NIRSpec_PRISM
3.9698598277421775,2.0085453504113835e-08,0.7948019255317773,NIRSpec_PRISM
3.9798674435382884,1.940953117544738e-08,0.7680549880915054,NIRSpec_PRISM
3.9898489478874772,1.947022446452865e-08,0.7704566835781805,NIRSpec_PRISM
3.9998045789984418,1.9293838284728062e-08,0.7634769021500943,NIRSpec_PRISM
4.009734308383011,1.9230121232609782e-08,0.7609555532693013,NIRSpec_PRISM
4.019638307522322,1.9221909375850372e-08,0.7606306017035707,NIRSpec_PRISM
4.029517052168489,1.888114147357529e-08,0.7471460674941646,NIRSpec_PRISM
4.039370610092682,1.9369831510218263e-08,0.7664840317593218,NIRSpec_PRISM
4.049198889375394,1.9079664559827972e-08,0.7550018289378295,NIRSpec_PRISM
4.059002538335593,1.8987497528891167e-08,0.7513546853150024,NIRSpec_PRISM
4.068781396865033,1.9043587092077424e-08,0.7535742066623069,NIRSpec_PRISM
4.0785356810795355,1.8967355158114513e-08,0.7505576311148181,NIRSpec_PRISM
4.088265459004133,1.9661829827615712e-08,0.7780387036452215,NIRSpec_PRISM
4.097971116248533,1.9096196078474503e-08,0.7556559980283873,NIRSpec_PRISM
4.107652824409419,1.8569218346443463e-08,0.7348029505209037,NIRSpec_PRISM
4.117310434616924,1.8602052708000595e-08,0.7361022397694074,NIRSpec_PRISM
4.126943290397063,1.865889362422513e-08,0.7383514929244331,NIRSpec_PRISM
4.136550388484642,1.8489427055664452e-08,0.7316455275860003,NIRSpec_PRISM
4.146134044449322,1.8137319543285554e-08,0.7177122734139881,NIRSpec_PRISM
4.155694214896174,1.8109281412472925e-08,0.7166027759185183,NIRSpec_PRISM
4.165231433350302,1.7975389482390116e-08,0.7113045353873206,NIRSpec_PRISM
4.174745532780356,1.808194179470142e-08,0.7155209192980718,NIRSpec_PRISM
4.184237006537913,1.805170923026961e-08,0.7143245858212477,NIRSpec_PRISM
4.193705756505481,1.7717387302920667e-08,0.701095125428431,NIRSpec_PRISM
4.203152097522364,1.7660489351391937e-08,0.6988436153281196,NIRSpec_PRISM
4.212576029308453,1.8027453839575e-08,0.7133647752187809,NIRSpec_PRISM
4.221977756354099,1.7786961014531403e-08,0.7038482283117331,NIRSpec_PRISM
4.2313575104137895,1.7791580269490848e-08,0.7040310169520562,NIRSpec_PRISM
4.240715195303131,1.7749179967197756e-08,0.7023531936507911,NIRSpec_PRISM
4.250051151349248,1.7721107651134702e-08,0.7012423434100195,NIRSpec_PRISM
4.259365350056146,1.744838186181928e-08,0.6904503051597667,NIRSpec_PRISM
4.268658173698453,1.7488333314188397e-08,0.6920312249664448,NIRSpec_PRISM
4.277929595812156,1.766512840011972e-08,0.699027187228088,NIRSpec_PRISM
4.287179657912241,1.6993467056893147e-08,0.6724488613370444,NIRSpec_PRISM
4.296408726257829,1.6772099204035773e-08,0.6636891091280221,NIRSpec_PRISM
4.305616745886127,1.6601895567398137e-08,0.656953977252389,NIRSpec_PRISM
4.314803961836577,1.1196555310503265e-08,0.4430591382110625,NIRSpec_PRISM
4.323970346958835,1.6725139193876922e-08,0.6618308535257973,NIRSpec_PRISM
4.333116107001301,1.6704099594479907e-08,0.6609982950720018,NIRSpec_PRISM
4.342241622655053,1.6360221547206495e-08,0.6473906892459728,NIRSpec_PRISM
4.351346647638159,1.6133934910838367e-08,0.6384362957456886,NIRSpec_PRISM
4.360430624472211,1.612608717997856e-08,0.6381257530139971,NIRSpec_PRISM
4.369491317990288,1.583523875552339e-08,0.626616583567188,NIRSpec_PRISM
4.378531683959753,1.6194558299971297e-08,0.6408352252199594,NIRSpec_PRISM
4.387552486649475,1.6049800474882587e-08,0.6351070101167887,NIRSpec_PRISM
4.396553397121719,1.603905642217097e-08,0.6346818569689416,NIRSpec_PRISM
4.405534769919229,1.600930962321272e-08,0.6335047457284322,NIRSpec_PRISM
4.414496551072983,1.5754175822692608e-08,0.6234088404564854,NIRSpec_PRISM
4.423438945515282,1.4988695378396853e-08,0.5931179968388107,NIRSpec_PRISM
4.4323621166062654,1.56005956395634e-08,0.6173315156278666,NIRSpec_PRISM
4.441266212187668,1.565563163469249e-08,0.6195093462102431,NIRSpec_PRISM
4.4501511246522005,1.551803810973382e-08,0.6140646297862172,NIRSpec_PRISM
4.459017126540798,1.5364486474445915e-08,0.6079884346248591,NIRSpec_PRISM
4.467864326060926,1.543042135172188e-08,0.6105975451140948,NIRSpec_PRISM
4.4766927241669014,1.521356215858843e-08,0.6020162051788809,NIRSpec_PRISM
4.485502576397912,1.5269585033503876e-08,0.6042330876031439,NIRSpec_PRISM
4.494293872935246,1.5372615015203515e-08,0.6083100892912364,NIRSpec_PRISM
4.50306688644998,1.516556981135123e-08,0.600117098943261,NIRSpec_PRISM
4.511821598763873,1.5237791578096145e-08,0.6029749880749358,NIRSpec_PRISM
4.520558067627044,1.5309197438489632e-08,0.6058005909583046,NIRSpec_PRISM
4.529276374750142,1.4923070961979775e-08,0.5905211716030992,NIRSpec_PRISM
4.537976739426746,1.4914742505244703e-08,0.5901916060571489,NIRSpec_PRISM
4.5466594132464415,1.472208465184296e-08,0.5825679378725515,NIRSpec_PRISM
4.5553239962361625,1.4847287868237566e-08,0.5875223571219264,NIRSpec_PRISM
4.563970962333993,1.488567369854026e-08,0.5890413236631332,NIRSpec_PRISM
4.572600432770382,1.472651603870711e-08,0.5827432923803141,NIRSpec_PRISM
4.581212377280099,1.4465165181249411e-08,0.5724013718105736,NIRSpec_PRISM
4.5898069494781355,1.433017596028862e-08,0.5670597103577368,NIRSpec_PRISM
4.5983851845306,1.4644786157157013e-08,0.5795091574270657,NIRSpec_PRISM
4.606947694517231,1.4504126841598876e-08,0.5739431245353168,NIRSpec_PRISM
4.615492965482034,1.4384117672694359e-08,0.5691942390542276,NIRSpec_PRISM
4.624021128231065,1.4456519208694e-08,0.5720592418390632,NIRSpec_PRISM
4.632532629385788,1.4359160979216253e-08,0.5682066771837803,NIRSpec_PRISM
4.641027102480153,1.4232284322228756e-08,0.5631860381796352,NIRSpec_PRISM
4.649504670049658,1.4436312318143154e-08,0.5712596345254652,NIRSpec_PRISM
4.657965643339766,1.4175694838231133e-08,0.5609467344548301,NIRSpec_PRISM
4.666410150640928,1.4150454615350246e-08,0.5599479530361048,NIRSpec_PRISM
4.674837925906785,1.4403340798779094e-08,0.5699549178023454,NIRSpec_PRISM
4.683249340827568,1.4361713875814595e-08,0.5683076979116235,NIRSpec_PRISM
4.691644643975264,1.4189790756384457e-08,0.5615045243443193,NIRSpec_PRISM
4.700023459031231,1.4283656833761342e-08,0.5652189009714631,NIRSpec_PRISM
4.708386118142154,1.4196232512090575e-08,0.5617594312020598,NIRSpec_PRISM
4.716732800020419,1.4149676741337761e-08,0.5599171717663258,NIRSpec_PRISM
4.725063364112784,1.4185055977917868e-08,0.5613171643207361,NIRSpec_PRISM
4.7333780841219575,1.410911427636948e-08,0.5583120735665514,NIRSpec_PRISM
4.741677114601452,1.4130906537379646e-08,0.5591744156097134,NIRSpec_PRISM
4.749960130481335,1.383448939628457e-08,0.5474448863533917,NIRSpec_PRISM
4.75822741701016,1.382187157281042e-08,0.5469455861811939,NIRSpec_PRISM
4.766479513209714,1.3905233614824338e-08,0.5502443073923109,NIRSpec_PRISM
4.774715573913822,1.3754959092828592e-08,0.5442977909536293,NIRSpec_PRISM
4.782936468872202,1.3539504826335355e-08,0.5357720454016164,NIRSpec_PRISM
4.791142069228337,1.3542872357515567e-08,0.5359053020525439,NIRSpec_PRISM
4.799332316499894,1.3604096682610261e-08,0.5383280111770694,NIRSpec_PRISM
4.80750731382586,1.364446482910049e-08,0.5399254199960444,NIRSpec_PRISM
4.815667165370966,1.3571051542675933e-08,0.5370203812127327,NIRSpec_PRISM
4.823811939269133,1.3624628774179093e-08,0.5391404870273537,NIRSpec_PRISM
4.831941735550288,1.3615797218571936e-08,0.5387910133447918,NIRSpec_PRISM
4.840056642129385,1.3548574458768765e-08,0.5361309400275437,NIRSpec_PRISM
4.848156484327568,1.3390076216759621e-08,0.5298590025820453,NIRSpec_PRISM
4.856241796146401,1.3408593870714111e-08,0.53059176507687,NIRSpec_PRISM
4.864312129964048,1.3348410693007219e-08,0.5282102552186901,NIRSpec_PRISM
4.872368183061527,1.2830323180637376e-08,0.5077090027903504,NIRSpec_PRISM
4.88040948542371,1.2743249485070722e-08,0.5042634076542799,NIRSpec_PRISM
4.888436147861461,1.3267745148764922e-08,0.5250182371806252,NIRSpec_PRISM
4.89644878904088,1.3174007984565722e-08,0.5213089617796912,NIRSpec_PRISM
4.904446757866353,1.3112615436606183e-08,0.5188795959044548,NIRSpec_PRISM
4.912430601754918,1.3093469117101005e-08,0.518121956471198,NIRSpec_PRISM
4.920400255188406,1.3195504017223677e-08,0.522159581764166,NIRSpec_PRISM
4.928355692633278,1.30868347236508e-08,0.5178594267410189,NIRSpec_PRISM
4.936297212433759,1.323920777115631e-08,0.5238889839791325,NIRSpec_PRISM
4.944224503985168,1.3110379279504545e-08,0.5187911088822519,NIRSpec_PRISM
4.952137974853186,1.314885279928788e-08,0.5203135453858397,NIRSpec_PRISM
4.96003759392345,1.3108660351620445e-08,0.5187230891488736,NIRSpec_PRISM
4.967923324484292,1.3004494689892846e-08,0.5146011474412376,NIRSpec_PRISM
4.975795424794223,1.292377032050428e-08,0.5114068016320067,NIRSpec_PRISM
4.983653769686716,1.2945067100100972e-08,0.5122495369691803,NIRSpec_PRISM
4.9914986742771115,1.298503248305028e-08,0.5138310080231558,NIRSpec_PRISM
4.999329741481118,1.289139981208724e-08,0.5101258675263846,NIRSpec_PRISM
5.007147445557838,1.2689057962309569e-08,0.5021189937066813,NIRSpec_PRISM
5.014951810893409,1.2718401157641774e-08,0.5032801339391643,NIRSpec_PRISM
5.022742694973018,1.2679055469443849e-08,0.501723184839923,NIRSpec_PRISM
5.030520272049807,1.2487892268079199e-08,0.4941586615641939,NIRSpec_PRISM
5.038284553630761,1.2569780716717447e-08,0.4973990711792,NIRSpec_PRISM
5.046035871754215,1.2714293502635225e-08,0.5031175898319099,NIRSpec_PRISM
5.0537738265586665,1.2595684474388681e-08,0.4984241093478124,NIRSpec_PRISM
5.061498965786153,1.1713125578053973e-08,0.46350035171105525,NIRSpec_PRISM
5.069211173404424,1.2349704408048557e-08,0.4886904266938697,NIRSpec_PRISM
5.076910853632989,1.2298907563624994e-08,0.4866803436379648,NIRSpec_PRISM
5.084597513036042,1.22924735803543e-08,0.48642574434343855,NIRSpec_PRISM
5.092271461942184,1.2159993208506992e-08,0.48118336061444583,NIRSpec_PRISM
5.099932390271948,1.2259374366330769e-08,0.4851159746121202,NIRSpec_PRISM
5.107580892168046,1.2247705717977274e-08,0.4846542342696474,NIRSpec_PRISM
5.115216531775104,1.0827092019231395e-08,0.428439098128022,NIRSpec_PRISM
5.1228394551456615,1.2295006438874912e-08,0.486525972144064,NIRSpec_PRISM
5.130450108553978,1.2076927811235304e-08,0.4778963779389948,NIRSpec_PRISM
5.138048150944203,1.2083724107932821e-08,0.4781653143461596,NIRSpec_PRISM
5.145633753946369,1.2125806783174326e-08,0.4798305688203304,NIRSpec_PRISM
5.153206758977084,1.2123107576201455e-08,0.4797237584414158,NIRSpec_PRISM
5.160767785757941,1.2211491555562943e-08,0.4832212028465563,NIRSpec_PRISM
5.168316200420444,1.221300679591669e-08,0.48328116245615904,NIRSpec_PRISM
5.1758526503317,1.2249383776464719e-08,0.4847206367592254,NIRSpec_PRISM
5.183376692495705,1.215533364192948e-08,0.4809989768021913,NIRSpec_PRISM
5.190888772704689,1.2147743038751643e-08,0.48069860887569876,NIRSpec_PRISM
5.1983885786556865,1.2107924892481404e-08,0.4791229641276123,NIRSpec_PRISM
5.205876609932938,1.2098027525945416e-08,0.4787313152171764,NIRSpec_PRISM
5.213352454642363,1.2038842852304836e-08,0.47638931718552285,NIRSpec_PRISM
5.220816641788107,1.2119167731293794e-08,0.47956785475130176,NIRSpec_PRISM
5.228268726281246,1.2075547730802962e-08,0.4778417667456359,NIRSpec_PRISM
5.2357089685178275,1.1969320261553102e-08,0.47363823720686477,NIRSpec_PRISM
5.243137481081185,1.1818060225336656e-08,0.46765272296312543,NIRSpec_PRISM
5.250554371704674,1.1824366131214077e-08,0.4679022541042854,NIRSpec_PRISM
5.257959535611855,1.1950721800001025e-08,0.47290227707280597,NIRSpec_PRISM
5.2653530748259225,1.1866137543155635e-08,0.4695551915715191,NIRSpec_PRISM
5.272735023343146,1.1815533432549024e-08,0.4675527351897541,NIRSpec_PRISM
5.280105401544921,1.1773972222148179e-08,0.46590811561234413,NIRSpec_PRISM
5.287464338633154,1.1711502249105292e-08,0.46343611492526804,NIRSpec_PRISM
5.294811790662223,1.1684173682514394e-08,0.4623546956113342,NIRSpec_PRISM
5.302147907070847,,,NIRSpec_PRISM
5.309472602981365,,,NIRSpec_PRISM
5.31678618574847,,,NIRSpec_PRISM
5.324088298124591,,,NIRSpec_PRISM
5.33137939633727,,,NIRSpec_PRISM
5.338659179983327,,,NIRSpec_PRISM
5.345927985697867,,,NIRSpec_PRISM
5.353185605526842,,,NIRSpec_PRISM
5.360432287573589,,,NIRSpec_PRISM
5.367667919947778,,,NIRSpec_PRISM
