instrument,wavelength_um,normalized_flux,median_flux_mjy
NIRISS_SOSS,2.8283557913681623,0.48463840228635013,0.03200015040987018
NIRISS_SOSS,2.8273683446051003,0.4866242215306727,0.03213127191036487
NIRISS_SOSS,2.826380859399971,0.41760686661723223,0.027574130487600462
NIRISS_SOSS,2.8253933380815317,0.43714509153049397,0.028864218382031973
NIRISS_SOSS,2.824405780294838,0.44121141067683906,0.029132713044616912
NIRISS_SOSS,2.823418186425521,0.4400478523795975,0.029055884546613606
NIRISS_SOSS,2.822430556654193,0.43937096309800283,0.02901119027822779
NIRISS_SOSS,2.8214428912170924,0.4384265512062822,0.028948831780755538
NIRISS_SOSS,2.8204551903343646,0.4377980247572338,0.028907330857982506
NIRISS_SOSS,2.819467454229763,0.4121423167756119,0.02721331216195989
NIRISS_SOSS,2.8184796831252505,0.4425208474471935,0.02921917374068614
NIRISS_SOSS,2.817491877242476,0.4197733910447921,0.02771718375622611
NIRISS_SOSS,2.8165040368023733,0.4407320043029853,0.02910105835939511
NIRISS_SOSS,2.81551616202527,0.442573376240583,0.029222642160195166
NIRISS_SOSS,2.81452825313086,0.44053943781444144,0.029088343402082127
NIRISS_SOSS,2.8135403103382126,0.43991750662144224,0.02904727795694473
NIRISS_SOSS,2.8125523338657694,0.43802901265832844,0.028922582739680323
NIRISS_SOSS,2.8115643239313477,0.4360733351390879,0.02879345146474697
NIRISS_SOSS,2.8105762807521404,0.4419364743519211,0.029180588216187922
NIRISS_SOSS,2.809588204544715,0.43198202557501336,0.028523306711863004
NIRISS_SOSS,2.808600095525019,0.4444159099681624,0.029344302672733257
NIRISS_SOSS,2.8076119539083773,0.45225750959085814,0.02986207502877528
NIRISS_SOSS,2.806623779909491,0.45208381811241194,0.029850606367998567
NIRISS_SOSS,2.8056355737424434,0.44869316890851046,0.02962672546215189
NIRISS_SOSS,2.804647335620699,0.44998467150153626,0.029712001983856713
NIRISS_SOSS,2.803659065757101,0.44403936775970215,0.029319439997283793
NIRISS_SOSS,2.802670764363877,0.44129455010053,0.02913820265099261
NIRISS_SOSS,2.8016824316526363,0.4432488850016033,0.029267245274298085
NIRISS_SOSS,2.800694067834373,0.4444220893140126,0.02934471068826754
NIRISS_SOSS,2.7997056731194645,0.44436188789659875,0.029340735653678774
NIRISS_SOSS,2.798717247717676,0.44349337578537934,0.02928338873675948
NIRISS_SOSS,2.7977287918381566,0.44612332467483856,0.029457041422217205
NIRISS_SOSS,2.796740305689445,0.4477070529942343,0.029561613293100624
NIRISS_SOSS,2.795751789479465,0.4505773130160598,0.029751133463150177
NIRISS_SOSS,2.7947632434155323,0.44656577934672864,0.02948625622645731
NIRISS_SOSS,2.7937746677043505,0.4526776053355955,0.02988981349719776
NIRISS_SOSS,2.792786062552014,0.45111474111844085,0.0297866192604571
NIRISS_SOSS,2.7917974281640086,0.45413389149968253,0.02998597050017307
NIRISS_SOSS,2.790808764745212,0.45546396692837365,0.030073793944567478
NIRISS_SOSS,2.7898200724998965,0.45027588067057706,0.029731230210852503
NIRISS_SOSS,2.788831351631725,0.4535332370468308,0.029946309935213845
NIRISS_SOSS,2.7878426023437597,0.4454720603546137,0.029414039142361834
NIRISS_SOSS,2.786853824838454,0.4498846064818064,0.029705394798650142
NIRISS_SOSS,2.7858650193176606,0.4521414765145399,0.029854413490033847
NIRISS_SOSS,2.7848761859826268,0.4566162922114843,0.030149880738776676
NIRISS_SOSS,2.783887325034001,0.4459647753232523,0.02944657257972719
NIRISS_SOSS,2.7828984366718283,0.4471076243150471,0.029522033664652923
NIRISS_SOSS,2.7819095210955536,0.45307062140825993,0.029915763924112812
NIRISS_SOSS,2.7809205785040243,0.4365683507404108,0.02882613681040434
NIRISS_SOSS,2.7799316090954833,0.45352013537025554,0.029945444845656245
NIRISS_SOSS,2.7789426130675965,0.4526186287882867,0.02988591933945947
NIRISS_SOSS,2.7779535906173622,0.4527388407657583,0.02989385680653185
NIRISS_SOSS,2.7769645419414033,0.4541949127214564,0.029989999665558535
NIRISS_SOSS,2.7759754672351233,0.45322436761397134,0.029925915620066953
NIRISS_SOSS,2.774986366694888,0.4392539584322403,0.029003464586484434
NIRISS_SOSS,2.7739972405134665,0.45293655312675796,0.029906911540246786
NIRISS_SOSS,2.773008088682614,0.454516927123488,0.030011261928826454
NIRISS_SOSS,2.77201891153374,0.45373809462423553,0.02995983645985289
NIRISS_SOSS,2.77102970932987,0.45579978543766714,0.030095967678132777
NIRISS_SOSS,2.7700404822635054,0.4527003668472116,0.029891316415232808
NIRISS_SOSS,2.769051230526218,0.45235637127621214,0.029868602759112326
NIRISS_SOSS,2.7680619543091423,0.45550905248784634,0.030076770895377882
NIRISS_SOSS,2.767072653802769,0.456140571101009,0.030118469387516555
NIRISS_SOSS,2.7660833291970213,0.45669142406607033,0.030154841614010632
NIRISS_SOSS,2.76509398068123,0.4548192836424062,0.030031226203298185
NIRISS_SOSS,2.7641046084441445,0.4227853692697484,0.027916061426206763
NIRISS_SOSS,2.763115212673928,0.45699545791899643,0.030174916641035786
NIRISS_SOSS,2.7621257935581616,0.4615042379484483,0.030472626517980765
NIRISS_SOSS,2.761136351283843,0.45478704584992957,0.03002909757667003
NIRISS_SOSS,2.760146886037389,0.44142382666944213,0.02914673864325023
NIRISS_SOSS,2.7591573980046356,0.45841061540031713,0.030268357961497138
NIRISS_SOSS,2.7581678873708393,0.45949813398725337,0.030340165639533612
NIRISS_SOSS,2.757178354320677,0.46143411354331665,0.03046799627922744
NIRISS_SOSS,2.7561887990382465,0.4630356952686095,0.03057374699122485
NIRISS_SOSS,2.755199221707072,0.44762838647511116,0.029556419027783873
NIRISS_SOSS,2.7542096225100967,0.4682162359142826,0.030915812496318758
NIRISS_SOSS,2.753220001629691,0.4655480195772934,0.030739633052620285
NIRISS_SOSS,2.752230359247648,0.4674259848918593,0.030863633074589492
NIRISS_SOSS,2.751240695545191,0.47063388371636883,0.03107544717021144
NIRISS_SOSS,2.7502510107029647,0.46896437511101835,0.03096521131966854
NIRISS_SOSS,2.749261304901047,0.46999848606833355,0.031033492549588555
NIRISS_SOSS,2.7482715783189398,0.47257670974927873,0.0312037298753789
NIRISS_SOSS,2.7472818311355773,0.476409740501804,0.03145682075721536
NIRISS_SOSS,2.746292063529322,0.4756836202908852,0.031408875823723856
NIRISS_SOSS,2.74530227567797,0.46184722900995306,0.03049527384742394
NIRISS_SOSS,2.7443124677587467,0.48168733481677733,0.03180529461129851
NIRISS_SOSS,2.743322639948312,0.47231635990378484,0.031186539256196254
NIRISS_SOSS,2.7423327924227587,0.47749316980037804,0.03152835842395673
NIRISS_SOSS,2.7413429253576136,0.4790927720276921,0.03163397843183999
NIRISS_SOSS,2.7403530389278394,0.4788278605819494,0.031616486615118344
NIRISS_SOSS,2.7393631333078354,0.44963804156583426,0.029689114383479404
NIRISS_SOSS,2.7383732086714367,0.4795067307472285,0.03166131167911496
NIRISS_SOSS,2.737383265191918,0.48335983883538297,0.03191572824574432
NIRISS_SOSS,2.7363933030419902,0.4596157728767496,0.030347933208385296
NIRISS_SOSS,2.7354033223938066,0.4792039264702549,0.0316413178396623
NIRISS_SOSS,2.734413323418958,0.4810789869150847,0.031765126056219395
NIRISS_SOSS,2.7334233062884787,0.4566376206210652,0.030151289030631745
NIRISS_SOSS,2.732433271172844,0.47977385649156856,0.03167894970358208
NIRISS_SOSS,2.731443218241972,0.4797845374236684,0.03167965495399579
NIRISS_SOSS,2.7304531476652247,0.48111840455762733,0.031767728760594895
NIRISS_SOSS,2.729463059611409,0.4810914226031049,0.03176594717127181
NIRISS_SOSS,2.728472954248778,0.4796846815247712,0.031673061576811996
NIRISS_SOSS,2.727482831745028,0.4754031495524819,0.03139035664370814
NIRISS_SOSS,2.726492692267306,0.4792429296165932,0.03164389317530099
NIRISS_SOSS,2.725502535982205,0.4779874642990973,0.0315609961559878
NIRISS_SOSS,2.724512363055768,0.48045061878753237,0.0317236355872438
NIRISS_SOSS,2.723522173653486,0.48340696197621336,0.031918839735851676
NIRISS_SOSS,2.722531967940302,0.48033617341882734,0.03171607888312172
NIRISS_SOSS,2.7215417460806104,0.47964000174393095,0.031670111419126554
NIRISS_SOSS,2.720551508238257,0.4825221323207036,0.03186041538910192
NIRISS_SOSS,2.719561254576541,0.48177987177322656,0.03181140472661516
NIRISS_SOSS,2.7185709852582143,0.4853148680024506,0.03204481671068376
NIRISS_SOSS,2.7175807004454855,0.4832683181538332,0.03190968523396195
NIRISS_SOSS,2.7165904003000185,0.4868998105835526,0.03214946875795653
NIRISS_SOSS,2.715600084982933,0.48764406260752907,0.03219861091548623
NIRISS_SOSS,2.7146097546548047,0.4848872838021756,0.03201658378762786
NIRISS_SOSS,2.7136194094756707,0.4782340535012877,0.03157727817475131
NIRISS_SOSS,2.712629049605024,0.48640802017590906,0.032116996368355376
NIRISS_SOSS,2.7116386752018187,0.48416954070022195,0.03196919198559606
NIRISS_SOSS,2.7106482864244703,0.48246321569859885,0.031856525188160144
NIRISS_SOSS,2.709657883430854,0.4209954512208825,0.027797875070121825
NIRISS_SOSS,2.7086674663783095,0.4205953982417056,0.027771460003867925
NIRISS_SOSS,2.7076770354236386,0.42123295384302895,0.027813557111816354
NIRISS_SOSS,2.7066865907231055,0.4923109320139126,0.03250675926329144
NIRISS_SOSS,2.7056961324324433,0.49204922671883333,0.03248947914523623
NIRISS_SOSS,2.704705660706847,0.4920222975657909,0.032487701042337856
NIRISS_SOSS,2.7037151757009807,0.48968440786267836,0.032333332709600815
NIRISS_SOSS,2.702724677568974,0.49731675686205695,0.03283728847292563
NIRISS_SOSS,2.701734166464427,0.4948571823206847,0.0326748854217087
NIRISS_SOSS,2.700743642540408,0.4804927581665783,0.031726418004941796
NIRISS_SOSS,2.6997531059494535,0.4955144623675817,0.03271828491350069
NIRISS_SOSS,2.6987625568435742,0.49601452157623227,0.03275130328310403
NIRISS_SOSS,2.6977719953742496,0.48052437433664236,0.03172850558651325
NIRISS_SOSS,2.6967814216924344,0.49550576794219964,0.03271771082998061
NIRISS_SOSS,2.6957908359485536,0.49567499685393024,0.03272888483229559
NIRISS_SOSS,2.6948002382925096,0.5002883729636886,0.033033501075484556
NIRISS_SOSS,2.6938096288736766,0.4901634662913715,0.03236496442037935
NIRISS_SOSS,2.6928190078409093,0.49946585553701744,0.03297919113792277
NIRISS_SOSS,2.691828375342534,0.4994561075278321,0.03297854748740177
NIRISS_SOSS,2.6908377315263574,0.4996795562408099,0.03299330156464874
NIRISS_SOSS,2.6898470765396656,0.501671968778502,0.033124858413185444
NIRISS_SOSS,2.6888564105292225,0.49847494689108296,0.0329137625099751
NIRISS_SOSS,2.687865733641272,0.5043910965846,0.033304399486217016
NIRISS_SOSS,2.68687504602154,0.5065015199604771,0.033443748462975716
NIRISS_SOSS,2.685884347815234,0.508416733808098,0.03357020796536308
NIRISS_SOSS,2.6848936391670444,0.5075146207814084,0.0335106424162762
NIRISS_SOSS,2.683902920221145,0.4791893763244232,0.0316403571092437
NIRISS_SOSS,2.682912191121193,0.5047284223073847,0.033326672739461716
NIRISS_SOSS,2.681921452010333,0.5039529455800287,0.03327546884848304
NIRISS_SOSS,2.6809307030311946,0.49109668292839176,0.03242658370727193
NIRISS_SOSS,2.679939944325894,0.5076567093891658,0.03352002437362485
NIRISS_SOSS,2.678949176036038,0.5067631285933802,0.03346102219853181
NIRISS_SOSS,2.6779583983027124,0.5095156486673343,0.033642768126954284
NIRISS_SOSS,2.676967611266521,0.5054913767278001,0.033377049796034175
NIRISS_SOSS,2.6759768150674774,0.5057080727525524,0.0333913580005689
NIRISS_SOSS,2.6749860098452984,0.5052315042524504,0.03335989069708671
NIRISS_SOSS,2.673995195738739,0.5061434022332822,0.03342010233613019
NIRISS_SOSS,2.673004372849016,0.510414036492449,0.033702087705003485
NIRISS_SOSS,2.672013541312398,0.5073041836804265,0.03349674748171991
NIRISS_SOSS,2.671022701308069,0.508549017764361,0.03357894253216021
NIRISS_SOSS,2.670031852973381,0.5044237773718606,0.033306557363312436
NIRISS_SOSS,2.6690409964446724,0.478542357146641,0.03159763513156008
NIRISS_SOSS,2.668050131858021,0.5055157314743619,0.033378657913652375
NIRISS_SOSS,2.667059259348911,0.5041470208932192,0.03328828343185828
NIRISS_SOSS,2.6660683790523554,0.5005055711192412,0.03304784243517384
NIRISS_SOSS,2.66507749110286,0.5058218691226505,0.03339887185201373
NIRISS_SOSS,2.664086595634431,0.46276394635929174,0.03055580370416617
NIRISS_SOSS,2.663095692780578,0.507980121615409,0.033541378933716136
NIRISS_SOSS,2.6621047826743114,0.5115108965461659,0.03377451219000494
NIRISS_SOSS,2.661113865448146,0.5145277921891104,0.03397371455178572
NIRISS_SOSS,2.6601229412341008,0.5155395968974857,0.03404052292417363
NIRISS_SOSS,2.659132010163699,0.518050270728621,0.03420630000631865
NIRISS_SOSS,2.658141072367971,0.5104650727405952,0.033705457573361686
NIRISS_SOSS,2.6571501279774523,0.5056826646510361,0.03338968033106043
NIRISS_SOSS,2.656159177122186,0.5089979693995204,0.03360858632386982
NIRISS_SOSS,2.6551682199317255,0.5023077709214161,0.03316683974216843
NIRISS_SOSS,2.6541772565351316,0.4818196357077025,0.0318140302962731
NIRISS_SOSS,2.6531862870609757,0.5176780094348724,0.03418171999504523
NIRISS_SOSS,2.652195311637341,0.5144061372697617,0.03396568180881923
NIRISS_SOSS,2.6512043303918222,0.5144912858413285,0.03397130407705978
NIRISS_SOSS,2.650213343451525,0.5212929924943094,0.03442041342314622
NIRISS_SOSS,2.649222350943071,0.5190462583262951,0.03427206399196563
NIRISS_SOSS,2.6482313529925943,0.5214548979208622,0.03443110386364252
NIRISS_SOSS,2.6472403497257466,0.4948120745571935,0.03267190700479093
NIRISS_SOSS,2.646249341267692,0.5255527870823993,0.03470168306024256
NIRISS_SOSS,2.645258327743115,0.5204396943282851,0.034364071066600756
NIRISS_SOSS,2.644267309276216,0.5212256495404682,0.03441596684061831
NIRISS_SOSS,2.643276285990714,0.5206362395116,0.03437704873283344
NIRISS_SOSS,2.6422852580098493,0.49551427341066506,0.03271827243687952
NIRISS_SOSS,2.641294225456381,0.5102314974842731,0.03369003485139192
NIRISS_SOSS,2.6403031884525885,0.49833599962263203,0.03290458797186897
NIRISS_SOSS,2.6393121471202754,0.4938134162843421,0.03260596667734568
NIRISS_SOSS,2.6383211015807673,0.517030738603858,0.034138981400970415
NIRISS_SOSS,2.637330051954913,0.5067911982084042,0.0334628756049034
NIRISS_SOSS,2.6363389983630863,0.5257982096813714,0.03471788804945521
NIRISS_SOSS,2.6353479409251865,0.5250953749304497,0.03467148062974461
NIRISS_SOSS,2.6343568797606394,0.5241122412104161,0.03460656537175913
NIRISS_SOSS,2.633365814988398,0.5229123197251148,0.03452733585171174
NIRISS_SOSS,2.6323747467269425,0.5203032747626548,0.03435506342998256
NIRISS_SOSS,2.6313836750942823,0.5193104363416521,0.03428950738107083
NIRISS_SOSS,2.6303926002079567,0.521225687110461,0.03441596932132437
NIRISS_SOSS,2.629401522185037,0.5214377038817658,0.03442996855980642
NIRISS_SOSS,2.6284104411421225,0.5182505262985636,0.03421952266537403
NIRISS_SOSS,2.627419357195348,0.508427110107215,0.03357089310118985
NIRISS_SOSS,2.6264282704603796,0.49157162433436996,0.032457943575486
NIRISS_SOSS,2.6254371810524186,0.4780817247991638,0.03156722007502848
NIRISS_SOSS,2.6244460890861996,0.5143881435774083,0.033964493704742
NIRISS_SOSS,2.6234549946759946,0.5198047806140607,0.03432214839960487
NIRISS_SOSS,2.6224638979356114,0.5247515513292698,0.03464877832860563
NIRISS_SOSS,2.6214727989783944,0.5249944965908149,0.03466481974190291
NIRISS_SOSS,2.620481697917227,0.5266516452994388,0.034774239481810666
NIRISS_SOSS,2.6194905948645326,0.5257332500091912,0.034713598832442
NIRISS_SOSS,2.618499489932273,0.5276823928406411,0.03484229862899643
NIRISS_SOSS,2.617508383231951,0.5283500050776098,0.03488638034414257
NIRISS_SOSS,2.6165172748746115,0.5368149269980508,0.03544530999846631
NIRISS_SOSS,2.6155261649708423,0.52767718253354,0.03484195459804443
NIRISS_SOSS,2.614535053630774,0.531019725938582,0.03506265912993512
NIRISS_SOSS,2.613543940964082,0.533229889551626,0.03520859384685844
NIRISS_SOSS,2.6125528270799854,0.5288263628721992,0.03491783373496728
NIRISS_SOSS,2.6115617120872505,0.5371882675045329,0.035469961268991226
NIRISS_SOSS,2.6105705960941905,0.5358749495353079,0.03538324430155134
NIRISS_SOSS,2.609579479208665,0.5071778682656295,0.03348840701127117
NIRISS_SOSS,2.608588361538084,0.5125649997051455,0.033844113483414075
NIRISS_SOSS,2.6075972431894043,0.5402214197318587,0.0356702370354855
NIRISS_SOSS,2.606606124269135,0.5359155207046801,0.03538592317205786
NIRISS_SOSS,2.605615004883335,0.5093620885150159,0.033632628715904785
NIRISS_SOSS,2.6046238851376162,0.5335351655246614,0.03522875088973323
NIRISS_SOSS,2.6036327651371427,0.5379255240220475,0.03551864152078272
NIRISS_SOSS,2.602641644986632,0.5350044714311966,0.03532576757224419
NIRISS_SOSS,2.601650524790356,0.5376668162989682,0.035501559329170006
NIRISS_SOSS,2.6006594046521423,0.5390731673574626,0.035594419171040954
NIRISS_SOSS,2.5996682846753747,0.5366509445094427,0.03543448241180523
NIRISS_SOSS,2.5986771649629943,0.5343352842864659,0.03528158186763905
NIRISS_SOSS,2.597686045617498,0.5310579350196353,0.03506518203430044
NIRISS_SOSS,2.5966949267409447,0.5341703261869487,0.03527068986244306
NIRISS_SOSS,2.5957038084349513,0.5316524252567576,0.03510443558275092
NIRISS_SOSS,2.594712690800694,0.532811628137884,0.03518097649733094
NIRISS_SOSS,2.593721573938912,0.5361643872449744,0.0354023555609974
NIRISS_SOSS,2.5927304579499055,0.5299717535928118,0.034993462647502395
NIRISS_SOSS,2.59173934293354,0.52347670945696,0.034564601896300104
NIRISS_SOSS,2.59074822898924,0.5434290159274987,0.03588203114884996
NIRISS_SOSS,2.589757116216001,0.5435841194067308,0.03589227246410915
NIRISS_SOSS,2.588766004712379,0.5167762803867259,0.034122179799646955
NIRISS_SOSS,2.587774894576499,0.5428676762129377,0.035844966493609604
NIRISS_SOSS,2.5867837859060527,0.5042788255485122,0.033296986350929904
NIRISS_SOSS,2.5857926787982985,0.53362741549131,0.035234842055423224
NIRISS_SOSS,2.5848015733500675,0.5411260203697628,0.03572996683885484
NIRISS_SOSS,2.5838104696577564,0.5413170606228501,0.0357425810204886
NIRISS_SOSS,2.582819367817335,0.5450677760014907,0.035990236707068295
NIRISS_SOSS,2.5818282679243443,0.5414185739023629,0.03574928383272487
NIRISS_SOSS,2.5808371700738975,0.5480529826357166,0.03618734667781991
NIRISS_SOSS,2.57984607436068,0.5555941295866472,0.036685280468362017
NIRISS_SOSS,2.578854980878954,0.5290830677882621,0.03493478368339525
NIRISS_SOSS,2.5778638897225536,0.5246149663261147,0.034639759768326304
NIRISS_SOSS,2.5768728009848907,0.5569547432944768,0.03677512032235392
NIRISS_SOSS,2.5758817147589546,0.5507660188247955,0.03636648552795719
NIRISS_SOSS,2.5748906311373085,0.5557044148012766,0.03669256248200245
NIRISS_SOSS,2.5738995502120985,0.5560971512774211,0.03671849444746118
NIRISS_SOSS,2.5729084720750466,0.5557298225320227,0.03669424012702936
NIRISS_SOSS,2.5719173968174567,0.5474994162748505,0.036150795288730664
NIRISS_SOSS,2.570926324530212,0.547626702556964,0.036159199864499995
NIRISS_SOSS,2.5699352553037795,0.5341693032037513,0.035270622315967115
NIRISS_SOSS,2.568944189228209,0.5576335125254822,0.03681993872176944
NIRISS_SOSS,2.5679531263931303,0.5480789733420942,0.0361890628160983
NIRISS_SOSS,2.566962066887765,0.5404504726432027,0.0356853611518994
NIRISS_SOSS,2.5659710108008977,0.5538638282413745,0.036571030538843606
NIRISS_SOSS,2.564979958220965,0.5243357840306919,0.03462132566280937
NIRISS_SOSS,2.563988909235828,0.552803512793734,0.03650101905472197
NIRISS_SOSS,2.562997863933244,0.5492677352664446,0.036267555482385735
NIRISS_SOSS,2.5620068224264774,0.5472078626167315,0.036131544315493
NIRISS_SOSS,2.561015784785659,0.5486408197192174,0.03622616092572058
NIRISS_SOSS,2.5600247510890517,0.55077314185842,0.03636695585417624
NIRISS_SOSS,2.5590337214225523,0.5518659707585493,0.036439114166458994
NIRISS_SOSS,2.558042695871673,0.5281617053692363,0.034873947117717144
NIRISS_SOSS,2.5570516745215097,0.5233989117847743,0.034559465000008484
NIRISS_SOSS,2.556060657456754,0.5547397281661283,0.03662886526511352
NIRISS_SOSS,2.555069644761694,0.5560789381573682,0.03671729185480988
NIRISS_SOSS,2.554078636520211,0.5561460357384489,0.03672172223563937
NIRISS_SOSS,2.553087632815783,0.5454653730276307,0.036016489609395005
NIRISS_SOSS,2.552096633731486,0.5479958106542093,0.036183571673612996
NIRISS_SOSS,2.5511056393499945,0.5532227744633202,0.03652870245006283
NIRISS_SOSS,2.550114649753581,0.557584677453999,0.036816714194729545
NIRISS_SOSS,2.549123665024118,0.560753502036473,0.037025948260340696
NIRISS_SOSS,2.5481326852430786,0.5550252960102207,0.036647721001514234
NIRISS_SOSS,2.5471417104915375,0.556931649352062,0.03677359545427219
NIRISS_SOSS,2.5461507408501722,0.5610477244756213,0.037045375450308074
NIRISS_SOSS,2.545159776399264,0.5601304146300787,0.03698480647168126
NIRISS_SOSS,2.544168817218696,0.5587286049517507,0.03689224649223909
NIRISS_SOSS,2.543177863387958,0.5576350286703844,0.036820038831180256
NIRISS_SOSS,2.542186914986145,0.5390092412568019,0.03559019819963918
NIRISS_SOSS,2.5411959720919595,0.5434147537983839,0.03588108943586419
NIRISS_SOSS,2.5402050347837113,0.5607354963742299,0.037024759365904575
NIRISS_SOSS,2.539214103139317,0.567183657806372,0.03745052450280298
NIRISS_SOSS,2.538223177236304,0.5530974030846454,0.036520424313299917
NIRISS_SOSS,2.5372322571518104,0.5688284594248089,0.03755912897767758
NIRISS_SOSS,2.5362413429625827,0.5761973204954651,0.038045686917572555
NIRISS_SOSS,2.535250434744982,0.5738410261604109,0.037890103346860986
NIRISS_SOSS,2.5342595325749793,0.5744794953796818,0.037932260780016006
NIRISS_SOSS,2.533268636528161,0.573105051218206,0.0378415077161034
NIRISS_SOSS,2.532277746679728,0.5760531886437336,0.03803617004703051
NIRISS_SOSS,2.5312868631044956,0.579992039579139,0.03829624812128216
NIRISS_SOSS,2.530295985876895,0.5826673757374246,0.03847289767909314
NIRISS_SOSS,2.5293051150709744,0.5742329263767794,0.03791598009498967
NIRISS_SOSS,2.5283142507604004,0.5549584435230163,0.03664330680396877
NIRISS_SOSS,2.527323393018458,0.57510447336091,0.037973527401290355
NIRISS_SOSS,2.526332541918052,0.5671053909586956,0.03744535662736031
NIRISS_SOSS,2.525341697531706,0.5755834297777127,0.03800515237633392
NIRISS_SOSS,2.524350859931566,0.5729318391240971,0.03783007070855686
NIRISS_SOSS,2.5233600291894005,0.5845362941961666,0.038596300346940726
NIRISS_SOSS,2.5223692053766005,0.5793933084209764,0.03825671454939456
NIRISS_SOSS,2.521378388564179,0.5837419985998807,0.03854385386636648
NIRISS_SOSS,2.5203875788227768,0.5796593429597862,0.038274280522738756
NIRISS_SOSS,2.519396776222659,0.5833822677437828,0.03852010122636127
NIRISS_SOSS,2.518405980833715,0.5788825831285122,0.03822299190979382
NIRISS_SOSS,2.5174151927254638,0.5806757879708837,0.03834139528930499
NIRISS_SOSS,2.5164244119670514,0.5774284173479788,0.038126974913455056
NIRISS_SOSS,2.515433638627253,0.5772605054669567,0.038115887873255684
NIRISS_SOSS,2.5144428727744734,0.5763669586125942,0.03805688793927816
NIRISS_SOSS,2.513452114476749,0.5750862534487456,0.037972324360163276
NIRISS_SOSS,2.5124613638017457,0.5753612158811477,0.03799047983268139
NIRISS_SOSS,2.511470620816763,0.5789636245346238,0.03822834298633412
NIRISS_SOSS,2.510479885588733,0.5806027218234227,0.03833657081048203
NIRISS_SOSS,2.5094891581842234,0.5892876503059132,0.03891002726054365
NIRISS_SOSS,2.5084984386694336,0.5923788391795647,0.03911413512412916
NIRISS_SOSS,2.507507727110202,0.585577580944486,0.038665055386592616
NIRISS_SOSS,2.5065170235720022,0.5912654944948667,0.039040622176743464
NIRISS_SOSS,2.5055263281199456,0.5707150967858576,0.03768370160551233
NIRISS_SOSS,2.5045356408187813,0.5292329699148508,0.034944681558955595
NIRISS_SOSS,2.5035449617328975,0.5715550356607871,0.037739161862491634
NIRISS_SOSS,2.5025542909263234,0.590494936734054,0.03898974307981435
NIRISS_SOSS,2.5015636284627276,0.5882673955481128,0.03884266094051623
NIRISS_SOSS,2.500572974405423,0.589813180266676,0.03894472743640665
NIRISS_SOSS,2.499582328817363,0.5677831304972414,0.03749010703729453
NIRISS_SOSS,2.4985916917611433,0.5868594919740456,0.03874969858771835
NIRISS_SOSS,2.4976010632990073,0.5921182002214023,0.039096925415149184
NIRISS_SOSS,2.4966104434928407,0.5933939530111678,0.03918116199435074
NIRISS_SOSS,2.4956198324041767,0.5912992174956656,0.03904284887007348
NIRISS_SOSS,2.494629230094195,0.5961260624571317,0.0393615602310456
NIRISS_SOSS,2.493638636623723,0.5898848660423085,0.038949460770768246
NIRISS_SOSS,2.4926480520532355,0.5917086904131604,0.03906988592468323
NIRISS_SOSS,2.4916574764428594,0.5900332707386883,0.03895925977262876
NIRISS_SOSS,2.4906669098523695,0.5957100967354741,0.03933409446358765
NIRISS_SOSS,2.4896763523411933,0.5955234153040181,0.03932176809023972
NIRISS_SOSS,2.4886858039684085,0.5907186511391171,0.039004514700422835
NIRISS_SOSS,2.487695264792748,0.579294240080263,0.03825017317382728
NIRISS_SOSS,2.486704734872597,0.5705138649548935,0.03767041448499582
NIRISS_SOSS,2.4857142142659936,0.5574524206361007,0.036807981419849325
NIRISS_SOSS,2.4847237030306357,0.5880499921371803,0.03882830602803584
NIRISS_SOSS,2.483733201223873,0.5841649715219054,0.03857178231169858
NIRISS_SOSS,2.482742708902716,0.5714286351688659,0.03773081577449225
NIRISS_SOSS,2.4817522261238314,0.5761752496351097,0.03804422960249452
NIRISS_SOSS,2.4807617529435433,0.5776860196174927,0.038143984113162464
NIRISS_SOSS,2.479771289417838,0.5691205569310569,0.037578415860619975
NIRISS_SOSS,2.4787808356023624,0.5817676535327273,0.03841348999340091
NIRISS_SOSS,2.477790391552422,0.5998801023202386,0.03960943542974496
NIRISS_SOSS,2.4767999573229873,0.5987644581407806,0.03953577064920316
NIRISS_SOSS,2.4758095329686913,0.5980347923771676,0.039487591606695606
NIRISS_SOSS,2.4748191185438317,0.5995617002356982,0.03958841168390055
NIRISS_SOSS,2.473828714102368,0.5781905601636691,0.03817729838064386
NIRISS_SOSS,2.4728383196979293,0.5982142421269886,0.03949944047991365
NIRISS_SOSS,2.4718479353838085,0.6014386249715308,0.03971234299757957
NIRISS_SOSS,2.4708575612129664,0.6040556957115656,0.03988514535273611
NIRISS_SOSS,2.4698671972380337,0.5745555208530311,0.037937280659932
NIRISS_SOSS,2.468876843511309,0.6061866367807209,0.040025849090627785
NIRISS_SOSS,2.4678865000847607,0.6067698675386384,0.04006435918782391
NIRISS_SOSS,2.466896167010029,0.6068964710075822,0.040072718678176925
NIRISS_SOSS,2.4659058443384243,0.6060644229589788,0.040017779443939736
NIRISS_SOSS,2.4649155321209304,0.6014250140808076,0.039711444285161615
NIRISS_SOSS,2.463925230408204,0.6046497585621801,0.039924370681316955
NIRISS_SOSS,2.4629349392505784,0.6000383314372906,0.039619883127494454
NIRISS_SOSS,2.461944658698058,0.6048016657895008,0.03993440095151362
NIRISS_SOSS,2.460954388800329,0.607046788966722,0.04008264401071163
NIRISS_SOSS,2.4599641296067385,0.6023811366305593,0.03977457602473895
NIRISS_SOSS,2.458973881166362,0.5719058104976054,0.037762323146214145
NIRISS_SOSS,2.4579836435278146,0.5974374741479181,0.03944815132897851
NIRISS_SOSS,2.4569934167397016,0.5874249219027474,0.03878703331538198
NIRISS_SOSS,2.456003200884963,0.5962042297925308,0.03936672153580005
NIRISS_SOSS,2.4550129960488896,0.5973881248339253,0.03944489284706098
NIRISS_SOSS,2.4540228022077977,0.5990486883253449,0.03955453806138959
NIRISS_SOSS,2.45303261940818,0.6003885507407363,0.03964300772994822
NIRISS_SOSS,2.452042447697178,0.6055911862700492,0.03998653213635169
NIRISS_SOSS,2.4510522871211333,0.5998026192777788,0.039604319308114415
NIRISS_SOSS,2.450062137726265,0.5981894363624604,0.039497802582066116
NIRISS_SOSS,2.4490719995584094,0.6001583420511482,0.03962780729874482
NIRISS_SOSS,2.4480818726631135,0.5991957432440915,0.039564247938890434
NIRISS_SOSS,2.4470917570856052,0.5991049487367898,0.039558252875609566
NIRISS_SOSS,2.4461016528708024,0.6009524513508916,0.03968024147835953
NIRISS_SOSS,2.4451115600633138,0.6078331079009657,0.040134563800904105
NIRISS_SOSS,2.444121478707436,0.6085324691160773,0.04018074186679575
NIRISS_SOSS,2.44313140884716,0.5822323293687716,0.03844417203711659
NIRISS_SOSS,2.442141350526167,0.619221663007107,0.04088653779765786
NIRISS_SOSS,2.441151303787833,0.6179234845314917,0.040800820474634
NIRISS_SOSS,2.4401612686752268,0.6128606851129788,0.040466529295637224
NIRISS_SOSS,2.4391712452311127,0.5831895814500065,0.038507378358438156
NIRISS_SOSS,2.438181233497949,0.6087275980123085,0.04019362601712155
NIRISS_SOSS,2.437191233517893,0.6128299165582881,0.04046449768119365
NIRISS_SOSS,2.436201245332798,0.6141264587482124,0.040550106962040124
NIRISS_SOSS,2.4352112689842165,0.616600629808325,0.040713473805628744
NIRISS_SOSS,2.434221304513398,0.6109723617483972,0.04034184534280969
NIRISS_SOSS,2.433231351961294,0.6163641209803292,0.040697857383088926
NIRISS_SOSS,2.4322414113685573,0.6148349392880409,0.04059688716709615
NIRISS_SOSS,2.4312514827755396,0.6059613741972865,0.040010975245473104
NIRISS_SOSS,2.430261566222299,0.6216418502602936,0.041046340148764696
NIRISS_SOSS,2.4292716617485937,0.6181784551154975,0.040817655906988895
NIRISS_SOSS,2.4282817693938865,0.6190848506821012,0.04087750422756218
NIRISS_SOSS,2.4272918891973476,0.6136322610755908,0.04051747562333173
NIRISS_SOSS,2.426302021197851,0.5956106570007365,0.039327528565273946
NIRISS_SOSS,2.425312165433979,0.6137205083423031,0.04052330249506689
NIRISS_SOSS,2.42432232194402,0.6212922613056331,0.041023257167560584
NIRISS_SOSS,2.4233324907659726,0.621439269836906,0.04103296398214663
NIRISS_SOSS,2.4223426719375434,0.5922763001830421,0.039107364584906275
NIRISS_SOSS,2.4213528654961505,0.621912981444004,0.04106424264806852
NIRISS_SOSS,2.4203630714789206,0.5920164381551251,0.039090206175791495
NIRISS_SOSS,2.4193732899226963,0.5961226100749538,0.03936133227397814
NIRISS_SOSS,2.4183835208640305,0.624993055730561,0.04126761662746927
NIRISS_SOSS,2.4173937643391894,0.6207367416817406,0.040986576806622765
NIRISS_SOSS,2.4164040203841557,0.612117158425523,0.040417435031294795
NIRISS_SOSS,2.4154142890346253,0.6109550241678195,0.040340700561084575
NIRISS_SOSS,2.4144245703260117,0.606895341980764,0.0400726441297552
NIRISS_SOSS,2.413434864293446,0.6175243530491533,0.040774466253821355
NIRISS_SOSS,2.412445170971776,0.6250288458094049,0.041269979807730645
NIRISS_SOSS,2.4114554903955674,0.6304026007653432,0.0416248030451063
NIRISS_SOSS,2.4104658225991087,0.6318849699320264,0.04172268228057966
NIRISS_SOSS,2.409476167616407,0.6209775340659796,0.04100247606775611
NIRISS_SOSS,2.40848652548119,0.6087922855751975,0.04019789726705208
NIRISS_SOSS,2.4074968962269097,0.6102365928999797,0.040293263320202354
NIRISS_SOSS,2.406507279886739,0.6354937985639334,0.04196096933847616
NIRISS_SOSS,2.4055176764935773,0.6340951534163038,0.041868618309579074
NIRISS_SOSS,2.4045280860800466,0.6301099358035054,0.04160547869368404
NIRISS_SOSS,2.4035385086784946,0.624688808744831,0.04124752752751521
NIRISS_SOSS,2.4025489443209977,0.6307930727878687,0.04165058549113765
NIRISS_SOSS,2.4015593930393577,0.6239702823952956,0.0412000840084913
NIRISS_SOSS,2.4005698548651044,0.6320189595092063,0.041731529467684284
NIRISS_SOSS,2.3995803298294986,0.6364741654989831,0.04202570190863661
NIRISS_SOSS,2.39859081796353,0.6347432192845439,0.04191140939910345
NIRISS_SOSS,2.397601319297918,0.6355366781929542,0.0419638006340807
NIRISS_SOSS,2.3966118338631155,0.63961499577912,0.042233087540691557
NIRISS_SOSS,2.3956223616893078,0.6363266498124298,0.04201596160713502
NIRISS_SOSS,2.394632902806411,0.6340442318049531,0.0418652560105647
NIRISS_SOSS,2.3936434572440795,0.6015761411971182,0.039721423045470605
NIRISS_SOSS,2.3926540250316997,0.6339331605344425,0.04185792209450318
NIRISS_SOSS,2.3916646061983946,0.6397416504025614,0.042241450408720814
NIRISS_SOSS,2.3906752007730248,0.6349222619534359,0.041923231393207305
NIRISS_SOSS,2.3896858087841877,0.6354326067232902,0.041956928907310974
NIRISS_SOSS,2.3886964302602203,0.6333271613395809,0.041817908622000084
NIRISS_SOSS,2.387707065229198,0.6141495836114034,0.040551633871787326
NIRISS_SOSS,2.386717713718937,0.6165223492673819,0.04070830502603446
NIRISS_SOSS,2.385728375756993,0.6110314241485454,0.04034574516931826
NIRISS_SOSS,2.3847390513706657,0.6183689778568534,0.04083023591788182
NIRISS_SOSS,2.3837497405869974,0.6088583060137869,0.04020225652532591
NIRISS_SOSS,2.382760443432773,0.6233365185154132,0.04115823726381547
NIRISS_SOSS,2.3817711599345226,0.6390351865101095,0.04219480336071358
NIRISS_SOSS,2.3807818901185214,0.6442215680352217,0.0425372545327701
NIRISS_SOSS,2.37979263401079,0.6296142125026682,0.041572746619391886
NIRISS_SOSS,2.378803391637099,0.6501775897451086,0.04293052421520072
NIRISS_SOSS,2.377814163022964,0.6474418798458783,0.0427498882444643
NIRISS_SOSS,2.37682494819365,0.6538118854025514,0.04317049283329506
NIRISS_SOSS,2.375835747174172,0.6486247667792931,0.042827992991443846
NIRISS_SOSS,2.3748465599892956,0.6287429841929519,0.04151522035481869
NIRISS_SOSS,2.373857386663538,0.6499881181301226,0.04291801360904704
NIRISS_SOSS,2.372868227221168,0.6477998572495414,0.04277352510589854
NIRISS_SOSS,2.3718790816862083,0.65151654769107,0.043018934162619496
NIRISS_SOSS,2.370889950082434,0.6526810315472354,0.04309582377427916
NIRISS_SOSS,2.3699008324333777,0.6435538202354095,0.042493163866555786
NIRISS_SOSS,2.368911728762324,0.6326710760941207,0.04177458802165686
NIRISS_SOSS,2.367922639092317,0.6246306039343281,0.04124368432672492
NIRISS_SOSS,2.3669335634461595,0.6537208470458881,0.04316448166890415
NIRISS_SOSS,2.3659445018463976,0.6517516663371242,0.043034458792946775
NIRISS_SOSS,2.3649554543153912,0.6486251840305166,0.0428280205420916
NIRISS_SOSS,2.3639664208750935,0.6475386575916319,0.04275627837451969
NIRISS_SOSS,2.3629774015476777,0.6563208779906362,0.043336158904776795
NIRISS_SOSS,2.36198839635397,0.6512313619578188,0.04300010365658503
NIRISS_SOSS,2.360999405316499,0.651349929550605,0.04300793254671217
NIRISS_SOSS,2.360010428603348,0.650248698410565,0.04293521944360052
NIRISS_SOSS,2.359021466097371,0.6201958860751178,0.04095086469491164
NIRISS_SOSS,2.358032517809922,0.6428677710807806,0.04244786478164398
NIRISS_SOSS,2.357043583761993,0.6427024930558122,0.0424369516521159
NIRISS_SOSS,2.356054663973507,0.611648384734402,0.04038648241063309
NIRISS_SOSS,2.355065758464513,0.6398572966968737,0.04224908640866404
NIRISS_SOSS,2.3540768672546935,0.6390550083586233,0.04219611217596811
NIRISS_SOSS,2.3530879903635475,0.6135231048477545,0.04051026815547022
NIRISS_SOSS,2.352099127810328,0.6350278372250843,0.0419302024143983
NIRISS_SOSS,2.3511102796140655,0.6551953320728803,0.043261840323146686
NIRISS_SOSS,2.350121445793559,0.6591600275991215,0.043523624887825275
NIRISS_SOSS,2.3491326263673824,0.6632200442082798,0.043791703400685
NIRISS_SOSS,2.3481438213538826,0.6614249849484074,0.04367317757598857
NIRISS_SOSS,2.3471550307711806,0.6378007854217266,0.04211329718970441
NIRISS_SOSS,2.346166254637173,0.6427011991914263,0.04243686621964756
NIRISS_SOSS,2.345177492969533,0.6676843000399992,0.04408647339292914
NIRISS_SOSS,2.3441887457857113,0.6670690748613369,0.044045850738677526
NIRISS_SOSS,2.3432000131029347,0.6672984423337663,0.04406099562522025
NIRISS_SOSS,2.3422112949382106,0.6700289228727957,0.04424128630694905
NIRISS_SOSS,2.3412225913083247,0.661859707344905,0.04370188182643351
NIRISS_SOSS,2.3402339022298446,0.6670862832129149,0.04404698698755133
NIRISS_SOSS,2.339245227719119,0.6584048649641607,0.043473762314433124
NIRISS_SOSS,2.338256567792277,0.650186196806987,0.04293109253020299
NIRISS_SOSS,2.337267922465234,0.6597837347814484,0.04356480759962033
NIRISS_SOSS,2.336279291753686,0.6618870306990587,0.04370368595800562
NIRISS_SOSS,2.3352906756731158,0.655956169219279,0.043312077578401977
NIRISS_SOSS,2.3343020742387917,0.663551289641542,0.04381357517897777
NIRISS_SOSS,2.333313487465767,0.665308256367971,0.043929585794821716
NIRISS_SOSS,2.332324915368885,0.6645298833974321,0.04387819066803293
NIRISS_SOSS,2.331336357962775,0.6635629111956791,0.04381434253764896
NIRISS_SOSS,2.330347815261856,0.6635442871096372,0.04381311280935715
NIRISS_SOSS,2.329359287280337,0.6609441564251619,0.043641428987778015
NIRISS_SOSS,2.3283707740322184,0.6619059907811959,0.043704937871756805
NIRISS_SOSS,2.3273822755312907,0.6662242198105622,0.04399006587191545
NIRISS_SOSS,2.326393791791139,0.6580603163297809,0.04345101214013481
NIRISS_SOSS,2.3254053228251395,0.6560401617858923,0.04331762351688365
NIRISS_SOSS,2.324416868646465,0.655369142188844,0.04327331681743058
NIRISS_SOSS,2.323428429268081,0.6463024272762166,0.042674651421624694
NIRISS_SOSS,2.32244000470275,0.6478495958655828,0.04277680929300999
NIRISS_SOSS,2.321451594963032,0.6654700892110499,0.04394027144270961
NIRISS_SOSS,2.3204632000612837,0.6755679007270796,0.044607019033901414
NIRISS_SOSS,2.3194748200096607,0.6743441721109918,0.04452621755471419
NIRISS_SOSS,2.318486454820117,0.673531204130375,0.04447253815676426
NIRISS_SOSS,2.3174981045044087,0.6671222269753518,0.04404936031537441
NIRISS_SOSS,2.316509769074091,0.6716219770997744,0.04434647395744044
NIRISS_SOSS,2.3155214485405224,0.6268209702150436,0.041388311847170955
NIRISS_SOSS,2.3145331429148635,0.6744759594999995,0.044534919333711634
NIRISS_SOSS,2.313544852208079,0.6778976337044849,0.04476084878684731
NIRISS_SOSS,2.3125565764309375,0.6766642863140089,0.0446794121903732
NIRISS_SOSS,2.3115683155940134,0.6827947635278796,0.045084200981361816
NIRISS_SOSS,2.3105800697076866,0.6809590904563109,0.044962993470532245
NIRISS_SOSS,2.309591838782145,0.6850071608354756,0.045230283186724556
NIRISS_SOSS,2.3086036228273845,0.6856022959654257,0.04526957931675212
NIRISS_SOSS,2.3076154218532086,0.6823169286823089,0.045052650062455665
NIRISS_SOSS,2.3066272358692306,0.6526702649587601,0.04309511286806747
NIRISS_SOSS,2.305639064884877,0.6792720791789857,0.04485160193745754
NIRISS_SOSS,2.3046509089093807,0.682143722423033,0.04504121344017685
NIRISS_SOSS,2.3036627679517916,0.6848811531509089,0.045221963035370655
NIRISS_SOSS,2.30267464202097,0.68389155765135,0.045156621113060284
NIRISS_SOSS,2.30168653112559,0.6808838777061361,0.04495802725384991
NIRISS_SOSS,2.3006984352741418,0.6864212144905804,0.045323651622732726
NIRISS_SOSS,2.299710354474931,0.6866593129837718,0.04533937300914896
NIRISS_SOSS,2.2987222887360783,0.6877871395687761,0.04541384218077491
NIRISS_SOSS,2.2977342380655243,0.6847141174308279,0.04521093384713217
NIRISS_SOSS,2.296746202471024,0.6802631855679037,0.04491704362216089
NIRISS_SOSS,2.2957581819601565,0.6778546860963824,0.044758013002657415
NIRISS_SOSS,2.294770176540315,0.6766384256132384,0.04467770463622467
NIRISS_SOSS,2.2937821862187193,0.6732784717996942,0.04445585051385964
NIRISS_SOSS,2.292794211002405,0.6816699685680716,0.04500993198467415
NIRISS_SOSS,2.2918062508982358,0.6957843046818731,0.045941886358174755
NIRISS_SOSS,2.2908183059128944,0.6948666402675612,0.04588129396775495
NIRISS_SOSS,2.28983037605289,0.691884295210433,0.045684372943849284
NIRISS_SOSS,2.2888424613245566,0.6993037969607436,0.046174274633142054
NIRISS_SOSS,2.2878545617340524,0.7025758282124107,0.0463903233236816
NIRISS_SOSS,2.2868666772873647,0.7024519068101974,0.046382140927298816
NIRISS_SOSS,2.285878807990308,0.6977419582573948,0.046071148109970685
NIRISS_SOSS,2.2848909538485227,0.693131063577885,0.04576669571294169
NIRISS_SOSS,2.283903114867482,0.6914463421982203,0.04565545537933696
NIRISS_SOSS,2.2829152910524875,0.6958076354231507,0.04594342686182972
NIRISS_SOSS,2.281927482408674,0.6844043014393717,0.04519047703174319
NIRISS_SOSS,2.2809396889409945,0.6757596906905435,0.044619682718101836
NIRISS_SOSS,2.279951910654286,0.6912662146855307,0.045643561754168525
NIRISS_SOSS,2.2789641475530678,0.6763995786439431,0.044661933828739474
NIRISS_SOSS,2.277976399642098,0.6996269978336956,0.046195615237803744
NIRISS_SOSS,2.2769886669250248,0.7013019641170439,0.04630621145293186
NIRISS_SOSS,2.276000949421423,0.7018318055499779,0.046341196310646975
NIRISS_SOSS,2.275013247292214,0.706522853391964,0.046650941134448114
NIRISS_SOSS,2.274025560370451,0.7064815923130424,0.04664821670995898
NIRISS_SOSS,2.273037888658213,0.706933823426089,0.046678077042052436
NIRISS_SOSS,2.272050232160008,0.7063231469386213,0.04663775473296891
NIRISS_SOSS,2.271062590878717,0.674090167849633,0.044509445927600276
NIRISS_SOSS,2.270074964817675,0.7062229134066391,0.04663113642108027
NIRISS_SOSS,2.2690873539798315,0.7120735125946429,0.047017445168221955
NIRISS_SOSS,2.268099758368057,0.6714610034910125,0.04433584504386672
NIRISS_SOSS,2.267112177985043,0.7075937724310384,0.0467216527622628
NIRISS_SOSS,2.2661246128333303,0.7031572973262114,0.04642871710141884
NIRISS_SOSS,2.2651370629153065,0.700151953725304,0.04623027750850034
NIRISS_SOSS,2.2641495282332014,0.7081804985937536,0.04676039365726352
NIRISS_SOSS,2.2631620087890973,0.6881304930537298,0.045436513440647086
NIRISS_SOSS,2.262174504584923,0.6468835181073697,0.04271302022176717
NIRISS_SOSS,2.261187015622454,0.7014664542667658,0.046317072559908135
NIRISS_SOSS,2.2601995419033183,0.6801280574162943,0.04490812125621608
NIRISS_SOSS,2.259212083428993,0.7101795328194137,0.04689238772870692
NIRISS_SOSS,2.2582246402008086,0.7130038535524829,0.04707887457712329
NIRISS_SOSS,2.257237212219946,0.7129443948659021,0.047074948584249474
NIRISS_SOSS,2.256249799487442,0.6716835615943554,0.044350540315121145
NIRISS_SOSS,2.2552624020041856,0.7107966873597509,0.04693313777662668
NIRISS_SOSS,2.2542750197709207,0.7070301423378198,0.046684436875792726
NIRISS_SOSS,2.2532876527882486,0.7136641356520703,0.04712247229121294
NIRISS_SOSS,2.2523003010566254,0.7150041134867156,0.04721094958078027
NIRISS_SOSS,2.251312964576366,0.7169822265046175,0.04734156224746529
NIRISS_SOSS,2.250325643347645,0.7206661842104034,0.04758480999698864
NIRISS_SOSS,2.249338337370493,0.7155282814204179,0.04724555982346714
NIRISS_SOSS,2.248351046644805,0.6780266315807814,0.04476936637733244
NIRISS_SOSS,2.2473637711703334,0.7122174426605733,0.04702694871506543
NIRISS_SOSS,2.2463765109466944,0.7132221612067379,0.04709328919581391
NIRISS_SOSS,2.2453892659733654,0.6655549899990791,0.04394587735007072
NIRISS_SOSS,2.24440203624969,0.7079784949397186,0.046747055574103025
NIRISS_SOSS,2.2434148217748735,0.7165442611241102,0.047312643866287835
NIRISS_SOSS,2.2424276225479876,0.7178419594822388,0.04739832948767246
NIRISS_SOSS,2.241440438567971,0.7196003800027866,0.047514436095972314
NIRISS_SOSS,2.240453269833629,0.6817339758116755,0.04501415831385686
NIRISS_SOSS,2.2394661163436327,0.7219066510365363,0.0476667166821119
NIRISS_SOSS,2.2384789780965257,0.7164573945254357,0.04730690815857242
NIRISS_SOSS,2.237491855090718,0.7142042546610914,0.04715813576617977
NIRISS_SOSS,2.2365047473244917,0.725944185413308,0.04793331071744255
NIRISS_SOSS,2.235517654796,0.7288801082025104,0.048127166529121974
NIRISS_SOSS,2.2345305775032664,0.7281772887557519,0.048080760119928755
NIRISS_SOSS,2.2335435154441914,0.7284496018469114,0.048098740659305264
NIRISS_SOSS,2.2325564686165453,0.7305628442650175,0.048238275774378454
NIRISS_SOSS,2.2315694370179764,0.7294918600225018,0.04816755984125094
NIRISS_SOSS,2.230582420646005,0.7295208583444036,0.048169474569134896
NIRISS_SOSS,2.2295954194980316,0.7320278406703684,0.048335007905179445
NIRISS_SOSS,2.228608433571331,0.7303067736432226,0.048221367707716116
NIRISS_SOSS,2.2276214628630586,0.7288709038049305,0.048126558772688316
NIRISS_SOSS,2.2266345073702465,0.6969699736509309,0.04602017479996388
NIRISS_SOSS,2.225647567089808,0.7017052541626324,0.04633284025918566
NIRISS_SOSS,2.2246606420185375,0.7307798978001432,0.04825260758493711
NIRISS_SOSS,2.2236737321531095,0.7092924097686997,0.04683381195154814
NIRISS_SOSS,2.222686837490083,0.7117109606621969,0.046993506255591566
NIRISS_SOSS,2.2216999580258983,0.735114651783886,0.048538826709990254
NIRISS_SOSS,2.2207130937568813,0.7382711363862187,0.04874724598003688
NIRISS_SOSS,2.2197262446792414,0.7381001976400474,0.04873595907919999
NIRISS_SOSS,2.2187394107890746,0.7406568060270405,0.04890476917047001
NIRISS_SOSS,2.2177525920823644,0.7408977316442263,0.04892067722883098
NIRISS_SOSS,2.2167657885549814,0.7399233389632885,0.04885633913221877
NIRISS_SOSS,2.2157790002026836,0.7407757745214707,0.048912624531699825
NIRISS_SOSS,2.2147922270211193,0.741831732606262,0.048982348303857434
NIRISS_SOSS,2.2138054690058273,0.7403508250765526,0.04888456557869524
NIRISS_SOSS,2.2128187261522365,0.7383884047534782,0.048754989083705354
NIRISS_SOSS,2.211831998455668,0.7307719421692279,0.048252082283217944
NIRISS_SOSS,2.2108452859113354,0.7414773167309705,0.048958946606295975
NIRISS_SOSS,2.2098585885143454,0.7136487927841877,0.047121459218213264
NIRISS_SOSS,2.208871906259701,0.698381351236136,0.046113366537966084
NIRISS_SOSS,2.2078852391422985,0.7316720930712949,0.04831151827533461
NIRISS_SOSS,2.206898587156931,0.7238883907201336,0.047797568813616846
NIRISS_SOSS,2.2059119502982902,0.7179546826630018,0.04740577247758427
NIRISS_SOSS,2.204925328560957,0.7386023555659426,0.04876911602483687
NIRISS_SOSS,2.203938721939442,0.7331468226430026,0.04840889307660065
NIRISS_SOSS,2.2029521304280597,0.7467858104547361,0.049309460714977736
NIRISS_SOSS,2.201965554021297,0.7452717800712969,0.04920949092354849
NIRISS_SOSS,2.2009789927128365,0.7454230159178671,0.04921947686319912
NIRISS_SOSS,2.1999924464977787,0.7452199816373315,0.049206070728883625
NIRISS_SOSS,2.1990059154583337,0.7430012172795167,0.04905956811406983
NIRISS_SOSS,2.1980193996130084,0.7391436691697924,0.048804858377610366
NIRISS_SOSS,2.1970328988430614,0.7491539375768778,0.04946582559184411
NIRISS_SOSS,2.1960464131408015,0.7515350122013685,0.049623045378310415
NIRISS_SOSS,2.1950599425005715,0.7523071720784449,0.049674030261246525
NIRISS_SOSS,2.1940734869155927,0.7534254248912025,0.049747867287028395
NIRISS_SOSS,2.193087046379395,0.7534281196146193,0.049748045216705956
NIRISS_SOSS,2.1921006208852782,0.7489521055224675,0.04945249883922156
NIRISS_SOSS,2.1911142104264965,0.751531568980793,0.049622818026173666
NIRISS_SOSS,2.1901278149962,0.7466656241905872,0.04930152494572829
NIRISS_SOSS,2.189141434587457,0.7414804272979202,0.048959151993673
NIRISS_SOSS,2.188155069193244,0.7386005194944214,0.048768994791016845
NIRISS_SOSS,2.1871687188064546,0.7474314549611443,0.04935209192459484
NIRISS_SOSS,2.1861823834198932,0.7212611222788731,0.04762409311525945
NIRISS_SOSS,2.1851960630262814,0.7547318414257175,0.04983412856018628
NIRISS_SOSS,2.1842097576182544,0.7525914535353098,0.049692801058887605
NIRISS_SOSS,2.1832234671883666,0.7529658914889524,0.04971752479266355
NIRISS_SOSS,2.1822371917290893,0.7485024662168308,0.04942280964137285
NIRISS_SOSS,2.1812509312328103,0.7550651151167321,0.04985613426214842
NIRISS_SOSS,2.1802646856918395,0.7494074668429618,0.049482565855532915
NIRISS_SOSS,2.1792784550984043,0.7438962072819584,0.04911866333755676
NIRISS_SOSS,2.178292239444655,0.7034108124545079,0.0464454564316048
NIRISS_SOSS,2.1773060387226635,0.754083291269633,0.04979130549365845
NIRISS_SOSS,2.1763198529244234,0.7265241517947346,0.04797160527138373
NIRISS_SOSS,2.1753336820418516,0.7195159354973728,0.04750886031645963
NIRISS_SOSS,2.1743475260667915,0.7583575450825731,0.050073529857759154
NIRISS_SOSS,2.1733613849910096,0.7555853772678681,0.04989048661022973
NIRISS_SOSS,2.1723752588061997,0.7630137911964805,0.050380976761032766
NIRISS_SOSS,2.171389147503982,0.7527404046681001,0.04970263614135429
NIRISS_SOSS,2.1704030510759043,0.7557874210249821,0.04990382734135323
NIRISS_SOSS,2.169416969513444,0.7532959585918675,0.049739318767075824
NIRISS_SOSS,2.1684309028080087,0.7505125022715314,0.049555530151708466
NIRISS_SOSS,2.1674448509509334,0.7383645200448059,0.048753412002181466
NIRISS_SOSS,2.166458813933486,0.725659376901577,0.04791450511893775
NIRISS_SOSS,2.165472791746868,0.722079913635311,0.047678157024426994
NIRISS_SOSS,2.1644867843822118,0.7378728588956511,0.048720948147378755
NIRISS_SOSS,2.1635007918305855,0.7516388919479879,0.04962990444581452
NIRISS_SOSS,2.1625148140829884,0.7330582133992775,0.04840304230391419
NIRISS_SOSS,2.161528851130359,0.7349533977204058,0.04852817927829432
NIRISS_SOSS,2.1605429029635705,0.7604929818392944,0.05021453044104654
NIRISS_SOSS,2.1595569695734342,0.7673999524321041,0.050670590251420115
NIRISS_SOSS,2.158571050950698,0.7690212034938929,0.05077763970846819
NIRISS_SOSS,2.1575851470860505,0.7708998863274911,0.05090168710744435
NIRISS_SOSS,2.156599257970118,0.7708618269358082,0.05089917408690653
NIRISS_SOSS,2.15561338359347,0.7736912110906713,0.05108599526759668
NIRISS_SOSS,2.154627523946616,0.7703253169908608,0.050863748914543566
NIRISS_SOSS,2.153641679020007,0.7754072535841152,0.051199303700524966
NIRISS_SOSS,2.1526558488040397,0.769766828140164,0.0508268724987659
NIRISS_SOSS,2.151670033289052,0.7785092567014972,0.05140412561694722
NIRISS_SOSS,2.1506842324653292,0.7759727029099112,0.05123663970895778
NIRISS_SOSS,2.1496984463231006,0.7736437270384353,0.051082859946898915
NIRISS_SOSS,2.148712674852544,0.7773952700667175,0.05133057028229078
NIRISS_SOSS,2.1477269180437824,0.7733566940371438,0.05106390746775035
NIRISS_SOSS,2.146741175886889,0.7681745729588346,0.05072173760839597
NIRISS_SOSS,2.145755448371885,0.7662896022842024,0.05059727503006569
NIRISS_SOSS,2.1447697354887434,0.7742270637895898,0.05112137704271403
NIRISS_SOSS,2.143784037227385,0.778650730316806,0.05141346696700853
NIRISS_SOSS,2.1427983535776858,0.7524960429462227,0.04968650120071071
NIRISS_SOSS,2.141812684529473,0.8022030487116592,0.05296860111977247
NIRISS_SOSS,2.140827030072526,0.7719388824885193,0.05097029090209068
NIRISS_SOSS,2.1398413901965805,0.7976498439765056,0.052667957927478026
NIRISS_SOSS,2.1388557648913267,0.7324660901521437,0.048363945045256866
NIRISS_SOSS,2.1378701541464102,0.6779594984597179,0.044764933649836275
NIRISS_SOSS,2.136884557951435,0.7539024239155819,0.04977936301756377
NIRISS_SOSS,2.13589897629596,0.7902217619684533,0.05217748969303118
NIRISS_SOSS,2.1349134091695117,0.7538887454930692,0.049778459846094664
NIRISS_SOSS,2.1339278565615447,0.8068350159203102,0.05327444491314739
NIRISS_SOSS,2.1329423184615726,0.802733379470623,0.05300361828715698
NIRISS_SOSS,2.1319567948587816,0.7776889097324267,0.051349958992357225
NIRISS_SOSS,2.130971285743101,0.7774851655974059,0.051336505987116546
NIRISS_SOSS,2.129985791102576,0.7983083737431552,0.052711439936915884
NIRISS_SOSS,2.1290003109328475,0.80664234630972,0.05326172314679704
NIRISS_SOSS,2.1280148454223076,0.8045311134687714,0.053122320721933694
NIRISS_SOSS,2.127029394356563,0.8118927406817323,0.053608401018015873
NIRISS_SOSS,2.1260439577227133,0.8117941527418532,0.05360189136279696
NIRISS_SOSS,2.125058535511337,0.8078214545354356,0.0533395783897873
NIRISS_SOSS,2.124073127710927,0.8066452381102509,0.05326191408926364
NIRISS_SOSS,2.1230877343108077,0.8040102000387329,0.05308792537060967
NIRISS_SOSS,2.122102355299952,0.804649241303519,0.053130120575312384
NIRISS_SOSS,2.1211169906674163,0.8034242701321153,0.05304923705153931
NIRISS_SOSS,2.1201316404021915,0.8037523322303569,0.05307089863765791
NIRISS_SOSS,2.1191463044932517,0.8022803796289918,0.05297370719674512
NIRISS_SOSS,2.1181609829295414,0.803058456740972,0.053025082788312736
NIRISS_SOSS,2.11717567569998,0.7951005463161795,0.052499630555596005
NIRISS_SOSS,2.1161903827934614,0.7798091021313903,0.05148995300716213
NIRISS_SOSS,2.1152051041988544,0.7928903576594906,0.05235369418506784
NIRISS_SOSS,2.1142198399050063,0.8038371853494468,0.05307650139749043
NIRISS_SOSS,2.113234589900741,0.804885977846362,0.05314575203361768
NIRISS_SOSS,2.1122493541748604,0.8107586285581703,0.053533516819065825
NIRISS_SOSS,2.111264132716145,0.8138853552141179,0.053739971204044085
NIRISS_SOSS,2.110278925513357,0.8053848195482155,0.05317869001256183
NIRISS_SOSS,2.1092937325552383,0.8036427309483223,0.05306366178334823
NIRISS_SOSS,2.1083085538305126,0.8088591652929893,0.053408097310630134
NIRISS_SOSS,2.1073233893278864,0.7950549432464341,0.05249661943414108
NIRISS_SOSS,2.1063382390360506,0.7855352529315183,0.05186804456162675
NIRISS_SOSS,2.1053531029436785,0.8117852558724844,0.053601303912119015
NIRISS_SOSS,2.10436798103943,0.81065768379854,0.05352685154558354
NIRISS_SOSS,2.103382873311951,0.8125699991949457,0.05365311966636679
NIRISS_SOSS,2.102397779749873,0.814493909692732,0.053780153399174274
NIRISS_SOSS,2.1014127003418164,0.814269734411035,0.053765351347379295
NIRISS_SOSS,2.1004276350763895,0.824812780686589,0.05446149730899586
NIRISS_SOSS,2.0994425839421913,0.7526974732928309,0.049699801429000844
NIRISS_SOSS,2.098457546927809,0.7047163965972386,0.04653166274283195
NIRISS_SOSS,2.097472524021823,0.7820386902275052,0.051637170301728846
NIRISS_SOSS,2.0964875152128046,0.8230892342169671,0.05434769339662304
NIRISS_SOSS,2.095502520489318,0.8175081095665244,0.05397917776222873
NIRISS_SOSS,2.094517539839922,0.8281815627289176,0.054683934349775164
NIRISS_SOSS,2.093532573253168,0.8256637234794668,0.05451768414279571
NIRISS_SOSS,2.0925476207176046,0.8086124372000077,0.05339180612105766
NIRISS_SOSS,2.091562682221776,0.819793992919678,0.05413011217183235
NIRISS_SOSS,2.090577757754225,0.8221593971296502,0.05428629725774828
NIRISS_SOSS,2.0895928473034897,0.826937009674193,0.05460175785539014
NIRISS_SOSS,2.0886079508581084,0.8279194798747733,0.05466662930190257
NIRISS_SOSS,2.0876230684066193,0.8283982045066025,0.0546982389724346
NIRISS_SOSS,2.086638199937561,0.8299460639569475,0.05480044246062436
NIRISS_SOSS,2.0856533454394732,0.8315968548974774,0.05490944240396974
NIRISS_SOSS,2.084668504900898,0.7527999681302616,0.04970656905244658
NIRISS_SOSS,2.083683678310382,0.825552998723722,0.05451037310673002
NIRISS_SOSS,2.082698865656472,0.838412392650747,0.05535946500267399
NIRISS_SOSS,2.0817140669277245,0.8213594212043385,0.05423347571118184
NIRISS_SOSS,2.0807292821126984,0.7891356648656468,0.05210577587405694
NIRISS_SOSS,2.0797445111999595,0.8372047743683232,0.0552797272714233
NIRISS_SOSS,2.0787597541780816,0.8381373702821796,0.0553413055726356
NIRISS_SOSS,2.077775011035647,0.8430466257141428,0.05566545840799113
NIRISS_SOSS,2.0767902817612462,0.843433185811639,0.05569098255383672
NIRISS_SOSS,2.0758055663434805,0.8371350081146669,0.05527512068102518
NIRISS_SOSS,2.074820864770962,0.8342046258016423,0.05508163070100539
NIRISS_SOSS,2.0738361770323133,0.8339979556424789,0.05506798449354997
NIRISS_SOSS,2.072851503116171,0.8071037302499405,0.05329218783018593
NIRISS_SOSS,2.0718668430111835,0.8011182254312095,0.05289697140991302
NIRISS_SOSS,2.0708821967060147,0.832281498276922,0.05495464866706403
NIRISS_SOSS,2.069897564189345,0.8179273402509147,0.05400685911165055
NIRISS_SOSS,2.0689129454498625,0.841122443850505,0.05553840675718948
NIRISS_SOSS,2.0679283404762976,0.8370115077541567,0.05526696608557142
NIRISS_SOSS,2.0669437492573226,0.8400165400698573,0.055465385124663834
NIRISS_SOSS,2.0659591717818437,0.8452868949704643,0.0558133809680332
NIRISS_SOSS,2.0649746080382227,0.848743149960721,0.05604159375311442
NIRISS_SOSS,2.0639900580160804,0.8385466828387014,0.05536833203878346
NIRISS_SOSS,2.0630055217791217,0.8347924363666259,0.05512044319791699
NIRISS_SOSS,2.0620209993761174,0.8404065099644841,0.0554911344157322
NIRISS_SOSS,2.0610364906615635,0.8414971863920586,0.055563150602576314
NIRISS_SOSS,2.0600519956224246,0.8429224904931862,0.0556572618933876
NIRISS_SOSS,2.059067514248649,0.8272798107309476,0.05462439263902483
NIRISS_SOSS,2.058083046528735,0.8521726585716758,0.056268040503649995
NIRISS_SOSS,2.05709859245179,0.8564133378371369,0.056548047976633105
NIRISS_SOSS,2.056114152006743,0.8535459358518909,0.0563587165196529
NIRISS_SOSS,2.0551297251826175,0.854112013342451,0.05639609400512683
NIRISS_SOSS,2.0541453119684454,0.8566222725931192,0.05656184371297125
NIRISS_SOSS,2.053160912353295,0.8568805472270475,0.05657889730817496
NIRISS_SOSS,2.052176526326262,0.8553920217027163,0.05648061157505349
NIRISS_SOSS,2.0511921538764764,0.8547995166526821,0.0564414891063629
NIRISS_SOSS,2.050207794993098,0.8601764142385064,0.056796519848196655
NIRISS_SOSS,2.0492234496653197,0.8590873839477609,0.05672461235398993
NIRISS_SOSS,2.0482391178823693,0.8585803259892022,0.05669113186448714
NIRISS_SOSS,2.047254799633509,0.859320868836411,0.05674002910907989
NIRISS_SOSS,2.046270494908037,0.8681317881083622,0.05732180459492979
NIRISS_SOSS,2.045286203695288,0.8628599762471111,0.05697371255002226
NIRISS_SOSS,2.0443019259846342,0.8107847070125643,0.053535238751251
NIRISS_SOSS,2.043317661765484,0.8653682374251016,0.057139330327285215
NIRISS_SOSS,2.0423334110272875,0.8666768604737529,0.05722573729418901
NIRISS_SOSS,2.0413491737595333,0.8613423892753826,0.05687350792090854
NIRISS_SOSS,2.0403649499517504,0.8634748442215052,0.057014311618461745
NIRISS_SOSS,2.039380739593511,0.8602929851924609,0.05680421690241763
NIRISS_SOSS,2.038396542674429,0.8586387456332766,0.05669498925050618
NIRISS_SOSS,2.037412359184161,0.8655007895356862,0.057148082600022666
NIRISS_SOSS,2.036428189112408,0.8402955473345625,0.055483807673091474
NIRISS_SOSS,2.035444032448916,0.8640525411958175,0.05705245632590158
NIRISS_SOSS,2.0344598891834784,0.8507930427747471,0.05617694596223256
NIRISS_SOSS,2.033475759305933,0.8677216369855059,0.05729472275915231
NIRISS_SOSS,2.032491642806167,0.8639363916855407,0.057044787099151575
NIRISS_SOSS,2.0315075396741142,0.8651144666737952,0.05712257411858793
NIRISS_SOSS,2.0305234498997593,0.8436512246381673,0.055705379422122815
NIRISS_SOSS,2.0295393734731375,0.86555547187786,0.057151693216032605
NIRISS_SOSS,2.028555310384334,0.868502495811818,0.05734628202431368
NIRISS_SOSS,2.027571260623485,0.8714277548235118,0.05753943371827853
NIRISS_SOSS,2.0265872241807816,0.875669359215066,0.05781950227633865
NIRISS_SOSS,2.0256032010464664,0.8748330727317482,0.05776428318283376
NIRISS_SOSS,2.0246191912108378,0.8749879030933593,0.05777450646443133
NIRISS_SOSS,2.0236351946642483,0.8722117723438015,0.05759120154859261
NIRISS_SOSS,2.022651211397109,0.8773892710087667,0.057933066194984985
NIRISS_SOSS,2.0216672413998853,0.8744662665403768,0.05774006336608012
NIRISS_SOSS,2.0206832846631007,0.879219537559593,0.058053916719087675
NIRISS_SOSS,2.0196993411773385,0.8797574982538663,0.05808943768286217
NIRISS_SOSS,2.0187154109332415,0.8823494840980415,0.05826058370943076
NIRISS_SOSS,2.017731493921513,0.8785574160208922,0.058010197548819524
NIRISS_SOSS,2.016747590132915,0.855532810762258,0.05648990772463665
NIRISS_SOSS,2.0157636995582764,0.8820480370915389,0.05824067948908177
NIRISS_SOSS,2.0147798221884843,0.8838497713058348,0.05835964605381143
NIRISS_SOSS,2.013795958014493,0.8909850385675834,0.05883078004672945
NIRISS_SOSS,2.0128121070273193,0.8834454565923466,0.058332949589842614
NIRISS_SOSS,2.011828269218046,0.8883819819946037,0.05865890303189163
NIRISS_SOSS,2.0108444445778244,0.8822508121148936,0.05825406850492556
NIRISS_SOSS,2.0098606330978703,0.8868416458991693,0.058557196302703195
NIRISS_SOSS,2.0088768347694668,0.8884436762839601,0.058662976639202814
NIRISS_SOSS,2.007893049583973,0.8801320592763757,0.058114169542742504
NIRISS_SOSS,2.006909277532801,0.8935469673186254,0.058999941435892905
NIRISS_SOSS,2.0059255186074747,0.8893860360995077,0.05872519964030111
NIRISS_SOSS,2.004941772799474,0.9004397176901076,0.05945506230040664
NIRISS_SOSS,2.0039580401006796,0.9185521554222426,0.06065100700677613
NIRISS_SOSS,2.0029743205021893,0.9246102682032024,0.061051017652395845
NIRISS_SOSS,2.001990613997018,0.9285560335686955,0.061311552279000266
NIRISS_SOSS,2.0010069206663332,0.9287522021766461,0.061324505080368255
NIRISS_SOSS,2.0000232405339804,0.9256944513088807,0.06112260509220638
NIRISS_SOSS,1.9990395734710285,0.8916840719395991,0.058876936465495466
NIRISS_SOSS,1.9980559194677352,0.907475788721857,0.05991964647336592
NIRISS_SOSS,1.997072278517248,0.901671322673203,0.0595363838476028
NIRISS_SOSS,1.9960886506114215,0.8978153968464909,0.059281781228738964
NIRISS_SOSS,1.9951050357427305,0.8918718815220997,0.05888933732943873
NIRISS_SOSS,1.9941214339035382,0.8774036061771353,0.05793401273067382
NIRISS_SOSS,1.9931378450863548,0.8815561569937469,0.05820820117733696
NIRISS_SOSS,1.992154269283752,0.8921506255257446,0.05890774249502282
NIRISS_SOSS,1.9911707064883912,0.8968977419363516,0.05922118946586941
NIRISS_SOSS,1.9901871566930167,0.8960838964448152,0.05916745212682096
NIRISS_SOSS,1.9892036198904588,0.8552382969457757,0.056470461295338524
NIRISS_SOSS,1.9882200960736325,0.8955751989201657,0.05913386337853953
NIRISS_SOSS,1.9872365852355414,0.8798605097288853,0.058096239419330016
NIRISS_SOSS,1.9862530873692754,0.8476225902119628,0.05596760440283936
NIRISS_SOSS,1.9852696024680143,0.8394541769100575,0.055428252892439425
NIRISS_SOSS,1.9842861305250263,0.8928314344142422,0.058952695570820196
NIRISS_SOSS,1.9833026715336706,0.8993663152538649,0.059384186696558414
NIRISS_SOSS,1.9823192254873978,0.8962655456345608,0.05917944622668236
NIRISS_SOSS,1.98133579237975,0.8928896924600785,0.058956542286682075
NIRISS_SOSS,1.9803523722043626,0.8907901892581918,0.05881791435722079
NIRISS_SOSS,1.9793689649549637,0.8791912000895166,0.05805204562653619
NIRISS_SOSS,1.9783855706253777,0.8674184731624556,0.05727470517926043
NIRISS_SOSS,1.9774021892095235,0.8876727423079283,0.058612072701189
NIRISS_SOSS,1.9764188207014168,0.8943883455873989,0.059055496734493534
NIRISS_SOSS,1.9754354650951693,0.8929788764663614,0.05896243101031962
NIRISS_SOSS,1.974452122384992,0.8881041542358511,0.05864055836496846
NIRISS_SOSS,1.9734687925651948,0.8753046494108632,0.05779542088176615
NIRISS_SOSS,1.9724854756301862,0.8807766560539798,0.05815673157195797
NIRISS_SOSS,1.9715021715744763,0.9052546452643325,0.05977298676916715
NIRISS_SOSS,1.9705188803926763,0.8487283742472556,0.056040618128708516
NIRISS_SOSS,1.9695356020795,0.9096940513720051,0.060066115960964214
NIRISS_SOSS,1.9685523366297635,0.9151517706664333,0.06042648327294904
NIRISS_SOSS,1.9675690840383877,0.9113968641660795,0.060178550851128026
NIRISS_SOSS,1.9665858443003983,0.920329617460575,0.060768370905935044
NIRISS_SOSS,1.9656026174109265,0.9135253382552918,0.06031909169699781
NIRISS_SOSS,1.9646194033652098,0.9060297797025412,0.059824168059163005
NIRISS_SOSS,1.9636362021585938,0.9122364972664756,0.060233990918145054
NIRISS_SOSS,1.9626530137865317,0.9106633175404237,0.06013011555949019
NIRISS_SOSS,1.961669838244586,0.9131579544402685,0.060294833740378126
NIRISS_SOSS,1.9606866755284298,0.9110406898183205,0.06015503304352827
NIRISS_SOSS,1.9597035256338458,0.9163768958831838,0.06050737696817004
NIRISS_SOSS,1.95872038855673,0.9119710363145784,0.06021646281812537
NIRISS_SOSS,1.957737264293089,0.9061674176428899,0.059833256143748306
NIRISS_SOSS,1.9567541528390449,0.9211419334250059,0.06082200725196024
NIRISS_SOSS,1.955771054190832,0.920457315230922,0.06077680265182813
NIRISS_SOSS,1.9547879683448013,0.9176731056489974,0.06059296429941142
NIRISS_SOSS,1.9538048952974187,0.8807653477155484,0.05815598489458163
NIRISS_SOSS,1.9528218350452677,0.813369771362485,0.05370592775902752
NIRISS_SOSS,1.9518387875850487,0.8517568611193118,0.0562405858468318
NIRISS_SOSS,1.950855752913581,0.8811309391591077,0.05818012450284889
NIRISS_SOSS,1.949872731027803,0.8958004618001509,0.059148737243275136
NIRISS_SOSS,1.948889721924777,0.9038587983848876,0.059680820506896846
NIRISS_SOSS,1.947906725601669,0.9013684939380977,0.05951638839320611
NIRISS_SOSS,1.9469237420558263,0.88050495064734,0.05813879115733414
NIRISS_SOSS,1.9459407712845378,0.8625588802422839,0.0569538315059349
NIRISS_SOSS,1.9449578132857275,0.8063011250163413,0.0532391926732323
NIRISS_SOSS,1.9439748680561375,0.7788100333564993,0.05142398557471045
NIRISS_SOSS,1.9429919355953553,0.8081117585916339,0.053358746853159396
NIRISS_SOSS,1.942009016014578,0.9077448644971455,0.059937413256271
NIRISS_SOSS,1.9410261092999535,0.9161108482640771,0.06048981013114796
NIRISS_SOSS,1.940043215348259,0.9101250516233645,0.0600945744421847
NIRISS_SOSS,1.9390603341562571,0.9027628811437356,0.05960845827479103
NIRISS_SOSS,1.9380774657231816,0.8770787191712669,0.05791256079247628
NIRISS_SOSS,1.9370946100472903,0.9375944426867793,0.06190834867375589
NIRISS_SOSS,1.9361117671274037,0.9042635860290195,0.059707548197965414
NIRISS_SOSS,1.9351289369623206,0.9225399857133296,0.0609143191349975
NIRISS_SOSS,1.9341461195510252,0.9305820204840947,0.061445326007444706
NIRISS_SOSS,1.9331633148926182,0.9308129210747943,0.06146057212413141
NIRISS_SOSS,1.9321805229863411,0.919276447999141,0.06069883126356668
NIRISS_SOSS,1.9311977438315686,0.9151094055657836,0.060423685951097275
NIRISS_SOSS,1.9302149774278134,0.9289994326603574,0.06134082944225816
NIRISS_SOSS,1.9292322237747246,0.925152673265607,0.061086832072999205
NIRISS_SOSS,1.9282494828720902,0.9293711659631895,0.06136537459086146
NIRISS_SOSS,1.927266754719836,0.9397035924603632,0.06204761355593036
NIRISS_SOSS,1.9262840393180294,0.9282128346478767,0.06128889122483103
NIRISS_SOSS,1.9253013366668772,0.9159422232992515,0.06047867600679499
NIRISS_SOSS,1.9243186467667281,0.9490440268322217,0.06266435235207798
NIRISS_SOSS,1.9233359696180743,0.9362543699137258,0.06181986511550798
NIRISS_SOSS,1.9223533052215498,0.9341125148644963,0.06167844073929648
NIRISS_SOSS,1.9213706535779338,0.9039975685022186,0.0596899833479058
NIRISS_SOSS,1.9203880146881498,0.9160022706705591,0.060482640869885695
NIRISS_SOSS,1.919405388553268,0.9354043426017498,0.06176373872992358
NIRISS_SOSS,1.9184227751745047,0.9555402712021964,0.06309329235344345
NIRISS_SOSS,1.9174401745532237,0.9069155454865523,0.05988265421746691
NIRISS_SOSS,1.916457586690938,0.8880650140976938,0.05863797398390788
NIRISS_SOSS,1.9154750115893093,0.9586919641669218,0.06330139523683269
NIRISS_SOSS,1.9144924492501498,0.9542910244347632,0.06301080593827636
NIRISS_SOSS,1.9135098996754214,0.9524605341272424,0.06288994063976074
NIRISS_SOSS,1.9125273628672401,0.9406052169673635,0.06210714684858963
NIRISS_SOSS,1.9115448388278728,0.9467683758672037,0.06251409357601444
NIRISS_SOSS,1.9105623275597405,0.9511031969525675,0.06280031713171516
NIRISS_SOSS,1.9095798290654187,0.952307906890161,0.06287986282809702
NIRISS_SOSS,1.9085973433476382,0.9537035196746502,0.06297201363333016
NIRISS_SOSS,1.907614870409286,0.9549099152137842,0.0630516706281617
NIRISS_SOSS,1.9066324102534054,0.9583526612699845,0.06327899143291357
NIRISS_SOSS,1.9056499628831982,0.9522493988772243,0.06287599960717741
NIRISS_SOSS,1.904667528302025,0.9527508797748748,0.06290911184937033
NIRISS_SOSS,1.903685106513405,0.9466991397431144,0.0625095219894992
NIRISS_SOSS,1.9027026975210188,0.9526524163140204,0.062902610413367
NIRISS_SOSS,1.9017203013287076,0.9510887775633843,0.06279936503501687
NIRISS_SOSS,1.9007379179404749,0.9577110149764599,0.06323662422097606
NIRISS_SOSS,1.8997555473604875,0.9530927325264809,0.06293168401744
NIRISS_SOSS,1.8987731895930748,0.9517626338833142,0.06284385904021883
NIRISS_SOSS,1.8977908446427318,0.9556287211794166,0.06309913260993456
NIRISS_SOSS,1.8968085125141196,0.9419038333207138,0.06219289308420753
NIRISS_SOSS,1.8958261932120644,0.9344296449178263,0.061699380494293556
NIRISS_SOSS,1.8948438867415593,0.9509228909796877,0.06278841172301307
NIRISS_SOSS,1.8938615931077678,0.9549274509851747,0.06305282849621219
NIRISS_SOSS,1.892879312316019,0.954590770753191,0.0630305978640281
NIRISS_SOSS,1.8918970443718148,0.9646591740443344,0.06369540366188449
NIRISS_SOSS,1.890914789280825,0.9579104758830139,0.06324979440926594
NIRISS_SOSS,1.8899325470488948,0.9534625999578493,0.06295610596456525
NIRISS_SOSS,1.8889503176820337,0.9579383310234842,0.06325163365411433
NIRISS_SOSS,1.8879681011864426,0.9562483502879421,0.06314004605091986
NIRISS_SOSS,1.8869858975684566,0.9522428369653956,0.06287556633122465
NIRISS_SOSS,1.8860037068827709,0.9515514900567886,0.06282991744133798
NIRISS_SOSS,1.8850215292689605,0.9644049914222211,0.06367862025780255
NIRISS_SOSS,1.8840393645549356,0.9650153927045706,0.06371892439538927
NIRISS_SOSS,1.883057212745029,0.9701984430551873,0.06406115561359073
NIRISS_SOSS,1.8820750738481324,0.9674025813556283,0.0638765478844281
NIRISS_SOSS,1.8810929478709881,0.9652419540486796,0.06373388399630894
NIRISS_SOSS,1.8801108348214657,0.9042979106882899,0.05970981461815465
NIRISS_SOSS,1.8791287347072718,0.9447814372967145,0.06238289816762156
NIRISS_SOSS,1.8781466475364117,0.930600472643682,0.06144654438361835
NIRISS_SOSS,1.8771645733170361,0.9118378569842758,0.06020766913074718
NIRISS_SOSS,1.87618251205749,0.8563350140279247,0.05654287634008173
NIRISS_SOSS,1.8752004637663,0.8770075818191995,0.057907863669930525
NIRISS_SOSS,1.8742184284521777,0.929940598136661,0.06140297358242577
NIRISS_SOSS,1.8732364061240219,0.9329706293217523,0.06160304326987128
NIRISS_SOSS,1.8722543967909175,0.9562879003933704,0.06314265750167668
NIRISS_SOSS,1.8712724004621373,0.9695792421271928,0.06402027044490356
NIRISS_SOSS,1.8702904171471428,0.9759746351436852,0.06444255134029384
NIRISS_SOSS,1.8693084468555845,0.9765415675552673,0.06447998527527973
NIRISS_SOSS,1.8683264895973035,0.9387702042296912,0.06198598293889424
NIRISS_SOSS,1.867344545382332,0.9800248271109884,0.06470998114266012
NIRISS_SOSS,1.8663626142208947,0.9299311253698636,0.061402348105862446
NIRISS_SOSS,1.8653806961234078,0.9858036376680173,0.065091549764013
NIRISS_SOSS,1.8643987911004831,0.9915981926657024,0.06547415797378221
NIRISS_SOSS,1.8634168991629254,0.9593294732050032,0.06334348927026053
NIRISS_SOSS,1.8624350203217352,0.9948346946985025,0.065687860708363
NIRISS_SOSS,1.8614531545881097,0.9818073551040839,0.06482767954134203
NIRISS_SOSS,1.8604713019734427,0.9480985396837122,0.06260192285656098
NIRISS_SOSS,1.8594894624893268,0.9807918493216147,0.06476062679102797
NIRISS_SOSS,1.8585076361475523,0.9806804176799055,0.06475326908004533
NIRISS_SOSS,1.8575258229601097,0.9897579759093634,0.06535265044835335
NIRISS_SOSS,1.85654402293919,0.99093349094097,0.06543026843661638
NIRISS_SOSS,1.8555622360971862,0.9834684771006331,0.0649373616331613
NIRISS_SOSS,1.8545804624466922,1.0008715714525134,0.06608646916205309
NIRISS_SOSS,1.8535987020005056,0.9986393533368563,0.06593907821013578
NIRISS_SOSS,1.852616954771628,0.996652702912902,0.06580790182774748
NIRISS_SOSS,1.8516352207732663,1.0001096724417107,0.06603616179303776
NIRISS_SOSS,1.850653500018832,0.977961015039364,0.06457370985999221
NIRISS_SOSS,1.8496717925219437,0.9896366522471762,0.06534463957793955
NIRISS_SOSS,1.848690098296427,0.9374379048870096,0.06189801265186034
NIRISS_SOSS,1.847708417356316,0.9244330017200652,0.06103931293791953
NIRISS_SOSS,1.8467267497158537,0.9695671665441877,0.06401947310719647
NIRISS_SOSS,1.845745095389493,0.9741339631018485,0.06432101375285516
NIRISS_SOSS,1.844763454391897,0.9793080785315857,0.06466265500787852
NIRISS_SOSS,1.8437818267379416,0.9520009364113085,0.06285959389883279
NIRISS_SOSS,1.8428002124427136,0.9798735356885595,0.06469999153339555
NIRISS_SOSS,1.8418186115215147,0.9840311202959723,0.06497451235583
NIRISS_SOSS,1.8408370239898604,0.9806354636819576,0.06475030081610035
NIRISS_SOSS,1.8398554498634796,0.9572327495056012,0.06320504486834712
NIRISS_SOSS,1.838873889158318,0.9506376490213213,0.06276957750449495
NIRISS_SOSS,1.837892341890541,0.9791596003703701,0.0646528511552142
NIRISS_SOSS,1.8369108080765217,0.9998903275582893,0.06602167868722525
NIRISS_SOSS,1.8359292877328772,1.0246029058242216,0.0676534235464745
NIRISS_SOSS,1.8349477808763737,1.0360257059169158,0.06840765870271397
NIRISS_SOSS,1.8339662875241844,1.0319538424652879,0.06813879795563772
NIRISS_SOSS,1.8329848076932735,1.0346044898718572,0.0683138173418308
NIRISS_SOSS,1.8320033414471735,1.0331695726585297,0.06821907130760081
NIRISS_SOSS,1.8310218889629946,1.0358002406348294,0.06839277147358618
NIRISS_SOSS,1.830040450056087,1.0306379062820659,0.06805190811035465
NIRISS_SOSS,1.829059024741444,1.0156442431704646,0.06706189272465134
NIRISS_SOSS,1.828077613039383,1.0221254556099901,0.06748984018388011
NIRISS_SOSS,1.8270962149676995,1.03320420842561,0.0682213582699028
NIRISS_SOSS,1.826114830545541,1.0400737821982677,0.06867494880862132
NIRISS_SOSS,1.825133459791873,1.0207859119177756,0.0674013915602687
NIRISS_SOSS,1.8241521027260295,0.9809985650360687,0.06477427600645004
NIRISS_SOSS,1.823170759367528,1.0090607617326877,0.06662719255389397
NIRISS_SOSS,1.822189429736131,1.0113193478887081,0.06677632455904531
NIRISS_SOSS,1.8212081138518288,0.9601719782877512,0.0633991189711712
NIRISS_SOSS,1.8202268117348435,0.9997463679591284,0.06601217319033445
NIRISS_SOSS,1.8192455234056306,0.9949808371360568,0.06569751033571597
NIRISS_SOSS,1.81826424888488,0.9876018673317991,0.0652102849270563
NIRISS_SOSS,1.8172829881935155,0.9652807640455221,0.06373644657849498
NIRISS_SOSS,1.816301741352697,1.003748272347548,0.06627641461600603
NIRISS_SOSS,1.8153205083838195,1.0101458358366258,0.06669883882535753
NIRISS_SOSS,1.8143392893085168,1.0218066002706954,0.06746878651011368
NIRISS_SOSS,1.8133580841486603,1.01729445493781,0.0671708544258167
NIRISS_SOSS,1.8123768929263597,0.9814867304181054,0.06480650903952453
NIRISS_SOSS,1.8113957156639655,1.012344688509339,0.06684402669310392
NIRISS_SOSS,1.810414552384067,1.017185230624027,0.06716364246231364
NIRISS_SOSS,1.8094334031094972,1.0128977377417774,0.06688054393676146
NIRISS_SOSS,1.8084522678633301,1.025415653831534,0.06770708841982466
NIRISS_SOSS,1.8074711466688833,1.0266508626879036,0.06778864792688179
NIRISS_SOSS,1.8064900395497183,1.0128759332360455,0.06687910420879162
NIRISS_SOSS,1.8055089465296414,1.0220926646513502,0.06748767503228748
NIRISS_SOSS,1.8045278676327048,0.9882049035396784,0.06525010275672827
NIRISS_SOSS,1.8035468028832071,1.0226591537964027,0.06752507969886305
NIRISS_SOSS,1.8025657523056948,0.9834086893004419,0.06493341390927114
NIRISS_SOSS,1.8015847159249616,0.9925371761466227,0.06553615803915071
NIRISS_SOSS,1.8006036937660517,1.0176731997685748,0.06719586253803864
NIRISS_SOSS,1.7996226858542583,1.032021284627754,0.06814325108880402
NIRISS_SOSS,1.7986416922151258,1.0428213380880755,0.06885636695732475
NIRISS_SOSS,1.7976607128744502,1.0482509121871808,0.06921487587245245
NIRISS_SOSS,1.7966797478582803,1.0478867609576692,0.06919083135996368
NIRISS_SOSS,1.7956987971929181,0.9932583450326358,0.06558377604200492
NIRISS_SOSS,1.7947178609049195,0.9326718187618513,0.06158331313124467
NIRISS_SOSS,1.793736939021096,0.9135522220120562,0.060320866802428964
NIRISS_SOSS,1.7927560315685147,0.9189466667887942,0.060677056166332
NIRISS_SOSS,1.7917751385744993,0.9362802158723678,0.061821571696249675
NIRISS_SOSS,1.7907942600666324,1.0546250283159246,0.06963575187791862
NIRISS_SOSS,1.7898133960727534,1.0563448827638664,0.0697493120100864
NIRISS_SOSS,1.7888325466209625,1.0632579668701343,0.07020577548915248
NIRISS_SOSS,1.7878517117396182,1.0605107320463554,0.07002437854009227
NIRISS_SOSS,1.7868708914573435,1.0640626268058444,0.07025890631586791
NIRISS_SOSS,1.785890085803015,1.05327819156624,0.0695468217015972
NIRISS_SOSS,1.7849092948057959,1.0339192403090682,0.06826857105310483
NIRISS_SOSS,1.7839285184950424,1.0367290474913746,0.06845409958743548
NIRISS_SOSS,1.7829477569005756,0.9925723769441192,0.06553848230980099
NIRISS_SOSS,1.7819670100519578,1.0424067383296656,0.06882899138294511
NIRISS_SOSS,1.7809862779801822,1.0655232888698043,0.07035535225478691
NIRISS_SOSS,1.7800055607977308,1.0218487304854393,0.06747156832270271
NIRISS_SOSS,1.7790248586559956,1.06285376703264,0.07017908661032149
NIRISS_SOSS,1.7780441713863269,1.0464928234433508,0.06909879117101103
NIRISS_SOSS,1.7770634990165086,1.0519990085738018,0.06946235862981698
NIRISS_SOSS,1.7760828415801089,1.0433052611814566,0.06888831987665997
NIRISS_SOSS,1.7751021991081282,1.0502766503866836,0.06934863317845481
NIRISS_SOSS,1.774121571632983,1.0446953217491708,0.06898010407501452
NIRISS_SOSS,1.77314095918695,1.0519251830527618,0.06945748401037655
NIRISS_SOSS,1.7721603618027186,1.0626833359930152,0.07016783323279967
NIRISS_SOSS,1.7711797795132096,1.0662984555928103,0.07040653567651307
NIRISS_SOSS,1.7701992123516317,1.0652723157805544,0.0703387807726944
NIRISS_SOSS,1.769218660351467,1.0805367390507798,0.07134667415931573
NIRISS_SOSS,1.7682381235464752,1.087307148892667,0.0717937170107587
NIRISS_SOSS,1.7672576019706943,1.0865556538089756,0.07174409660181678
NIRISS_SOSS,1.7662770956584415,1.0852418033072477,0.07165734447183074
NIRISS_SOSS,1.765296604644314,1.0437667498149297,0.06891879147283128
NIRISS_SOSS,1.7643161289631886,1.0749592310434781,0.0709783973279629
NIRISS_SOSS,1.7633356686502248,1.0670239187671517,0.07045443722658883
NIRISS_SOSS,1.7623552237408637,1.0661841013466145,0.07039898498911189
NIRISS_SOSS,1.7613747942708307,1.0826032589006072,0.07148312423365462
NIRISS_SOSS,1.760394380276134,1.085953173486527,0.07170431547665959
NIRISS_SOSS,1.759413981793067,1.03174351236733,0.06812491008637556
NIRISS_SOSS,1.7584335988582103,1.0852378896871313,0.07165708605972022
NIRISS_SOSS,1.7574532315084297,1.043709956618381,0.0689150414793862
NIRISS_SOSS,1.7564728797808782,1.0847474456026882,0.07162470256638628
NIRISS_SOSS,1.755492543712998,1.0175153642478894,0.06718544082903224
NIRISS_SOSS,1.7545122233425208,1.0826796461826271,0.07148816800340649
NIRISS_SOSS,1.7535319187074674,1.0823245069832825,0.07146471854553882
NIRISS_SOSS,1.7525516298461505,1.0780285548970405,0.07118106146788092
NIRISS_SOSS,1.7515713567971734,1.0897338614071246,0.07195395021782154
NIRISS_SOSS,1.7505910995994325,1.0932688187189477,0.07218735963221619
NIRISS_SOSS,1.7496108582921177,1.0961559078846281,0.07237799101246305
NIRISS_SOSS,1.7486306329147132,1.0795183735430696,0.07127943258443183
NIRISS_SOSS,1.747650423506999,1.0714463890603907,0.07074644816484545
NIRISS_SOSS,1.746670230109049,1.0863122272569656,0.0717280234094298
NIRISS_SOSS,1.7456900527612367,1.0910411915573621,0.0720402718160391
NIRISS_SOSS,1.7447098915042312,1.097603637153892,0.07247358301291257
NIRISS_SOSS,1.7437297463790005,1.0976884630345054,0.07247918397421789
NIRISS_SOSS,1.7427496174268127,1.0921765412504454,0.07211523773036835
NIRISS_SOSS,1.7417695046892356,1.0737592646169687,0.07089916484049608
NIRISS_SOSS,1.740789408208139,1.0912779089239035,0.07205590200815391
NIRISS_SOSS,1.7398093280256928,1.0947127905505787,0.07228270353311594
NIRISS_SOSS,1.7388292641843714,1.094556444759087,0.07227238018931965
NIRISS_SOSS,1.7378492167269506,1.0796045999694377,0.07128512602226107
NIRISS_SOSS,1.7368691856965186,1.0753270711807608,0.07100268541504866
NIRISS_SOSS,1.7358891711364401,1.0872306903779565,0.0717886685375892
NIRISS_SOSS,1.734909173090479,1.073944834696532,0.07091141783247852
NIRISS_SOSS,1.7339291916024275,1.0605348545175448,0.07002597132081843
NIRISS_SOSS,1.7329492267171702,1.022545089309375,0.06751754814394686
NIRISS_SOSS,1.7319692784778888,1.0937407885409023,0.07221852328994577
NIRISS_SOSS,1.7309893469323263,1.0651896336414395,0.07033332136032551
NIRISS_SOSS,1.7300094322812465,1.0656351403599356,0.07036273768790753
NIRISS_SOSS,1.729029534592044,1.1046579750019048,0.07293937332402595
NIRISS_SOSS,1.728049653735602,1.1132474820298184,0.0735065291984741
NIRISS_SOSS,1.7270697897548077,1.1277850746519924,0.07446643074220716
NIRISS_SOSS,1.7260899426978982,1.119009406429343,0.07388698284507998
NIRISS_SOSS,1.7251101126109956,1.1182077548355553,0.0738340506559334
NIRISS_SOSS,1.724130299541493,1.100077060793134,0.07263690050510814
NIRISS_SOSS,1.7231505035367594,1.115502025828467,0.07365539429113295
NIRISS_SOSS,1.7221707246445948,1.1185446788184383,0.07385629738272617
NIRISS_SOSS,1.7211909629130822,1.118754252863107,0.073870135330606
NIRISS_SOSS,1.7202112183906335,1.132791246688909,0.0747969828763411
NIRISS_SOSS,1.719231491125977,1.1307623802106221,0.07466301901346842
NIRISS_SOSS,1.7182517811681646,1.135738285574132,0.07499157267183806
NIRISS_SOSS,1.7172720885665669,1.1274624619012525,0.07444512897062011
NIRISS_SOSS,1.7162924133708783,1.1099864556038055,0.07329120714468994
NIRISS_SOSS,1.7153127556311167,1.0911680512804969,0.07204864822657965
NIRISS_SOSS,1.7143331153976233,1.138555360246556,0.07517758107069403
NIRISS_SOSS,1.7133534927210652,1.0854239730400108,0.07166937294258552
NIRISS_SOSS,1.712373887652434,1.0826577379545772,0.07148672142676397
NIRISS_SOSS,1.7113943002430496,1.0828330580996597,0.07149829762664012
NIRISS_SOSS,1.7104147305445574,1.1274093737089863,0.07444162361460727
NIRISS_SOSS,1.7094351786089326,1.1117351549625658,0.0734066718751735
NIRISS_SOSS,1.7084556444884795,1.1389375989219706,0.07520281987770568
NIRISS_SOSS,1.7074761282358322,1.1336577828173824,0.07485419932125326
NIRISS_SOSS,1.7064966299039546,1.1372323505885273,0.07509022417150714
NIRISS_SOSS,1.7055171495461443,1.1400752144844473,0.07527793540494439
NIRISS_SOSS,1.7045376872160303,1.1456905382203426,0.07564870916802434
NIRISS_SOSS,1.7035582429675744,1.1433621010471553,0.0754949649756318
NIRISS_SOSS,1.7025788168550748,1.138690370144375,0.07518649562846876
NIRISS_SOSS,1.7015994089331623,1.1270111158674903,0.07441532707935612
NIRISS_SOSS,1.7006200192568055,1.0713280932381526,0.07073863721943414
NIRISS_SOSS,1.6996406478813084,1.1465558972095042,0.07570584788769877
NIRISS_SOSS,1.6986612948623143,1.0941879164036834,0.07224804665993449
NIRISS_SOSS,1.697681960255804,1.1390739798983671,0.07521182496631844
NIRISS_SOSS,1.696702644118097,1.149076366412708,0.07587227174768481
NIRISS_SOSS,1.6957233465058543,1.1473737301939435,0.07575984851659806
NIRISS_SOSS,1.6947440674760774,1.145583401849189,0.07564163506911863
NIRISS_SOSS,1.693764807086109,1.1582225728346978,0.07647618588202215
NIRISS_SOSS,1.6927855653936366,1.158592607208924,0.07650061885220406
NIRISS_SOSS,1.6918063424566883,1.1584373771140115,0.07649036917664821
NIRISS_SOSS,1.6908271383336402,1.1438168791420285,0.07552499348218514
NIRISS_SOSS,1.6898479530832062,1.149716269797001,0.07591452387720768
NIRISS_SOSS,1.6888687867644698,1.1492019782242444,0.07588056575996997
NIRISS_SOSS,1.6878896394367884,1.1486654530023546,0.07584513957888699
NIRISS_SOSS,1.6869105111600886,1.079315266922195,0.07126602167356186
NIRISS_SOSS,1.6859314019939937,1.150050489494879,0.07593659204298156
NIRISS_SOSS,1.6849523120002827,1.1068355943513746,0.07308315917836546
NIRISS_SOSS,1.683973241236607,1.1347170329321097,0.07492414046259294
NIRISS_SOSS,1.6829941897696277,1.1306868495394722,0.07465803180480737
NIRISS_SOSS,1.6820151579496898,1.1450376035487815,0.0756055965966738
NIRISS_SOSS,1.6810361456620413,1.1321856017691936,0.07475699279624337
NIRISS_SOSS,1.6800571528570516,1.1482760800969434,0.07581942970637193
NIRISS_SOSS,1.6790781795962462,1.153158062516697,0.07614178173417957
NIRISS_SOSS,1.6780992259430925,1.159641476729278,0.07656987457410581
NIRISS_SOSS,1.6771202919607016,1.1354918892635857,0.07497530338950154
NIRISS_SOSS,1.6761413777128138,1.0913594591200853,0.07206128667955317
NIRISS_SOSS,1.6751624832634313,1.1587012599261244,0.07650779307380194
NIRISS_SOSS,1.674183608676948,1.1583451795085777,0.07648428146831268
NIRISS_SOSS,1.6732047540181074,1.1366195807552666,0.07504976364106121
NIRISS_SOSS,1.6722259193520161,1.1642762763701349,0.07687590538992094
NIRISS_SOSS,1.6712471047441417,1.1713730534232631,0.07734449791592395
NIRISS_SOSS,1.6702683102603142,1.126795224133723,0.07440107198128669
NIRISS_SOSS,1.6692895359667266,1.1598664421613374,0.07658472879867605
NIRISS_SOSS,1.6683107819299359,1.1137428881599478,0.0735392403303269
NIRISS_SOSS,1.6673320482168648,1.1624509071077946,0.07675537822848909
NIRISS_SOSS,1.6663533348948005,1.1516053764971819,0.07603925955283904
NIRISS_SOSS,1.6653746420313973,1.1753463277036742,0.07760684892647737
NIRISS_SOSS,1.6643959696946768,1.1717542777517105,0.07736966974670059
NIRISS_SOSS,1.6634173179530294,1.1809698097925543,0.07797816137679583
NIRISS_SOSS,1.6624386868752137,1.177403085016042,0.07774265439100901
NIRISS_SOSS,1.6614600765303584,1.1849842765066938,0.07824323227927042
NIRISS_SOSS,1.6604814869879634,1.1446290318970143,0.07557861905166689
NIRISS_SOSS,1.6595029183178998,1.1894695421239376,0.07853938952496722
NIRISS_SOSS,1.658524370590412,1.1852996941778238,0.07826405896751978
NIRISS_SOSS,1.6575458438761164,1.174391307336986,0.07754378996285761
NIRISS_SOSS,1.656567338246004,1.1627591123132577,0.0767757286854182
NIRISS_SOSS,1.6555888537714412,1.0637526203986736,0.0702384369275349
NIRISS_SOSS,1.6546103905241707,1.16064733050823,0.07663629001304947
NIRISS_SOSS,1.6536319485763105,1.1589457388913502,0.07652393575589723
NIRISS_SOSS,1.6526535280003565,1.1706738043837381,0.07729832725686515
NIRISS_SOSS,1.6516751288691842,1.1794050527778783,0.07787484216067861
NIRISS_SOSS,1.6506967512560466,1.1845117355345556,0.07821203090911091
NIRISS_SOSS,1.6497183952345782,1.107097228569598,0.07310043460329262
NIRISS_SOSS,1.648740060878793,1.1152295235304617,0.07363740125863272
NIRISS_SOSS,1.647761748263088,1.13240132005351,0.07477123644163283
NIRISS_SOSS,1.6467834574622422,1.1824542989098836,0.07807618059032131
NIRISS_SOSS,1.6458051885514178,1.1710131155553403,0.07732073160715146
NIRISS_SOSS,1.6448269416061632,1.1649991038552396,0.07692363290828229
NIRISS_SOSS,1.6438487167024034,1.1721959219330802,0.07739883103512676
NIRISS_SOSS,1.6428705139164779,1.1662725376586354,0.0770077163673178
NIRISS_SOSS,1.641892333325027,1.1519742964987452,0.07606361894219725
NIRISS_SOSS,1.6409141750053333,1.1500836760730653,0.07593878331690566
NIRISS_SOSS,1.6399360390343363,1.1078784110630904,0.07315201523984842
NIRISS_SOSS,1.638957925491322,1.1440493432139036,0.07554034283384567
NIRISS_SOSS,1.6379798344514167,1.1237363336036312,0.07419909674245197
NIRISS_SOSS,1.6370017660381144,1.178651636021353,0.07782509486575442
NIRISS_SOSS,1.6360237207441684,1.194910659084197,0.0788986606027534
NIRISS_SOSS,1.635045698200751,1.2018238619611692,0.07935513192412086
NIRISS_SOSS,1.6340676984800662,1.2014315687578412,0.07932922922748756
NIRISS_SOSS,1.633089721667387,1.1756962958822623,0.07762995694742794
NIRISS_SOSS,1.6321117678411792,1.1930836780760408,0.07877802701948562
NIRISS_SOSS,1.631133837083312,1.2064506480063,0.07966063361086295
NIRISS_SOSS,1.6301559294749444,1.1983172579877521,0.07912359465004637
NIRISS_SOSS,1.6291780450980136,1.1969700229481604,0.07903463817507246
NIRISS_SOSS,1.6282001840347293,1.1983726363993619,0.07912725122676957
NIRISS_SOSS,1.6272223463677429,1.2103754220986949,0.07991978220637022
NIRISS_SOSS,1.6262445321800925,1.201095003966841,0.07930700621774699
NIRISS_SOSS,1.6252667415552216,1.1924211529644295,0.07873428120173397
NIRISS_SOSS,1.6242889745769737,1.1830438962195016,0.07811511106405188
NIRISS_SOSS,1.6233112313295974,1.1787114201850948,0.07782904234953375
NIRISS_SOSS,1.6223335118977436,1.1721619219009105,0.07739658604971447
NIRISS_SOSS,1.621355816366468,1.1618616120520515,0.07671646771225551
NIRISS_SOSS,1.6203781448212327,1.1764567346469257,0.0776801678979674
NIRISS_SOSS,1.6194004973479044,1.1703775817624933,0.07727876799703366
NIRISS_SOSS,1.618422874032759,1.1688261725312958,0.07717633012064712
NIRISS_SOSS,1.617445274962479,1.1037269608049236,0.07287789946187105
NIRISS_SOSS,1.6164677002241559,1.128444432913576,0.07450996745627093
NIRISS_SOSS,1.6154901499052914,1.1855502711828527,0.07828060429659886
NIRISS_SOSS,1.6145126240937973,1.1991808444172194,0.07918061632951813
NIRISS_SOSS,1.6135351228779968,1.1804215283223498,0.07794195894333057
NIRISS_SOSS,1.612557646346626,1.1870607431095568,0.07838033912697216
NIRISS_SOSS,1.6115801945888326,1.1817052090754834,0.07802671899739301
NIRISS_SOSS,1.6106027676941792,1.1597735313694786,0.07657859399941096
NIRISS_SOSS,1.6096253657526431,1.187598837243543,0.07841586890162681
NIRISS_SOSS,1.6086479888546168,1.1901401995025362,0.07858367230752716
NIRISS_SOSS,1.6076706370909095,1.1756964740109765,0.07762996870907461
NIRISS_SOSS,1.6066933105527472,1.187626272886325,0.0784176804474958
NIRISS_SOSS,1.6057160093317748,1.1889806441490256,0.07850710811957619
NIRISS_SOSS,1.6047387335200551,1.1947233508129549,0.07888629283985124
NIRISS_SOSS,1.6037614832100713,1.2123306399523646,0.08004888313008227
NIRISS_SOSS,1.6027842584947267,1.1492320164073033,0.07588254914876333
NIRISS_SOSS,1.6018070594673477,1.1791821265923998,0.07786012258535822
NIRISS_SOSS,1.6008298862216759,1.2097758505594212,0.07988019314502527
NIRISS_SOSS,1.5998527388519028,1.19514488936223,0.07891412657509948
NIRISS_SOSS,1.5988756174525542,1.194905747458506,0.07889833629341242
NIRISS_SOSS,1.5978985221188593,1.1248200284798504,0.07427065194499849
NIRISS_SOSS,1.5969214529456477,1.147377625696687,0.07576010573243801
NIRISS_SOSS,1.595944410030478,1.1892973712653367,0.07852802126907699
NIRISS_SOSS,1.5949673934655244,1.1728456899060888,0.07744173451279114
NIRISS_SOSS,1.593990403355214,1.1952270467444746,0.07891955133833883
NIRISS_SOSS,1.5930134401470863,1.189178969993826,0.07852020336096407
NIRISS_SOSS,1.5920365038419408,1.1547716056937187,0.07624832224791914
NIRISS_SOSS,1.5910595942877643,1.1354661928866043,0.07497360668547537
NIRISS_SOSS,1.5900827115780756,1.0912578275264635,0.07205457605516404
NIRISS_SOSS,1.5891058558142825,1.1449074607724794,0.07559700340967752
NIRISS_SOSS,1.5881290270947428,1.1831172470415015,0.07811995433962726
NIRISS_SOSS,1.587152225519601,1.1915299274630184,0.07867543454418532
NIRISS_SOSS,1.586175451188957,1.210492619389885,0.07992752061696258
NIRISS_SOSS,1.5851987042035083,1.1874934141373839,0.07840890792775876
NIRISS_SOSS,1.5842219846643362,1.1718408136427256,0.07737538361814633
NIRISS_SOSS,1.583245292672976,1.1706110549432729,0.07729418397906557
NIRISS_SOSS,1.5822686283313965,1.1896179382925571,0.07854918796374893
NIRISS_SOSS,1.581291991742007,1.1458521910444883,0.07565938292945644
NIRISS_SOSS,1.580315383007657,1.1918394228046365,0.07869587018741171
NIRISS_SOSS,1.5793388022316366,1.2028595814001537,0.07942351936034872
NIRISS_SOSS,1.5783622495176768,1.0903560978446618,0.0719950358179262
NIRISS_SOSS,1.5773857249699523,1.0787564178713656,0.07122912147415837
NIRISS_SOSS,1.5764092286930806,1.1482686053838023,0.07581893615913411
NIRISS_SOSS,1.5754327607921235,1.144004834788379,0.0755374039905667
NIRISS_SOSS,1.5744563213725882,1.1834772132439106,0.07814372251929527
NIRISS_SOSS,1.5734799105404271,1.2021697609626096,0.0793779712616981
NIRISS_SOSS,1.57250352840204,1.2204129473901735,0.08058254916324957
NIRISS_SOSS,1.5715271750642736,1.1351425122628762,0.07495223440338795
NIRISS_SOSS,1.5705508506344235,1.1958309227467356,0.07895942461872707
NIRISS_SOSS,1.5695745552202345,1.1803003836684596,0.07793395989264133
NIRISS_SOSS,1.5685982889299006,1.155158482620978,0.07627386731369189
NIRISS_SOSS,1.567622051872068,1.199057155183898,0.07917244926299659
NIRISS_SOSS,1.5666458441558337,1.2128218815349665,0.08008131928135852
NIRISS_SOSS,1.5656696658907474,1.2204427981321162,0.08058452017550842
NIRISS_SOSS,1.5646935171868133,1.2088982819087408,0.07982224823458425
NIRISS_SOSS,1.5637173981544872,1.2058239169349647,0.07961925123494173
NIRISS_SOSS,1.5627413089046822,1.199273245260995,0.0791867174574619
NIRISS_SOSS,1.5617652495487673,1.205290703861585,0.07958404375144855
NIRISS_SOSS,1.5607892201985674,1.2007617765655811,0.07928500357224737
NIRISS_SOSS,1.5598132209663635,1.2107746861713327,0.07994614518197718
NIRISS_SOSS,1.558837251964901,1.213828912678975,0.08014781246044558
NIRISS_SOSS,1.5578613133073675,1.2228614358483194,0.08074422021236137
NIRISS_SOSS,1.5568854051074617,1.2109125569245738,0.07995524863894637
NIRISS_SOSS,1.5559095274791908,1.2142868437943648,0.08017804915753914
NIRISS_SOSS,1.5549336805374585,1.2143650076534462,0.08018321023275608
NIRISS_SOSS,1.553957864396488,1.1671503653612083,0.07706567838267557
NIRISS_SOSS,1.5529820791735187,1.2359466485941495,0.08160822268108094
NIRISS_SOSS,1.5520063251810148,1.2323374176644402,0.08136990905989494
NIRISS_SOSS,1.5510306028957546,1.2210014023351898,0.08062140420787896
NIRISS_SOSS,1.5500549118904468,1.2250242932937712,0.08088703135411787
NIRISS_SOSS,1.5490792522703947,1.2365373202860548,0.08164722409511385
NIRISS_SOSS,1.5481036241605264,1.2322654680882994,0.08136515830707064
NIRISS_SOSS,1.5471280276762291,1.2400099956791597,0.08187652110166505
NIRISS_SOSS,1.5461524629374237,1.2486296104160617,0.0824456649556286
NIRISS_SOSS,1.5451769300630254,1.2421654198162166,0.08201884143009443
NIRISS_SOSS,1.544201429172923,1.1283063546391598,0.07450085029690262
NIRISS_SOSS,1.5432259603873126,1.2378502915983212,0.08173391817316907
NIRISS_SOSS,1.5422505238269166,1.2433073077582544,0.08209423905794241
NIRISS_SOSS,1.5412751196129129,1.2236328207020508,0.08079515392134284
NIRISS_SOSS,1.5402997478669598,1.2148062419267232,0.08021234445539349
NIRISS_SOSS,1.5393244087111893,1.2238030730495248,0.08080639550001491
NIRISS_SOSS,1.5383491022682092,1.2314043071956444,0.0813082967831756
NIRISS_SOSS,1.537373828661105,1.2455760337989585,0.08224404058873078
NIRISS_SOSS,1.5363985880134396,1.2431979800703223,0.0820870202687559
NIRISS_SOSS,1.5354233804492536,1.2412251225497966,0.08195675461688796
NIRISS_SOSS,1.5344482060930684,1.1871561414661873,0.07838663817745316
NIRISS_SOSS,1.5334730650698842,1.2435889066596542,0.08211283272934264
NIRISS_SOSS,1.5324979575051827,1.2398833646193805,0.08186815978951896
NIRISS_SOSS,1.5315228835249275,1.1787635352746568,0.07783248345262575
NIRISS_SOSS,1.530547843255566,1.201274164940599,0.07931883602339337
NIRISS_SOSS,1.5295728368240267,1.2205577961047482,0.08059211336747112
NIRISS_SOSS,1.5285978643577245,1.2477140469648202,0.0823852112895318
NIRISS_SOSS,1.5276229259845582,1.2362114859049702,0.08162570960275373
NIRISS_SOSS,1.526648021832913,1.2343509332359095,0.08150285931896575
NIRISS_SOSS,1.5256731520316609,1.2271793389324173,0.08102932669070588
NIRISS_SOSS,1.5246983167101615,1.2351885796902313,0.0815581682098876
NIRISS_SOSS,1.5237235159982632,1.2127381296411164,0.08007578923423954
NIRISS_SOSS,1.522748750026303,1.2188580678660035,0.08047988214716513
NIRISS_SOSS,1.5217740189251079,1.2159920036239318,0.08029063901992228
NIRISS_SOSS,1.5207993228259993,1.1757510816245302,0.07763357439083445
NIRISS_SOSS,1.5198246618607762,1.247854442500831,0.08239448145518113
NIRISS_SOSS,1.5188500361617745,1.1877792576856492,0.07842778186860833
NIRISS_SOSS,1.5178754458616897,1.1813005660697786,0.0780000008566436
NIRISS_SOSS,1.5169008910941106,1.2198362671436478,0.08054447158924767
NIRISS_SOSS,1.5159263719919776,1.2391651968655462,0.081820739948182
NIRISS_SOSS,1.5149518886917661,1.234759423688661,0.08152983150248934
NIRISS_SOSS,1.513977441323458,1.2383713588625578,0.0817683236819991
NIRISS_SOSS,1.5130030301400006,1.2295997288247422,0.08118914242185622
NIRISS_SOSS,1.5120286559782148,1.1898244190951432,0.07856282166819402
NIRISS_SOSS,1.5110543181764853,1.1871621799982406,0.07838703689520446
NIRISS_SOSS,1.5100800168548443,1.2244091960838948,0.08084641714950702
NIRISS_SOSS,1.5091057521613425,1.2329439144942196,0.08140995539069434
NIRISS_SOSS,1.508131524229164,1.2259580586960888,0.0809486868753905
NIRISS_SOSS,1.507157333198388,1.224781716723457,0.08087101428510447
NIRISS_SOSS,1.506183179207246,1.1699067830052352,0.07724768166344151
NIRISS_SOSS,1.5052090623952812,1.0387092765915875,0.06858485197675063
NIRISS_SOSS,1.5042349829022765,1.1315848545550415,0.07471732610635565
NIRISS_SOSS,1.5032609408686048,1.1399641324662402,0.07527060077922408
NIRISS_SOSS,1.5022869364351215,1.11438125564032,0.07358139104577228
NIRISS_SOSS,1.501312969743195,1.2084466473396822,0.0797924272916462
NIRISS_SOSS,1.500339040934702,1.2415898069381501,0.08198083433327939
NIRISS_SOSS,1.4993651501520273,1.1646322622774508,0.07689941075500172
NIRISS_SOSS,1.4983912975380662,1.2395821443468913,0.08184827054017206
NIRISS_SOSS,1.4974174832362261,1.2330853881238042,0.08141929674169826
NIRISS_SOSS,1.4964437073904246,1.2269733752640613,0.08101572713207564
NIRISS_SOSS,1.4954699701450926,1.2304272131165266,0.08124378031615842
NIRISS_SOSS,1.4944962716451742,1.2342755620197545,0.08149788263894586
NIRISS_SOSS,1.4935226120361278,1.2455199691759866,0.08224033870221227
NIRISS_SOSS,1.4925489914639258,1.2403259283002765,0.08189738179150602
NIRISS_SOSS,1.4915754100750578,1.2270986117681364,0.08102399636321438
NIRISS_SOSS,1.4906018680165298,1.2215252885218295,0.0806559958471115
NIRISS_SOSS,1.489628365435864,1.1868164525875247,0.07836420888757747
NIRISS_SOSS,1.4886549024811024,1.1297055425498097,0.07459323716385587
NIRISS_SOSS,1.487681479300805,1.1946402926313493,0.07888080859780272
NIRISS_SOSS,1.4867080960440524,1.2287541729417688,0.0811333112799008
NIRISS_SOSS,1.4857347528604452,1.2293306408914484,0.08117137483617119
NIRISS_SOSS,1.4847614499001054,1.2304474860913892,0.08124511891879865
NIRISS_SOSS,1.4837881873136811,1.2111272924742105,0.07996942739542606
NIRISS_SOSS,1.4828149652523288,1.2312650862177021,0.08129910417232729
NIRISS_SOSS,1.4818417838677762,1.232875262044146,0.08140542234354414
NIRISS_SOSS,1.4808686433121292,1.2410298341453523,0.08194385993440709
NIRISS_SOSS,1.4798955437384618,1.2374391003259757,0.08170676765744393
NIRISS_SOSS,1.4789224852991016,1.2411583547535205,0.08195234601139305
NIRISS_SOSS,1.4779494681502843,1.2326853120926997,0.08139288015335047
NIRISS_SOSS,1.476976492441027,1.2359411534698255,0.08160785984395523
NIRISS_SOSS,1.4760035584839442,1.2368469759382155,0.08166767032347227
NIRISS_SOSS,1.4750306672599032,1.231597846121894,0.08132107594950029
NIRISS_SOSS,1.4740578179674428,1.2347912077140897,0.08153193016736927
NIRISS_SOSS,1.4730850107413533,1.2296414628663739,0.08119189807556243
NIRISS_SOSS,1.4721122457524254,1.2264493298746735,0.08098112498085755
NIRISS_SOSS,1.4711395231522835,1.225432393721517,0.08091397778471147
NIRISS_SOSS,1.4701668431012724,1.230533760120387,0.08125081549977814
NIRISS_SOSS,1.46919420575726,1.1688282203515177,0.07717646533600521
NIRISS_SOSS,1.4682216112796842,1.2346187331047511,0.08152054185514582
NIRISS_SOSS,1.4672490598281802,1.2338312014822108,0.08146854199245453
NIRISS_SOSS,1.4662765515630278,1.2201242922508533,0.08056348957607849
NIRISS_SOSS,1.465304086645011,1.2381232726433038,0.0817519428168153
NIRISS_SOSS,1.464331665235464,1.2393057009573223,0.0818300172816513
NIRISS_SOSS,1.4633592874962569,1.2429765783647742,0.08207240135319924
NIRISS_SOSS,1.462386953589801,1.2480447381988025,0.08240704647464453
NIRISS_SOSS,1.4614146636790488,1.2474326947323413,0.08236663390541407
NIRISS_SOSS,1.4604424179274955,1.2452445537425052,0.08222215331852202
NIRISS_SOSS,1.4594702164991786,1.2086463015319753,0.07980561024238472
NIRISS_SOSS,1.4584980595586792,1.2460579250017425,0.08227585934452382
NIRISS_SOSS,1.457525947271123,1.2227773322994098,0.0807386669458385
NIRISS_SOSS,1.4565538798021818,1.2229511289536992,0.08075014255126257
NIRISS_SOSS,1.4555818573180717,1.2237882271580478,0.08080541524183067
NIRISS_SOSS,1.4546098799855578,1.17883067837092,0.07783691683877358
NIRISS_SOSS,1.453637947971952,1.0965426378329677,0.07240352637337642
NIRISS_SOSS,1.4526660614451141,1.183462458801921,0.07814274829942194
NIRISS_SOSS,1.4516942205734547,1.1712995711470764,0.07733964596057054
NIRISS_SOSS,1.4507224255259323,1.2317572403095614,0.08133160057560451
NIRISS_SOSS,1.4497506764720596,1.2367140592430934,0.08165889397761149
NIRISS_SOSS,1.448778973581896,1.246121421423781,0.08228005194471014
NIRISS_SOSS,1.4478073170260632,1.2438883652934174,0.08213260565958662
NIRISS_SOSS,1.4468357069757112,1.24999415847475,0.08253576459055957
NIRISS_SOSS,1.4458641436026194,1.2374289040812962,0.08170609441041725
NIRISS_SOSS,1.4448926270788949,1.2265267212640965,0.08098623505073703
NIRISS_SOSS,1.4439211575778503,1.1461318465345531,0.07567784827950465
NIRISS_SOSS,1.4429497352716487,1.2294215584779677,0.08117737802623991
NIRISS_SOSS,1.4419783603368241,1.2349918648144733,0.08154517933904612
NIRISS_SOSS,1.4410070332837868,1.2044624276188294,0.07952935356547886
NIRISS_SOSS,1.4400357549808305,1.2335316963597232,0.08144876599261026
NIRISS_SOSS,1.439064524600667,1.25090716159251,0.08259604920060114
NIRISS_SOSS,1.4380933422929358,1.2526250552546292,0.08270947986419823
NIRISS_SOSS,1.4371222082501334,1.2527102789044187,0.08271510708977275
NIRISS_SOSS,1.4361511226430033,1.2495110005575236,0.08250386219497964
NIRISS_SOSS,1.4351800856519663,1.2497266452148408,0.08251810097885784
NIRISS_SOSS,1.4342090974546822,1.2097518302365349,0.07987860710904127
NIRISS_SOSS,1.4332381582305127,1.257680646612604,0.08304329510274065
NIRISS_SOSS,1.4322672681590125,1.242086282157274,0.08201361605592412
NIRISS_SOSS,1.4312964274204212,1.2403373304940155,0.08189813466604698
NIRISS_SOSS,1.4303256361955088,1.227117921766375,0.0810252713815479
NIRISS_SOSS,1.4293548946656252,1.2292553939519748,0.08116640636200638
NIRISS_SOSS,1.4283842030126843,1.2472174678930088,0.08235242270960626
NIRISS_SOSS,1.4274135614191727,1.247103977178463,0.08234492904026752
NIRISS_SOSS,1.4264429700681456,1.2406175763095206,0.0819166389946466
NIRISS_SOSS,1.4254724291432295,1.2383751547558295,0.08176857432073317
NIRISS_SOSS,1.4245019388286235,1.225618435693277,0.08092626193522613
NIRISS_SOSS,1.4235314993090993,1.233401666201452,0.08144018024166097
NIRISS_SOSS,1.4225611107700027,1.2421871606649757,0.0820202769548631
NIRISS_SOSS,1.4215907733972526,1.1980720432522243,0.0791074033858325
NIRISS_SOSS,1.4206204873773443,1.241474888646286,0.08197324640255176
NIRISS_SOSS,1.4196502528973483,1.249515948083967,0.08250418887480855
NIRISS_SOSS,1.4186800701449125,1.2553011633705642,0.08288618039353927
NIRISS_SOSS,1.4177099393082608,1.2520338498335293,0.08267044320860288
NIRISS_SOSS,1.4167398605762,1.251616000289948,0.08264285305441738
NIRISS_SOSS,1.4157698341381006,1.2500391790497638,0.08253873725051632
NIRISS_SOSS,1.4147998601839633,1.2485046730601306,0.08243741547691882
NIRISS_SOSS,1.4138299389042126,1.2421478840175386,0.08201768356024218
NIRISS_SOSS,1.412860070490335,1.24019355456989,0.08188864129702045
NIRISS_SOSS,1.4118902551329673,1.238371788110794,0.08176835202479665
NIRISS_SOSS,1.4109204930273738,1.254215026252989,0.08281446393243305
NIRISS_SOSS,1.4099507843589671,1.2474953603796266,0.08237077165044047
NIRISS_SOSS,1.4089811293362355,1.2433625905116654,0.08209788931845804
NIRISS_SOSS,1.4080115287625583,1.2437916050817137,0.08212621668728562
NIRISS_SOSS,1.4070419832327972,1.2470057559494245,0.08233844359856944
NIRISS_SOSS,1.4060724919557057,1.260127561328645,0.08320486223936051
NIRISS_SOSS,1.4051030550975163,1.2522484653109398,0.08268461403684313
NIRISS_SOSS,1.404133672870999,1.26421440751098,0.08347471227996761
NIRISS_SOSS,1.4031643454664804,1.2575519878148294,0.0830347999012442
NIRISS_SOSS,1.4021950730841055,1.2475050495870514,0.08237141141834471
NIRISS_SOSS,1.4012258559212796,1.19043911539743,0.07860340940130961
NIRISS_SOSS,1.4002566941771304,1.2007189160291938,0.07928217353730879
NIRISS_SOSS,1.3992875880510105,1.2608185484307182,0.08325048737161027
NIRISS_SOSS,1.3983185377429834,1.2383658016050052,0.0817679567422834
NIRISS_SOSS,1.3973495434536687,1.2533752253097763,0.08275901278293607
NIRISS_SOSS,1.3963806053842944,1.2542634504520824,0.08281766133001268
NIRISS_SOSS,1.3954117237366792,1.2597812126976107,0.08318199321322667
NIRISS_SOSS,1.3944428987132413,1.2076787661453854,0.07974172492551408
NIRISS_SOSS,1.3934741305169949,1.2617935867704324,0.08331486810037433
NIRISS_SOSS,1.3925054193515525,1.2601791774580566,0.08320827039665254
NIRISS_SOSS,1.3915367654211261,1.2535779274310968,0.08277239698513725
NIRISS_SOSS,1.3905681689305271,1.20149877205541,0.0793336665886626
NIRISS_SOSS,1.3895996300851678,1.2553868227349836,0.08289183638888034
NIRISS_SOSS,1.3886311490910612,1.2537496894301317,0.0827837382444718
NIRISS_SOSS,1.3876627261548236,1.254535236930177,0.08283560709769713
NIRISS_SOSS,1.3866943614836713,1.2567095126251577,0.08297917217414107
NIRISS_SOSS,1.3857260552854322,1.249434054400775,0.0824987815233329
NIRISS_SOSS,1.3847578077685136,1.2606427540588794,0.08323887985905346
NIRISS_SOSS,1.3837896191420087,1.25425164428735,0.08281688178170321
NIRISS_SOSS,1.3828214896153592,1.2534952562808641,0.08276693829835237
NIRISS_SOSS,1.381853419399411,1.2586353303288482,0.08310633183769509
NIRISS_SOSS,1.3808854087032414,1.2561866044067793,0.08294464510909685
NIRISS_SOSS,1.3799174577432212,1.268320296552108,0.08374581969997907
NIRISS_SOSS,1.3789495667192044,1.2127852576415366,0.08007890104522035
NIRISS_SOSS,1.3779817358679707,1.2434261543391398,0.08210208636935251
NIRISS_SOSS,1.3770139662261205,1.2127547326232737,0.08007688551122415
NIRISS_SOSS,1.376046258276155,1.120798176414369,0.07400509339574922
NIRISS_SOSS,1.3750786111639224,1.2197172465763428,0.08053661278970214
NIRISS_SOSS,1.3741110250702162,1.2632720153024122,0.08341248713999316
NIRISS_SOSS,1.3731435002293475,1.250420860849761,0.08256393928764544
NIRISS_SOSS,1.3721760368501834,1.2397586619772385,0.08185992580870724
NIRISS_SOSS,1.3712086351525792,1.2444276235193656,0.08216821229797659
NIRISS_SOSS,1.3702412953532763,1.24537777031589,0.0822309494650207
NIRISS_SOSS,1.3692740176708946,1.2480611439585452,0.08240812972924606
NIRISS_SOSS,1.3683068023242633,1.2472864950786708,0.08235698050014273
NIRISS_SOSS,1.3673396495329593,1.2553880004226283,0.0828919141503239
NIRISS_SOSS,1.3663725595171379,1.2491386368459865,0.08247927542117023
NIRISS_SOSS,1.365405532497587,1.253330084816341,0.08275603220489543
NIRISS_SOSS,1.3644385686957126,1.2508605599651585,0.08259297214546568
NIRISS_SOSS,1.3634716683335417,1.2430366861361677,0.08207637020444239
NIRISS_SOSS,1.3625048316337252,1.2533110871512478,0.08275477780958225
NIRISS_SOSS,1.3615380588195356,1.1992944516483623,0.07918811769232197
NIRISS_SOSS,1.3605713501148706,1.254636986528337,0.08284232551379851
NIRISS_SOSS,1.3596047057442509,1.2416553369416226,0.081985161208652
NIRISS_SOSS,1.3586381259328242,1.2585203010682897,0.08309873657982439
NIRISS_SOSS,1.357671610906363,1.19963395355095,0.07921053463636929
NIRISS_SOSS,1.3567051608912688,1.250424457967286,0.0825641768014316
NIRISS_SOSS,1.3557387761145607,1.258660327832038,0.08310798239583941
NIRISS_SOSS,1.3547724568039243,1.2635722996957806,0.08343231459425224
NIRISS_SOSS,1.3538062031875493,1.263972255765582,0.0834587232616847
NIRISS_SOSS,1.3528400154946427,1.2643217425713245,0.08348179949810605
NIRISS_SOSS,1.3518738939538835,1.212894503399624,0.08008611442466768
NIRISS_SOSS,1.35090783879787,1.2480635197934775,0.0824082866030613
NIRISS_SOSS,1.3499418502512741,1.2599795832529248,0.08319509140680151
NIRISS_SOSS,1.3489759285582275,1.2640695906180652,0.08346515017689592
NIRISS_SOSS,1.3480100746206796,1.2628542832976504,0.08338490474676899
NIRISS_SOSS,1.34704428960848,1.2643536019583967,0.08348390313903395
NIRISS_SOSS,1.346078572191045,1.2653617851462273,0.08355047238633066
NIRISS_SOSS,1.345112922550423,1.2705356286528393,0.08389209568656367
NIRISS_SOSS,1.3441473409512574,1.2587542860163028,0.08311418635329414
NIRISS_SOSS,1.343181827616322,1.2630681008742253,0.0833990228904786
NIRISS_SOSS,1.342216382786305,1.2585299580234708,0.0830993742181478
NIRISS_SOSS,1.341251006696249,1.2658418971285783,0.08358217366211965
NIRISS_SOSS,1.3402856995839791,1.25661638339574,0.08297302295167983
NIRISS_SOSS,1.339320461687262,1.2632747259278314,0.08341266611966276
NIRISS_SOSS,1.338355293244727,1.2621574088376768,0.08333889087863401
NIRISS_SOSS,1.3373901944955766,1.2693345666025986,0.08381279085624486
NIRISS_SOSS,1.3364251656796777,1.2503697997922998,0.08256056778115496
NIRISS_SOSS,1.335460207037534,1.2651398087510715,0.08353581552463972
NIRISS_SOSS,1.3344953188102957,1.2194419978138453,0.08051843841111701
NIRISS_SOSS,1.3335305012397578,1.25955511334754,0.08316706411727451
NIRISS_SOSS,1.3325657545683605,1.237641514574419,0.08172013285170987
NIRISS_SOSS,1.3316010790391903,1.2515499521774702,0.08263849196886658
NIRISS_SOSS,1.330636474895984,1.2540820116633484,0.0828056811227029
NIRISS_SOSS,1.3296719423831165,1.2335676534817424,0.08145114020255215
NIRISS_SOSS,1.3287074817456426,1.2546723355654115,0.08284465957254807
NIRISS_SOSS,1.3277430932291625,1.258616011216306,0.08310505621755393
NIRISS_SOSS,1.326778777080266,1.257368450224391,0.08302268111232407
NIRISS_SOSS,1.3258145335451181,1.2678139675918922,0.08371238734544972
NIRISS_SOSS,1.3248503628738268,1.2638398118341614,0.08344997813190065
NIRISS_SOSS,1.3238862653075425,1.2742920697223212,0.08414012943432723
NIRISS_SOSS,1.3229222411142256,1.2701749300420548,0.08386827914676145
NIRISS_SOSS,1.3219582904994736,1.26819605276803,0.08373761601706986
NIRISS_SOSS,1.3209944137838934,1.2604134835184138,0.08322374137282365
NIRISS_SOSS,1.3200306134285515,1.2204338192882236,0.08058392731214117
NIRISS_SOSS,1.3190668878872511,1.2550334410365172,0.08286850297689798
NIRISS_SOSS,1.3181032369751209,1.2455537084358441,0.08224256646911036
NIRISS_SOSS,1.3171396609570916,1.2019796950063557,0.07936542141183225
NIRISS_SOSS,1.3161761600812725,1.2451627663820075,0.08221675298741907
NIRISS_SOSS,1.3152127346041544,1.234562072422526,0.08151680061147841
NIRISS_SOSS,1.3142493847799588,1.2552753318516785,0.08288447476623909
NIRISS_SOSS,1.3132861108645912,1.233614906015708,0.0814542602363485
NIRISS_SOSS,1.3123229131142797,1.2461010584417036,0.0822787073989907
NIRISS_SOSS,1.3113597917860225,1.2545621972584242,0.08283738725906062
NIRISS_SOSS,1.3103967471374471,1.2559926681021043,0.0829318397043038
NIRISS_SOSS,1.309433779426855,1.2618886328868284,0.08332114389281298
NIRISS_SOSS,1.3084708889132077,1.2697738648253187,0.08384179724355449
NIRISS_SOSS,1.3075080758561346,1.2737569733572705,0.08410479759911851
NIRISS_SOSS,1.3065453405159284,1.2200932141010636,0.08056143751940482
NIRISS_SOSS,1.3055826831535482,1.2706377145759684,0.08389883630983959
NIRISS_SOSS,1.304620104030624,1.262179713803011,0.08334036365141102
NIRISS_SOSS,1.3036576034094396,1.2117610584924,0.080011274281292
NIRISS_SOSS,1.302695181552993,1.2706769938995133,0.08390142988116103
NIRISS_SOSS,1.3017328387248002,1.2713962026324412,0.08394891845722353
NIRISS_SOSS,1.3007705751895362,1.2741136981264802,0.08412835175045236
NIRISS_SOSS,1.2998083912110021,1.2743206606229058,0.08414201726062154
NIRISS_SOSS,1.2988462870583766,1.2645621910692613,0.08349767605279819
NIRISS_SOSS,1.2978842629878555,1.221646671143112,0.0806640106105307
NIRISS_SOSS,1.296922319293062,1.2676654891808716,0.08370258347629106
NIRISS_SOSS,1.2959604561816789,1.2697585566387755,0.0838407864605262
NIRISS_SOSS,1.294998674009521,1.2743445236625122,0.0841435929113604
NIRISS_SOSS,1.294036975978643,1.2638014445025871,0.0834474447784243
NIRISS_SOSS,1.293075359552015,1.269026573112915,0.08379245437868006
NIRISS_SOSS,1.292113824820013,1.2614457949389637,0.08329190378127412
NIRISS_SOSS,1.2911523721039384,1.254365237344571,0.0828243822086183
NIRISS_SOSS,1.2901910016529918,1.2355986726432324,0.08158524620477235
NIRISS_SOSS,1.2892297137484257,1.1891484553608789,0.07851818851269905
NIRISS_SOSS,1.2882685086604082,1.2406881269992729,0.08192129738051314
NIRISS_SOSS,1.2873073866638696,1.266042089948342,0.08359539217784846
NIRISS_SOSS,1.286346348033075,1.2691741580311149,0.08380219925147255
NIRISS_SOSS,1.2853853930433972,1.2562766052338257,0.08295058776652744
NIRISS_SOSS,1.2844245219707602,1.2042834532767734,0.07951753608292221
NIRISS_SOSS,1.2834637350918099,1.158459082358657,0.07649180235051568
NIRISS_SOSS,1.2825030326838642,1.1818531564304018,0.07803648780149065
NIRISS_SOSS,1.2815424150249273,1.2184877007950872,0.08045542720938004
NIRISS_SOSS,1.2805818823936894,1.2532611100140327,0.08275147787317524
NIRISS_SOSS,1.2796214350695192,1.262195829590802,0.08334142775947768
NIRISS_SOSS,1.2786610733324952,1.268398476111547,0.08375098181187368
NIRISS_SOSS,1.277700797463301,1.2712439359004002,0.08393886444931838
NIRISS_SOSS,1.2767406077435788,1.2153051489054432,0.08024528674449864
NIRISS_SOSS,1.2757805044547843,1.119408100403952,0.07391330817772966
NIRISS_SOSS,1.2748204878817775,1.2161731648240626,0.08030260089835634
NIRISS_SOSS,1.2738605583020375,1.2736039504948844,0.0840946936647431
NIRISS_SOSS,1.2729007160162658,1.2753673731407538,0.08421113055797687
NIRISS_SOSS,1.2719409612690398,1.2700805481415671,0.08386204721178203
NIRISS_SOSS,1.2709812944218635,1.2669261680174644,0.08365376689816059
NIRISS_SOSS,1.2700217176074602,1.2660588444293497,0.08359649845813859
NIRISS_SOSS,1.2690622308779056,1.2669887857600353,0.08365790148009043
NIRISS_SOSS,1.2681028329323663,1.2083055527790978,0.07978311097015905
NIRISS_SOSS,1.2671435239961266,1.2029634715384967,0.0794303791140071
NIRISS_SOSS,1.2661843043910386,1.2625733010053282,0.08336635178940036
NIRISS_SOSS,1.2652251743937588,1.2633113357808796,0.08341508342872969
NIRISS_SOSS,1.264266134299708,1.2599156845514496,0.08319087224453835
NIRISS_SOSS,1.2633071843985533,1.2693610574334173,0.0838145400172001
NIRISS_SOSS,1.2623483249828271,1.2598858420983388,0.08318890177958212
NIRISS_SOSS,1.2613895563450621,1.269185025011955,0.08380291678648367
NIRISS_SOSS,1.2604308787787075,1.2349936243079738,0.08154529551650214
NIRISS_SOSS,1.259472292577846,1.2675920124225952,0.08369773188527932
NIRISS_SOSS,1.2585137980372798,1.2702958247089426,0.08387626169107884
NIRISS_SOSS,1.257555395452508,1.2217276127135352,0.08066935509502829
NIRISS_SOSS,1.2565970851197266,1.1202807925648834,0.073970931098818
NIRISS_SOSS,1.2556388673358543,1.1695231342648167,0.07722234975136019
NIRISS_SOSS,1.2546807423984405,1.2737063195916614,0.08410145298566925
NIRISS_SOSS,1.2537227106059787,1.274353183055105,0.08414416468170323
NIRISS_SOSS,1.2527647722568875,1.271181566393119,0.08393474625809667
NIRISS_SOSS,1.2518069276527224,1.2696252788759945,0.08383198627375776
NIRISS_SOSS,1.2508491770884738,1.275142327981873,0.08419627106913069
NIRISS_SOSS,1.2498915208802808,1.2780809335486576,0.08439030402171713
NIRISS_SOSS,1.248933959292853,1.2252717702600264,0.08090337199098402
NIRISS_SOSS,1.2479764927011545,1.2711930063544492,0.08393550162639091
NIRISS_SOSS,1.2470191231674639,1.274831770383171,0.08417576528621604
NIRISS_SOSS,1.2460618514311153,1.2132293193406718,0.08010822195973424
NIRISS_SOSS,1.2451046756500863,1.2714565334783992,0.08395290203783931
NIRISS_SOSS,1.244147596034637,1.2493881990250608,0.08249575374238728
NIRISS_SOSS,1.2431906129421288,1.2590632006068947,0.08313458365015734
NIRISS_SOSS,1.2422337266585126,1.2710684485000272,0.08392727720575599
NIRISS_SOSS,1.2412769374991965,1.263728221392173,0.08344260993550703
NIRISS_SOSS,1.2403202457699711,1.2643611382521505,0.08348440075237312
NIRISS_SOSS,1.2393636517808244,1.2772739934122066,0.08433702263580883
NIRISS_SOSS,1.2384071558413343,1.230025400799449,0.08121724908272261
NIRISS_SOSS,1.237450758262143,1.2802696195259242,0.08453482059354075
NIRISS_SOSS,1.236494459354502,1.272778179846867,0.08404016892048853
NIRISS_SOSS,1.2355382594304118,1.2505381184305073,0.0825716816790921
NIRISS_SOSS,1.234582158802569,1.2641847563999848,0.08347275444912468
NIRISS_SOSS,1.23362615778443,1.2694106268875849,0.08381781303473568
NIRISS_SOSS,1.2326702566900292,1.2756042077587735,0.08422676849208019
NIRISS_SOSS,1.2317144558345783,1.2724242196004951,0.08401679730761266
NIRISS_SOSS,1.2307587555325308,1.2713059438267829,0.08394295876574374
NIRISS_SOSS,1.2298031561036467,1.2706940179655328,0.08390255396185839
NIRISS_SOSS,1.2288476578547864,1.2698802182073554,0.08384881964253425
NIRISS_SOSS,1.227892261131413,1.2518824763832983,0.08266044818313112
NIRISS_SOSS,1.2269369661850138,1.2190175889451058,0.0804904151517738
NIRISS_SOSS,1.2259817734575362,1.2796601553920908,0.08449457833485864
NIRISS_SOSS,1.2250266858924055,1.279831259375912,0.08450587614615915
NIRISS_SOSS,1.2240717029968444,1.2784397726028351,0.08441399777700445
NIRISS_SOSS,1.223116823292859,1.2774216636399496,0.08434677314149833
NIRISS_SOSS,1.2221620470278869,1.2745249808583878,0.08415550830515361
NIRISS_SOSS,1.2212073745628367,1.2812983363421275,0.08460274565414752
NIRISS_SOSS,1.2202528062061722,1.2773176395002952,0.08433990453987804
NIRISS_SOSS,1.219298342287878,1.2749666377485263,0.08418467043272608
NIRISS_SOSS,1.2183439831312795,1.2729657336782292,0.08405255289746028
NIRISS_SOSS,1.2173897290628974,1.2324047641893576,0.08137435587821717
NIRISS_SOSS,1.2164355804091904,1.2802103438407015,0.08453090668404901
NIRISS_SOSS,1.2154815374975898,1.2796224614592129,0.08449208944517111
NIRISS_SOSS,1.2145276006561867,1.2704576900238078,0.08388694948304372
NIRISS_SOSS,1.213573770213801,1.2751327144923312,0.08419563630079652
NIRISS_SOSS,1.2126200465000574,1.2677383222231617,0.08370739256343128
NIRISS_SOSS,1.211666429845037,1.155733321237462,0.07631182328685067
NIRISS_SOSS,1.2107129205804623,1.2426268725574137,0.08204931065633753
NIRISS_SOSS,1.2097595190358768,1.2508037234836198,0.08258921929395943
NIRISS_SOSS,1.2088062255505114,1.2305022039933657,0.08124873188278398
NIRISS_SOSS,1.207853040438124,1.2572846386998349,0.08301714712785395
NIRISS_SOSS,1.2068999640843785,1.2673333425488382,0.0836806521928165
NIRISS_SOSS,1.2059469967055925,1.2533718911319456,0.08275879263077401
NIRISS_SOSS,1.204994138821645,1.2596204367327333,0.08317137734986525
NIRISS_SOSS,1.2040413951559295,1.234209617450103,0.08149352839021606
NIRISS_SOSS,1.2030887622903237,1.2417440372908088,0.0819910179969337
NIRISS_SOSS,1.2021362398372188,1.2627749283158585,0.08337966502300559
NIRISS_SOSS,1.201183828184241,1.264801085696989,0.08351345000711821
NIRISS_SOSS,1.2002315276479334,1.2393065992740024,0.08183007659653173
NIRISS_SOSS,1.1992793385772256,1.210513921257793,0.07992892715629964
NIRISS_SOSS,1.1983272613098077,1.2326324524221584,0.08138938988638038
NIRISS_SOSS,1.1973752961882769,1.2056559328158438,0.0796081594249387
NIRISS_SOSS,1.196423443554599,1.2715676571317533,0.08396023941268342
NIRISS_SOSS,1.1954717037519131,1.2720762005336739,0.08399381798440748
NIRISS_SOSS,1.1945200771239657,1.2725553487582122,0.08402545562430871
NIRISS_SOSS,1.1935685640152844,1.2812328394147479,0.0845984209627536
NIRISS_SOSS,1.19261716477113,1.274229431984431,0.08413599353212806
NIRISS_SOSS,1.1916658797374942,1.27700983425982,0.0843195804922052
NIRISS_SOSS,1.190714709261158,1.2709173070272495,0.08391729749750498
NIRISS_SOSS,1.1897636536894998,1.2529892891614776,0.08273352983578228
NIRISS_SOSS,1.1888127133710829,1.2452024986875248,0.08221937646865102
NIRISS_SOSS,1.1878618886539452,1.2586409662206741,0.08310670396954695
NIRISS_SOSS,1.1869111798902057,1.2574998234303614,0.08303135554326278
NIRISS_SOSS,1.1859605874253485,1.2668278750721305,0.08364727672111298
NIRISS_SOSS,1.18501011282675,1.1777257080791963,0.07776395684351366
NIRISS_SOSS,1.1840597598039226,1.1923573076009037,0.07873006556131802
NIRISS_SOSS,1.1831095243098941,1.2184787866102358,0.08045483861537947
NIRISS_SOSS,1.182159406485951,1.2589696263887733,0.08312840504557246
NIRISS_SOSS,1.181209406816187,1.2734294085145537,0.0840831688462453
NIRISS_SOSS,1.1802595255999222,1.2611164412352236,0.08327015691183906
NIRISS_SOSS,1.179309763214026,1.258814753243497,0.08311817893901569
NIRISS_SOSS,1.178360120007988,1.2611202569378692,0.08327040885856471
NIRISS_SOSS,1.1774105963416253,1.2632795122102418,0.08341298215272229
NIRISS_SOSS,1.1764611925724073,1.2585447734839192,0.08310035246700408
NIRISS_SOSS,1.1755119090595083,1.2593334182193812,0.08315242582733968
NIRISS_SOSS,1.1745627461626096,1.2774899580427979,0.08435128254717685
NIRISS_SOSS,1.1736137042420636,1.2821398357882712,0.08465830895395907
NIRISS_SOSS,1.17266478365951,1.2845858422098368,0.08481981611687547
NIRISS_SOSS,1.1717159847755292,1.285475192927361,0.08487853898446837
NIRISS_SOSS,1.1707673079571645,1.2717697262613932,0.08397358181912741
NIRISS_SOSS,1.169818753555081,1.2629514735925922,0.08339132211700181
NIRISS_SOSS,1.1688703219688463,1.2654365150665385,0.08355540672227844
NIRISS_SOSS,1.1679220134767758,1.2683211314967011,0.08374587483046902
NIRISS_SOSS,1.1669738286099325,1.2715900527558857,0.08396171817156299
NIRISS_SOSS,1.1660257707796573,1.2675058902324325,0.08369204533005417
NIRISS_SOSS,1.1650778404440674,1.2621754304186055,0.08334008082416375
NIRISS_SOSS,1.1641300348906924,1.2639146199575995,0.08345491763151645
NIRISS_SOSS,1.1631823543184456,1.2712128114960923,0.0839368093385088
NIRISS_SOSS,1.1622347991868403,1.2521772629006525,0.08267991261857335
NIRISS_SOSS,1.1612873698297073,1.2448254665948122,0.08219448144667334
NIRISS_SOSS,1.1603400666317272,1.2569074657761858,0.08299224280696159
NIRISS_SOSS,1.1593928899604555,1.259077051050331,0.0831354981799823
NIRISS_SOSS,1.158445840190193,1.2776185964889,0.08435977640487433
NIRISS_SOSS,1.1574989176940669,1.274548019331844,0.08415702951067991
NIRISS_SOSS,1.1565521228466416,1.281844462477089,0.08463880577315396
NIRISS_SOSS,1.155605456022759,1.2788015174354852,0.08443788339770679
NIRISS_SOSS,1.1546589175991055,1.2830903388193315,0.08472106964278495
NIRISS_SOSS,1.15371250794976,1.2123202223879819,0.08004819526955455
NIRISS_SOSS,1.1527662274600563,1.2733017897525891,0.08407474231719039
NIRISS_SOSS,1.1518200764848825,1.2783079981405177,0.08440529685154241
NIRISS_SOSS,1.150874055466378,1.2707803193314997,0.08390825234786843
NIRISS_SOSS,1.1499281646339037,1.2698774520371405,0.08384863699530178
NIRISS_SOSS,1.1489824046317019,1.267455279083929,0.08368870353056637
NIRISS_SOSS,1.148036780423265,1.2715299389950259,0.08395774892484184
NIRISS_SOSS,1.1470912900024746,1.2746888206809939,0.08416632647173262
NIRISS_SOSS,1.1461459315143427,1.2850997800248956,0.08485375087587436
NIRISS_SOSS,1.1452007052531885,1.254838644140813,0.0828556407482085
NIRISS_SOSS,1.144255611647754,1.213371808727523,0.08011763038009372
NIRISS_SOSS,1.1433106510657958,1.1781435732296033,0.077791548028201
NIRISS_SOSS,1.1423658238997254,1.101523093159697,0.07273238046090458
NIRISS_SOSS,1.141421130534329,1.1893669116007959,0.07853261294234049
NIRISS_SOSS,1.1404765713579064,1.2542892421720968,0.08281936432943637
NIRISS_SOSS,1.139532146758751,1.2062392756798377,0.079646676924378
NIRISS_SOSS,1.13858785712584,1.2117068280308871,0.08000769350247419
NIRISS_SOSS,1.1376437028500244,1.135621688392299,0.07498387388581858
NIRISS_SOSS,1.1366996843190813,1.229221015705109,0.08116413640348608
NIRISS_SOSS,1.1357558019336724,1.2657165690774046,0.08357389838622484
NIRISS_SOSS,1.1348120560590924,1.2717360217012885,0.08397135634341653
NIRISS_SOSS,1.1338684471616747,1.2662273120675656,0.08360762219438539
NIRISS_SOSS,1.132924975460914,1.2752702605123005,0.08420471831597842
NIRISS_SOSS,1.1319816416569537,1.2631196006890204,0.08340242336764209
NIRISS_SOSS,1.1310384511798615,1.2673200444201587,0.08367977413173856
NIRISS_SOSS,1.130095401793638,1.2670767093537343,0.08366370698004601
NIRISS_SOSS,1.1291524914380477,1.2653802630880526,0.08355169246487765
NIRISS_SOSS,1.1282097204077632,1.2586652906329432,0.08310831008422455
NIRISS_SOSS,1.127267089152535,1.2779131919835462,0.08437922822729343
NIRISS_SOSS,1.1263245980515852,1.2556705429780832,0.08291057013018248
NIRISS_SOSS,1.12538224751248,1.2556232500064606,0.08290744742633128
NIRISS_SOSS,1.1244400379338668,1.2699887764776003,0.08385598762790167
NIRISS_SOSS,1.1234979697184106,1.271061829231517,0.08392684014260349
NIRISS_SOSS,1.1225560432683535,1.2751783011547395,0.08419864633889268
NIRISS_SOSS,1.121614258987678,1.2768271567870249,0.08430751849592434
NIRISS_SOSS,1.1206726172788615,1.260591597592509,0.08323550205281573
NIRISS_SOSS,1.1197311185521561,1.2427334762103133,0.08205634958043213
NIRISS_SOSS,1.1187897631974355,1.2614314276835614,0.08329095512691309
NIRISS_SOSS,1.1178485516653234,1.2686920793268515,0.08377036811515927
NIRISS_SOSS,1.1169074842537967,1.2711127527683064,0.0839302025687525
NIRISS_SOSS,1.1159665615840626,1.2661433605981236,0.08360207896950557
NIRISS_SOSS,1.1150257876194312,1.26406891381831,0.08346510548853886
NIRISS_SOSS,1.114085163896685,1.2654464640120904,0.08355606364041075
NIRISS_SOSS,1.1131446862635146,1.2608109600309558,0.08324998631776762
NIRISS_SOSS,1.1122043548303127,1.2437701558997862,0.08212480042096292
NIRISS_SOSS,1.1112641701726702,1.2590187813009701,0.08313165069134933
NIRISS_SOSS,1.1103241326361415,1.2798753183666562,0.08450878531374487
NIRISS_SOSS,1.1093842426591924,1.2744981661199049,0.08415373775692507
NIRISS_SOSS,1.1084445006481025,1.2745063224610078,0.0841542763113212
NIRISS_SOSS,1.1075049070210736,1.2731009575142767,0.08406148158134522
NIRISS_SOSS,1.106565462192977,1.2724771175441258,0.08402029010171352
NIRISS_SOSS,1.105626166582698,1.2701518841827004,0.08386675745355227
NIRISS_SOSS,1.1046870206024526,1.2679701370942582,0.08372269904906539
NIRISS_SOSS,1.1037480246876668,1.26020706893484,0.08321011204074845
NIRISS_SOSS,1.102809179208481,1.2534830685851621,0.08276613355796496
NIRISS_SOSS,1.1018704847158236,1.2275530474206986,0.08105400225867167
NIRISS_SOSS,1.1009319413327914,1.2581545611144538,0.08307458716558393
NIRISS_SOSS,1.099993549936637,1.254354574293134,0.08282367813884545
NIRISS_SOSS,1.0990553189852768,1.240489677062681,0.08190819394547824
NIRISS_SOSS,1.0981172418074132,1.2334883505236833,0.08144590391385965
NIRISS_SOSS,1.0971793176068776,1.240485072152149,0.08190788988820802
NIRISS_SOSS,1.096241546959591,1.2360147382005928,0.08161271856427396
NIRISS_SOSS,1.095303930221497,1.241832184087457,0.08199683823473901
NIRISS_SOSS,1.0943664678463414,1.220951910987891,0.08061813634765559
NIRISS_SOSS,1.093429160252112,1.1922172875873398,0.07872082019101038
NIRISS_SOSS,1.0924920078703513,1.261011959324548,0.08326325808409253
NIRISS_SOSS,1.0915550111285304,1.2633175159352363,0.08341549149764878
NIRISS_SOSS,1.090618170458863,1.2718477576075198,0.08397873414465702
NIRISS_SOSS,1.0896814862851127,1.257531096333776,0.08303342045930802
NIRISS_SOSS,1.088744959059607,1.2480481199523434,0.08240726976817936
NIRISS_SOSS,1.0878085891540394,1.23579474827744,0.08159819286718448
NIRISS_SOSS,1.086872377160493,1.2473418293763083,0.08236063416406798
NIRISS_SOSS,1.085936323159868,1.266639215590637,0.0836348197392569
NIRISS_SOSS,1.085000428152707,1.2007097560883067,0.07928156871630256
NIRISS_SOSS,1.084064702267581,1.1878571662127848,0.0784329260845326
NIRISS_SOSS,1.083129136267573,1.2303496763069597,0.08123866064434385
NIRISS_SOSS,1.0821937300744995,1.2424884943293628,0.08204017369135458
NIRISS_SOSS,1.081258484491628,1.2437962732396697,0.08212652492071496
NIRISS_SOSS,1.0803233997932276,1.2662106336757566,0.0836065209381829
NIRISS_SOSS,1.0793884764815433,1.2482887525703958,0.08242315848012391
NIRISS_SOSS,1.0784537149754607,1.197424750144698,0.07906466332086365
NIRISS_SOSS,1.0775191157227508,1.2766613264997277,0.08429656890111101
NIRISS_SOSS,1.076584679164853,1.2727277598276499,0.08403683974106113
NIRISS_SOSS,1.0756504057398748,1.2601744839646636,0.08320796049035165
NIRISS_SOSS,1.0747162959079226,1.2700228750520155,0.08385823911995202
NIRISS_SOSS,1.0737823500638688,1.2554904053753853,0.08289867583878167
NIRISS_SOSS,1.0728485687875602,1.2580130468882675,0.08306524313403023
NIRISS_SOSS,1.0719149522069966,1.276927932923242,0.08431417263538472
NIRISS_SOSS,1.0709815013114827,1.2749080868203206,0.0841808043781576
NIRISS_SOSS,1.0700482240599458,1.2464795188652409,0.08230369673211048
NIRISS_SOSS,1.0691151162362302,1.2427978346138249,0.08206059909632439
NIRISS_SOSS,1.0681821752761766,1.2277382378191664,0.08106623018072134
NIRISS_SOSS,1.0672494015217802,1.27043576260316,0.08388550163913469
NIRISS_SOSS,1.0663167954767379,1.2644214070649475,0.08348838023700626
NIRISS_SOSS,1.0653843575720772,1.2822855232238255,0.08466792853802127
NIRISS_SOSS,1.0644520882679838,1.233836570844936,0.08146889652567764
NIRISS_SOSS,1.0635199880146902,1.2876390268698483,0.08502141460326976
NIRISS_SOSS,1.0625880572698274,1.284194140715577,0.08479395249015305
NIRISS_SOSS,1.0616562964793967,1.2706804537746794,0.08390165833298241
NIRISS_SOSS,1.0607247061265312,1.2691501374531597,0.08380061319864662
NIRISS_SOSS,1.0597932865883601,1.2719876720159031,0.08398797254196862
NIRISS_SOSS,1.0588620385318646,1.2516396533634577,0.0826444148413216
NIRISS_SOSS,1.0579309619494903,1.223550284658084,0.08078970415547881
NIRISS_SOSS,1.0570000579647385,1.1249162150276475,0.07427700303889116
NIRISS_SOSS,1.0560693384681223,1.1365536627623245,0.07504541114716284
NIRISS_SOSS,1.0551387925718196,1.2378061162602678,0.08173100132329617
NIRISS_SOSS,1.054208420079827,1.2811612494008484,0.08459369395143584
NIRISS_SOSS,1.0532782219233072,1.2804434015568809,0.08454629523340196
NIRISS_SOSS,1.0523481983540732,1.2897326683155221,0.08515965548729759
NIRISS_SOSS,1.0514183499166974,1.2257316507149323,0.08093373740086099
NIRISS_SOSS,1.0504886770477613,1.2914492207143171,0.08527299758872563
NIRISS_SOSS,1.0495591802240913,1.2839623581530473,0.08477864813781871
NIRISS_SOSS,1.048629859901867,1.2842562438049083,0.08479805309008517
NIRISS_SOSS,1.0477007165730197,1.2863022622802565,0.08493314948080377
NIRISS_SOSS,1.0467717506345104,1.2729657204414955,0.08405255202345303
NIRISS_SOSS,1.045842962746901,1.2776181222430065,0.08435974509093006
NIRISS_SOSS,1.0449143529342548,1.2874009425165807,0.08500569415049743
NIRISS_SOSS,1.0439859223912877,1.2860983012217102,0.08491968215233692
NIRISS_SOSS,1.0430576813024421,1.2883015323524805,0.08506515912494113
NIRISS_SOSS,1.0421296227397463,1.2864978035955004,0.08494606086271166
NIRISS_SOSS,1.0412017445223818,1.2872297877442227,0.08499439298568469
NIRISS_SOSS,1.0402740471549192,1.2758701436411206,0.08424432795124467
NIRISS_SOSS,1.0393465310973165,1.2288076109005808,0.081136839730621
NIRISS_SOSS,1.038419196831036,1.2786975686960615,0.08443101977468231
NIRISS_SOSS,1.0374920448299145,1.2165845481164437,0.08032976409295708
NIRISS_SOSS,1.036565075573514,1.2782432863558328,0.08440102400227285
NIRISS_SOSS,1.0356382895337044,1.2791648639673634,0.0844618747768797
NIRISS_SOSS,1.0347116872075346,1.2705493972065498,0.08389300480929844
NIRISS_SOSS,1.033785269021378,1.2731143163953298,0.08406236365383678
NIRISS_SOSS,1.0328590355944358,1.2777315466984707,0.08436723438525318
NIRISS_SOSS,1.031932987106858,1.2866959544265437,0.08495914454813014
NIRISS_SOSS,1.031007125834669,1.2228212093977622,0.08074156410326598
NIRISS_SOSS,1.0300814629476134,1.286258712424909,0.08493027393087856
NIRISS_SOSS,1.0291559872113665,1.284280642330835,0.08479966409840756
NIRISS_SOSS,1.028230698276547,1.2889652796853308,0.0851089856446415
NIRISS_SOSS,1.0273055971791811,1.2855345013865072,0.0848824550579869
NIRISS_SOSS,1.0263806841630614,1.2882332378145605,0.08506064971034397
NIRISS_SOSS,1.0254559598052078,1.2467322843700177,0.08232038656546485
NIRISS_SOSS,1.0245314245655388,1.1494183999870304,0.0758948558552832
NIRISS_SOSS,1.0236070789326144,1.2486888341933773,0.08244957543769729
NIRISS_SOSS,1.022682923424202,1.2343479043556447,0.08150265932527233
NIRISS_SOSS,1.0217589584382398,1.2903637714851643,0.08520132654814919
NIRISS_SOSS,1.0208351847171067,1.2894661607315725,0.0851420582792936
NIRISS_SOSS,1.019911602172287,1.2837207495378593,0.08476269498183714
NIRISS_SOSS,1.0189882122135836,1.2959430754304806,0.08556972196334993
NIRISS_SOSS,1.0180650270726168,1.2856487774509646,0.08489000058313231
NIRISS_SOSS,1.0171420375666136,1.2856790022693336,0.08489199629525368
NIRISS_SOSS,1.016219241614638,1.2841163011894865,0.08478881283029328
NIRISS_SOSS,1.0152966398718188,1.2365361791509613,0.08164714874719578
NIRISS_SOSS,1.0143742327603793,1.1585964355651077,0.07650087163442916
NIRISS_SOSS,1.013452020806013,1.241974484836645,0.08200623419955724
NIRISS_SOSS,1.0125300045006533,1.277418946671607,0.08434659374301234
NIRISS_SOSS,1.011608184335313,1.283408518114912,0.08474207867811488
NIRISS_SOSS,1.0106865608454898,1.2848551112466193,0.08483759566062832
NIRISS_SOSS,1.0097651344252634,1.2805997630429096,0.08455661961349158
NIRISS_SOSS,1.0088439058598782,1.286189284055533,0.08492568965061462
NIRISS_SOSS,1.0079228750244935,1.278990763035609,0.08445037908034315
NIRISS_SOSS,1.0070020437248604,1.26646797252155,0.08362351274430647
NIRISS_SOSS,1.0060814267142095,1.2478167662808128,0.08239199373505461
NIRISS_SOSS,1.0051610100267767,1.2484735541898797,0.08243536073151707
NIRISS_SOSS,1.00424079314113,1.2663217303018486,0.08361385652844608
NIRISS_SOSS,1.003320777281117,1.2710752686589166,0.08392772753348333
NIRISS_SOSS,1.002400962632966,1.219999042384511,0.0805552194626437
NIRISS_SOSS,1.0014813498277741,1.281626167190328,0.0846243919710756
NIRISS_SOSS,1.0005619393263567,1.2799888471707992,0.08451628149809857
NIRISS_SOSS,0.9996427316761004,1.2773096918186844,0.08433937976304286
NIRISS_SOSS,0.9987237273087922,1.276628352924936,0.08429439169157105
NIRISS_SOSS,0.9978049269467528,1.2855317268969808,0.08488227186143926
NIRISS_SOSS,0.9968863305932729,1.2800002735495122,0.08451703596954725
NIRISS_SOSS,0.9959679396815367,1.2804508442151796,0.08454678666409314
NIRISS_SOSS,0.9950497641146112,1.279173581569413,0.08446245039073012
NIRISS_SOSS,0.9941318010468841,1.2826530283716222,0.08469219450611297
NIRISS_SOSS,0.9932140448556175,1.2786188805743388,0.08442582408296924
NIRISS_SOSS,0.9922964955401196,1.2783451181407546,0.08440774784507736
NIRISS_SOSS,0.9913791538791756,1.2340930414759916,0.08148583100451955
NIRISS_SOSS,0.9904620202888428,1.1434230333067168,0.07549898826693843
NIRISS_SOSS,0.989545095317391,1.2311063977784056,0.08128862614602594
NIRISS_SOSS,0.9886283794971433,1.2843207410082051,0.08480231177077736
NIRISS_SOSS,0.9877118732772888,1.2867455033635633,0.08496241621094058
NIRISS_SOSS,0.9867955773888283,1.2856584316248885,0.08489063803781233
NIRISS_SOSS,0.9858794918387397,1.2809579662234865,0.08458027138273165
NIRISS_SOSS,0.9849636180995157,1.3064997787932067,0.0862667696876861
NIRISS_SOSS,0.9840479659932345,1.3077561397584865,0.08634972584565537
NIRISS_SOSS,0.9831325338193827,1.308379229676398,0.08639086780014758
NIRISS_SOSS,0.9822173149989274,1.309534465592936,0.0864671467803392
NIRISS_SOSS,0.9813023093874264,1.3072298979249515,0.08631497866560187
NIRISS_SOSS,0.9803875178557648,1.2650815147016563,0.08353196643150042
NIRISS_SOSS,0.9794729407982548,1.290109845454408,0.08518456008651748
NIRISS_SOSS,0.9785585787775724,1.2364592185972814,0.08164206712493521
NIRISS_SOSS,0.977644432355301,1.286735901783953,0.08496178222900631
NIRISS_SOSS,0.9767305019230353,1.2407981957134606,0.08192856509886316
NIRISS_SOSS,0.9758167884003965,1.2832199213849962,0.08472962583967773
NIRISS_SOSS,0.9749032914248825,1.276331185407879,0.08427477004128933
NIRISS_SOSS,0.9739900129059078,1.2749392194943425,0.08418286003500745
NIRISS_SOSS,0.9730769690241446,1.2328663557897424,0.08140483427318249
NIRISS_SOSS,0.9721641466101618,1.276823584275754,0.08430728260686259
NIRISS_SOSS,0.9712515433550077,1.2269923401949594,0.08101697936598527
NIRISS_SOSS,0.970339160203324,1.2288610843030194,0.08114037052164559
NIRISS_SOSS,0.9694269975043999,1.274540719789453,0.08415654752977758
NIRISS_SOSS,0.9685150558604582,1.2678612966985532,0.08371551243525847
NIRISS_SOSS,0.9676033358118926,1.2736116192532438,0.08409520002457717
NIRISS_SOSS,0.9666918378235356,1.2645067360131028,0.08349401441531819
NIRISS_SOSS,0.9657805626665494,1.2558013220946387,0.08291920533403858
NIRISS_SOSS,0.9648695103064489,1.265247646987653,0.0835429359669618
NIRISS_SOSS,0.9639586823614521,1.259275337419241,0.08314859081481975
NIRISS_SOSS,0.9630480891907771,1.2639270460075256,0.08345573811017593
NIRISS_SOSS,0.962137730016304,1.2593892792859878,0.08315611427325119
NIRISS_SOSS,0.961227596925977,1.2663625101228808,0.08361654917599642
NIRISS_SOSS,0.9603176895682131,1.266529842963844,0.08362759798280593
NIRISS_SOSS,0.9594080089565773,1.2676856433560952,0.0837039142347194
NIRISS_SOSS,0.9584985554437193,1.2691226603825139,0.0837987989173405
NIRISS_SOSS,0.9575893296681862,1.2483937143418622,0.08243008899256032
NIRISS_SOSS,0.9566803320760863,1.261594875161059,0.08330174738736823
NIRISS_SOSS,0.9557715634553531,1.245320131189321,0.08222714361572978
NIRISS_SOSS,0.954863023774913,1.2422182989345079,0.08202233298117845
NIRISS_SOSS,0.9539547146835347,1.2554583954621878,0.08289656225877627
NIRISS_SOSS,0.9530466465003601,1.2573082001063662,0.08301870286208655
NIRISS_SOSS,0.9521388196042334,1.2551623177003517,0.08287701256385512
NIRISS_SOSS,0.9512312250865016,1.2616274319544605,0.083303897077283
NIRISS_SOSS,0.9503238624323264,1.2573878417689155,0.08302396151507081
NIRISS_SOSS,0.9494167327621132,1.2580543691042647,0.08306797159533445
NIRISS_SOSS,0.9485098363905571,1.2681599704951538,0.08373523354355203
NIRISS_SOSS,0.9476031740042117,1.2613547116034682,0.08328588964697947
NIRISS_SOSS,0.9466967459762562,1.2549519452414397,0.0828631218975449
NIRISS_SOSS,0.945790553313887,1.2457761243519958,0.08225725235189808
NIRISS_SOSS,0.9448845955293398,1.2399406028188005,0.08187193916602316
NIRISS_SOSS,0.9439788749097457,1.1850515314618968,0.07824767305134327
NIRISS_SOSS,0.9430734078922282,1.2005714806430852,0.07927243853795886
NIRISS_SOSS,0.9421681835068899,1.2095930612820118,0.07986812376640645
NIRISS_SOSS,0.9412631971673748,1.2309183368368812,0.08127620868511776
NIRISS_SOSS,0.9403584493682015,1.2413763509305398,0.08196674006357811
NIRISS_SOSS,0.9394539407016043,1.2506482105049237,0.0825789509398928
NIRISS_SOSS,0.9385496717317576,1.2599948805150847,0.08319610146850455
NIRISS_SOSS,0.9376456429887822,1.2627899268486893,0.0833806553599336
NIRISS_SOSS,0.9367418551524073,1.2559529491024144,0.08292921710164126
NIRISS_SOSS,0.9358383084927602,1.2624453647743583,0.08335790429820983
NIRISS_SOSS,0.9349350041821776,1.260903487135929,0.08325609578260193
NIRISS_SOSS,0.9340319501074607,1.2585497272502952,0.083100679558849
NIRISS_SOSS,0.9331291545231823,1.2596673516901973,0.08317447509384972
NIRISS_SOSS,0.9322266038064032,1.2609445507246813,0.08325880716702844
NIRISS_SOSS,0.931324296799729,1.2588922993203564,0.08312329922273956
NIRISS_SOSS,0.9304222350629303,1.2612354168816415,0.08327801274530691
NIRISS_SOSS,0.9295204187530652,1.2558378216828028,0.08292161536243427
NIRISS_SOSS,0.9286188486102248,1.26271360242074,0.08337561574036816
NIRISS_SOSS,0.9277175250945003,1.2167389518927845,0.08033995920758986
NIRISS_SOSS,0.9268164489737946,1.2372630615639146,0.08169514400806463
NIRISS_SOSS,0.9259156204344557,1.2300031357512988,0.08121577894563416
NIRISS_SOSS,0.9250150445292583,1.2347654850837089,0.0815302317298595
NIRISS_SOSS,0.9241147381222488,1.2319650171875172,0.0813453198585068
NIRISS_SOSS,0.9232146826463474,1.2326246993732868,0.08138887796093483
NIRISS_SOSS,0.9223148765698673,1.2280275560742204,0.08108533355270832
NIRISS_SOSS,0.9214153218101974,1.2398485669323582,0.08186586213581802
NIRISS_SOSS,0.9205160183741922,1.2512433204086026,0.08261824540425693
NIRISS_SOSS,0.9196169670438762,1.2583986347564433,0.08309070308462357
NIRISS_SOSS,0.9187181683534233,1.2540169719503402,0.08280138662068023
NIRISS_SOSS,0.917819622853938,1.255576160166704,0.08290433813505788
NIRISS_SOSS,0.9169213312332343,1.2568431971155003,0.08298799921669124
NIRISS_SOSS,0.9160233001811998,1.2367259878919963,0.08165968161341847
NIRISS_SOSS,0.9151255436328213,1.258787237924037,0.08311636213218168
NIRISS_SOSS,0.9142280441096601,1.2642076603541774,0.08347426677248923
NIRISS_SOSS,0.9133307999923708,1.267623248889803,0.08369979439548117
NIRISS_SOSS,0.912433813189752,1.2585109977408095,0.08309812229115623
NIRISS_SOSS,0.9115370837689462,1.2551701414613714,0.08287752915834747
NIRISS_SOSS,0.9106406123852161,1.2563655683778687,0.08295646190686978
NIRISS_SOSS,0.9097443999522842,1.2396608364520463,0.08185346649490687
NIRISS_SOSS,0.9088484461103464,1.2452060365457622,0.08221961006961041
NIRISS_SOSS,0.9079527532542173,1.2436305626583475,0.08211558322995789
NIRISS_SOSS,0.9070573352902276,1.255544276549639,0.08290223289424972
NIRISS_SOSS,0.9061621904980913,1.2579038158806068,0.08305803072853765
NIRISS_SOSS,0.9052673084351663,1.2179873721199055,0.0804223910471926
NIRISS_SOSS,0.904372688272939,1.2510667516761669,0.08260658676150602
NIRISS_SOSS,0.9034783313254555,1.2517444994922893,0.08265133771799969
NIRISS_SOSS,0.9025842379507485,1.233311838379281,0.0814342490075555
NIRISS_SOSS,0.901690408683905,1.22337030333961,0.08077782018335658
NIRISS_SOSS,0.9007968445240455,1.2433188803624082,0.08209500318449905
NIRISS_SOSS,0.8999035451307099,1.2591787967460033,0.08314221633840661
NIRISS_SOSS,0.899010515386817,1.2595466427470794,0.08316650481267232
NIRISS_SOSS,0.8981177773262438,1.253132339497159,0.0827429752949873
NIRISS_SOSS,0.8972253081339351,1.2610729606350655,0.08326728593475924
NIRISS_SOSS,0.8963331057285805,1.2682684603272125,0.0837423970100199
NIRISS_SOSS,0.8954411724543302,1.250013505587495,0.08253704205952389
NIRISS_SOSS,0.8945495082364093,1.2558083496107264,0.08291966935333783
NIRISS_SOSS,0.8936581136736886,1.2565827971714196,0.08297080528955302
NIRISS_SOSS,0.8927669900678686,1.2511589139461219,0.08261267213667804
NIRISS_SOSS,0.8918761362115906,1.2532500006113902,0.08275074433131424
NIRISS_SOSS,0.8909855555740039,1.260254091541174,0.08321321689267155
NIRISS_SOSS,0.8900952723159871,1.2579344320673707,0.08306005228229153
NIRISS_SOSS,0.8892052667522042,1.254055122865683,0.0828039056844265
NIRISS_SOSS,0.888315534365419,1.256082492232286,0.08293777069463121
NIRISS_SOSS,0.8874260764331912,1.2360201101818409,0.08161307327039533
NIRISS_SOSS,0.8865368933335355,1.2445458149509947,0.08217601635058869
NIRISS_SOSS,0.8856479855061932,1.2596694098904488,0.08317461099458996
NIRISS_SOSS,0.8847593543432457,1.2506628955589565,0.08257992057815425
NIRISS_SOSS,0.8838709985340325,1.2520298042673625,0.08267017608423714
NIRISS_SOSS,0.8829829217536662,1.246317429730253,0.08229299416154458
NIRISS_SOSS,0.882095148494851,1.2424264317493112,0.08203607576620646
NIRISS_SOSS,0.8812076593945557,1.2169798075878147,0.0803558626490664
NIRISS_SOSS,0.8803204492855536,1.2371767255645538,0.08168944333524898
NIRISS_SOSS,0.8794335192963956,1.2413623546153272,0.08196581590199728
NIRISS_SOSS,0.8785468698914262,1.2347640928579517,0.08153013980269602
NIRISS_SOSS,0.8776605014601708,1.2308765812216813,0.08127345160693214
NIRISS_SOSS,0.8767744154783496,1.2407107425571053,0.08192279066137743
NIRISS_SOSS,0.8758886105699678,1.2348812952116177,0.08153787854755819
NIRISS_SOSS,0.8750030911042511,1.2284564482272171,0.08111365283847015
NIRISS_SOSS,0.8741178861543657,1.228580457262609,0.08112184102117709
NIRISS_SOSS,0.8732329674630653,1.2430237174510683,0.08207551389616835
NIRISS_SOSS,0.8723483323196908,1.2345623199318672,0.08151681695425296
NIRISS_SOSS,0.8714639836800037,1.2350484332728078,0.08154891449326959
NIRISS_SOSS,0.8705799210551699,1.2294061589617877,0.08117636121281431
NIRISS_SOSS,0.8696961457415722,1.2103477996677166,0.07991795832707832
NIRISS_SOSS,0.8688126574348034,1.2125235895966644,0.0800616233867561
NIRISS_SOSS,0.8679294584266194,1.188079289268548,0.07844759263006507
NIRISS_SOSS,0.8670465614263845,1.1187141172966706,0.07386748522249098
NIRISS_SOSS,0.8661639736881351,1.1369619078196431,0.07507236712749096
NIRISS_SOSS,0.8652816780581645,1.2087673789612883,0.07981360485430772
NIRISS_SOSS,0.8643996722642527,1.234423015704745,0.08150761884655121
NIRISS_SOSS,0.8635179586253827,1.2327163883978611,0.08139493208822535
NIRISS_SOSS,0.8626365367492648,1.2360625161843921,0.08161587329295548
NIRISS_SOSS,0.861755408591866,1.2190917765537135,0.08049531367946536
NIRISS_SOSS,0.8608745721404155,1.2242111520243617,0.08083334051409607
NIRISS_SOSS,0.8599940318469673,1.2244153813167056,0.08084682555375096
NIRISS_SOSS,0.8591138188811667,1.2248995639996305,0.08087879561350346
NIRISS_SOSS,0.8582339048466879,1.1730808378119344,0.07745726107511086
NIRISS_SOSS,0.85735428570615,1.171626514588272,0.07736123368297228
NIRISS_SOSS,0.8564749641391535,1.2001557336860622,0.07924498721529351
NIRISS_SOSS,0.8555959396570171,1.1535012565445135,0.07616444246526916
NIRISS_SOSS,0.8547172139318401,1.0590493371128578,0.06992788421058903
NIRISS_SOSS,0.8538387857122525,1.1342464774486714,0.07489307019210843
NIRISS_SOSS,0.8529606588183061,1.1854586960569398,0.07827455768991397
NIRISS_SOSS,0.8520828556573231,1.1778855276381215,0.07777450955642273
NIRCam_GRISM,2.401432752609253,0.11052083803229604,0.00014297291921973229
NIRCam_GRISM,2.4023940563201904,0.12275620310098662,0.0001588009376525879
NIRCam_GRISM,2.403355121612549,0.1323654607169952,0.00017123174832463263
NIRCam_GRISM,2.4043164253234863,0.14422260507485546,0.0001865704896211624
NIRCam_GRISM,2.405277729034424,0.1573096175899481,0.0002035002235651016
NIRCam_GRISM,2.4062392711639404,0.16960099430376935,0.00021940070026516914
NIRCam_GRISM,2.407200574874878,0.18195319163194468,0.00023537985625267027
NIRCam_GRISM,2.4081618785858154,0.19668331129153951,0.0002544351606249809
NIRCam_GRISM,2.409123182296753,0.21050806649089704,0.0002723192596197128
NIRCam_GRISM,2.4100844860076904,0.22478596578164456,0.0002907895587801933
NIRCam_GRISM,2.411046028137207,0.24075187274414933,0.0003114435129761696
NIRCam_GRISM,2.4120073318481445,0.2642024655728347,0.0003417798710227013
NIRCam_GRISM,2.412968873977661,0.2813256418094764,0.0003639309018731117
NIRCam_GRISM,2.4139301776885986,0.3026020637289648,0.00039145469020605085
NIRCam_GRISM,2.4148917198181152,0.3257433269708447,0.0004213908906459808
NIRCam_GRISM,2.4158530235290527,0.35198478129542754,0.00045533758699893947
NIRCam_GRISM,2.4168145656585693,0.38046064539832747,0.0004921747797906399
NIRCam_GRISM,2.417776107788086,0.4105003629287163,0.000531035018134117
NIRCam_GRISM,2.4187376499176025,0.4286755843470514,0.0005545470047414302
NIRCam_GRISM,2.419699192047119,0.4532100025412678,0.0005862854303002357
NIRCam_GRISM,2.4206604957580566,0.48261350407393977,0.0006243226414203644
NIRCam_GRISM,2.4216220378875732,0.5059787166861557,0.0006545485491752625
NIRCam_GRISM,2.422583818435669,0.5338957772558197,0.0006906628577232361
NIRCam_GRISM,2.4235453605651855,0.5595308848800188,0.0007238251666307449
NIRCam_GRISM,2.424506902694702,0.5709392537026077,0.0007385833590507506
NIRCam_GRISM,2.4254684448242188,0.5924033500469483,0.0007663499283909797
NIRCam_GRISM,2.4264299869537354,0.6069491107489571,0.0007851667407393455
NIRCam_GRISM,2.427391767501831,0.43610142273344477,0.0005641532818078995
NIRCam_GRISM,2.4283533096313477,0.638834388151521,0.0008264144481539726
NIRCam_GRISM,2.4293150901794434,0.5619810498937041,0.0007269947702169418
NIRCam_GRISM,2.43027663230896,0.6408421755373942,0.0008290117793798447
NIRCam_GRISM,2.4312384128570557,0.6584605720077974,0.0008518034412980079
NIRCam_GRISM,2.4321999549865723,0.6556363280693864,0.0008481499185085296
NIRCam_GRISM,2.433161735534668,0.6633750060269832,0.0008581608937978744
NIRCam_GRISM,2.4341235160827637,0.6595715056304383,0.0008532405768275261
NIRCam_GRISM,2.4350850582122803,0.6611151950720987,0.0008552375376701354
NIRCam_GRISM,2.436046838760376,0.6664963221023892,0.0008621987176060677
NIRCam_GRISM,2.4370086193084717,0.6688623049651626,0.0008652594207525253
NIRCam_GRISM,2.4379703998565674,0.6777164000830437,0.0008767133316040039
NIRCam_GRISM,2.438932180404663,0.6765290763477776,0.0008751773756384849
NIRCam_GRISM,2.439893960952759,0.6821749729635475,0.0008824810690879821
NIRCam_GRISM,2.4408559799194336,0.6757580121144409,0.0008741799048781395
NIRCam_GRISM,2.4418177604675293,0.6650098901056825,0.0008602758266329765
NIRCam_GRISM,2.442779541015625,0.6629437607394429,0.0008576030225515366
NIRCam_GRISM,2.4437413215637207,0.662126321506094,0.0008565455597639083
NIRCam_GRISM,2.4447033405303955,0.6656527895778763,0.0008611074997901916
NIRCam_GRISM,2.445665121078491,0.6650429751121173,0.0008603186263442039
NIRCam_GRISM,2.446627140045166,0.6720535874111762,0.0008693877550601959
NIRCam_GRISM,2.4475889205932617,0.6680679819529504,0.000864231861770153
NIRCam_GRISM,2.4485509395599365,0.6761553678151498,0.000874693935585022
NIRCam_GRISM,2.4495129585266113,0.6797665956869621,0.000879365523314476
NIRCam_GRISM,2.450474739074707,0.6783233588786234,0.0008774985108733176
NIRCam_GRISM,2.451436758041382,0.6887259389256837,0.0008909555861473083
NIRCam_GRISM,2.4523987770080566,0.6800099246530346,0.0008796803006291389
NIRCam_GRISM,2.4533607959747314,0.6834933835710726,0.000884186602783203
NIRCam_GRISM,2.4543228149414062,0.6953465312485445,0.0008995201738595962
NIRCam_GRISM,2.455284833908081,0.6997823593966074,0.0009052584881067275
NIRCam_GRISM,2.456246852874756,0.703544726402524,0.0009101255937457084
NIRCam_GRISM,2.4572088718414307,0.4834502478828214,0.0006254050771594047
NIRCam_GRISM,2.4581708908081055,0.7136609785216781,0.0009232122670173645
NIRCam_GRISM,2.4591329097747803,0.7140934909604494,0.0009237717774868011
NIRCam_GRISM,2.460095167160034,0.7146875129315109,0.0009245402213096618
NIRCam_GRISM,2.461057186126709,0.7205126788710635,0.000932075822687149
NIRCam_GRISM,2.462019443511963,0.7219494380750715,0.0009339344555139541
NIRCam_GRISM,2.4629814624786377,0.7240124819370943,0.0009366032680988312
NIRCam_GRISM,2.4639437198638916,0.7235488566266156,0.0009360035091280937
NIRCam_GRISM,2.4649057388305664,0.727032973245425,0.0009405106621026993
NIRCam_GRISM,2.4658679962158203,0.7334666099311636,0.0009488333986520767
NIRCam_GRISM,2.466830253601074,0.7332175280830208,0.0009485111792445183
NIRCam_GRISM,2.467792272567749,0.7374644710975441,0.0009540051462769508
NIRCam_GRISM,2.468754529953003,0.7325351110895906,0.0009476283850908279
NIRCam_GRISM,2.469716787338257,0.720604124693548,0.0009321941196203231
NIRCam_GRISM,2.4706790447235107,0.7265077400277408,0.000939831205379963
NIRCam_GRISM,2.4716413021087646,0.733676435183886,0.0009491048346042632
NIRCam_GRISM,2.4726035594940186,0.740252458474614,0.0009576117665410042
NIRCam_GRISM,2.4735658168792725,0.7412670130674451,0.0009589242233991622
NIRCam_GRISM,2.4745280742645264,0.7326634774312466,0.0009477944434642791
NIRCam_GRISM,2.4754905700683594,0.7296235603410521,0.0009438619197130202
NIRCam_GRISM,2.4764528274536133,0.7208376530408495,0.000932496218574047
NIRCam_GRISM,2.477415084838867,0.721264639464323,0.0009330485804319381
NIRCam_GRISM,2.4783775806427,0.7087036791320963,0.0009167993626475334
NIRCam_GRISM,2.479339838027954,0.7022931723427164,0.0009085065475940705
NIRCam_GRISM,2.480302333831787,0.7180385071341674,0.0009288751633167267
NIRCam_GRISM,2.481264591217041,0.713912773288744,0.0009235379959344863
NIRCam_GRISM,2.482227087020874,0.7149856568962831,0.0009249259088754654
NIRCam_GRISM,2.483189582824707,0.7063795177429375,0.0009137927609562874
NIRCam_GRISM,2.484151840209961,0.7237759826478132,0.000936297325849533
NIRCam_GRISM,2.485114336013794,0.7260258822920352,0.0009392078604221343
NIRCam_GRISM,2.486076831817627,0.7304704204599146,0.0009449574422001838
NIRCam_GRISM,2.48703932762146,0.681413561566276,0.000881496085512638
NIRCam_GRISM,2.488001823425293,0.7256911951668117,0.0009387748995780944
NIRCam_GRISM,2.488964319229126,0.7616959160707019,0.000985351637005806
NIRCam_GRISM,2.489926815032959,0.749115817845837,0.0009690776618957519
NIRCam_GRISM,2.490889310836792,0.7392576906379025,0.0009563249063968658
NIRCam_GRISM,2.491852045059204,0.7554689017974839,0.0009772961931228637
NIRCam_GRISM,2.492814540863037,0.7497954201947541,0.0009699568149447441
NIRCam_GRISM,2.49377703666687,0.7507695518634433,0.0009712169795513153
NIRCam_GRISM,2.4947397708892822,0.7458486890062846,0.0009648512105226517
NIRCam_GRISM,2.4957022666931152,0.7525317745134583,0.0009734966412067413
NIRCam_GRISM,2.4966650009155273,0.7411614569315806,0.0009587876729607581
NIRCam_GRISM,2.4976274967193604,0.7624386342780731,0.0009863124385356902
NIRCam_GRISM,2.4985902309417725,0.7617245027676733,0.0009853886175751685
NIRCam_GRISM,2.4995529651641846,0.7647518300743603,0.0009893048548221587
NIRCam_GRISM,2.5005154609680176,0.7687374995868099,0.0009944608309745788
NIRCam_GRISM,2.5014781951904297,0.5264089829542319,0.0006809777263402938
NIRCam_GRISM,2.502440929412842,0.7655327578840941,0.00099031508538723
NIRCam_GRISM,2.503403663635254,0.7641772364653932,0.000988561544084549
NIRCam_GRISM,2.504366397857666,0.7579338097325784,0.0009804848685741425
NIRCam_GRISM,2.505329132080078,0.7601105909320275,0.0009833008150339126
NIRCam_GRISM,2.5062918663024902,0.7635816851916752,0.0009877911219120026
NIRCam_GRISM,2.5072546005249023,0.762203647003904,0.0009860084522724153
NIRCam_GRISM,2.5082173347473145,0.761814208160135,0.0009855046630382535
NIRCam_GRISM,2.5091803073883057,0.7653467376450578,0.0009900744442820548
NIRCam_GRISM,2.5101430416107178,0.7706708588673803,0.0009969618798732756
NIRCam_GRISM,2.51110577583313,0.7620376314859646,0.0009857936898469925
NIRCam_GRISM,2.512068748474121,0.7327991859479901,0.000947969999885559
NIRCam_GRISM,2.513031482696533,0.6448497818475885,0.0008341961336016655
NIRCam_GRISM,2.5139944553375244,0.6613868033006708,0.0008555888978481292
NIRCam_GRISM,2.5149571895599365,0.7458067019463733,0.0009647968948602676
NIRCam_GRISM,2.5159201622009277,0.7721750325294603,0.0009989077219724656
NIRCam_GRISM,2.516883134841919,0.7835070172384602,0.0010135671017169952
NIRCam_GRISM,2.51784610748291,0.7859036834935633,0.0010166674977779388
NIRCam_GRISM,2.5188090801239014,0.7838680445184069,0.0010140341369390487
NIRCam_GRISM,2.5197718143463135,0.7796037866086462,0.0010085177708625793
NIRCam_GRISM,2.5207347869873047,0.7896742695014195,0.0010215452357530594
NIRCam_GRISM,2.521697759628296,0.789584779235681,0.0010214294685840606
NIRCam_GRISM,2.522660970687866,0.7874749083817567,0.0010187000792622565
NIRCam_GRISM,2.5236239433288574,0.801007265725307,0.0010362059240221976
NIRCam_GRISM,2.5245869159698486,0.7958202351202308,0.0010294958327770232
NIRCam_GRISM,2.52554988861084,0.7997932354425775,0.00103463541970253
NIRCam_GRISM,2.526512861251831,0.5485451125411238,0.00070961365711689
NIRCam_GRISM,2.5274760723114014,0.215780686762659,0.000279140072107315
NIRCam_GRISM,2.5284390449523926,0.5545320487452653,0.000717358529138565
NIRCam_GRISM,2.529402256011963,0.8088087745548919,0.0010462981791257856
NIRCam_GRISM,2.530365228652954,0.8142689897158991,0.0010533616697311402
NIRCam_GRISM,2.5313284397125244,0.8217804883060312,0.001063078759288788
NIRCam_GRISM,2.5322916507720947,0.8234213375552706,0.0010652014088392257
NIRCam_GRISM,2.533254623413086,0.8350533388313763,0.001080248898601532
NIRCam_GRISM,2.5342178344726562,0.8273968467648083,0.0010703442413330078
NIRCam_GRISM,2.5351810455322266,0.8161835489205183,0.0010558383983135223
NIRCam_GRISM,2.536144256591797,0.8136714993989105,0.001052588739156723
NIRCam_GRISM,2.537107467651367,0.8125623120763168,0.0010511538626909256
NIRCam_GRISM,2.5380706787109375,0.8005839745790388,0.0010356583424806593
NIRCam_GRISM,2.539033889770508,0.7749133587893746,0.0010024500991940499
NIRCam_GRISM,2.539997100830078,0.793976707082868,0.0010271109921455384
NIRCam_GRISM,2.5409603118896484,0.8133391722815745,0.0010521588312864304
NIRCam_GRISM,2.5419235229492188,0.813745634067492,0.0010526846418857576
NIRCam_GRISM,2.542886972427368,0.8086914890134026,0.001046146455192566
NIRCam_GRISM,2.5438501834869385,0.8049474956358306,0.0010413031182050704
NIRCam_GRISM,2.544813394546509,0.7937212683851849,0.0010267805493354796
NIRCam_GRISM,2.545776844024658,0.8067234962010228,0.001043600603365898
NIRCam_GRISM,2.5467400550842285,0.8039018869360431,0.0010399504888653755
NIRCam_GRISM,2.547703504562378,0.8079487807399189,0.001045185666513443
NIRCam_GRISM,2.5486669540405273,0.7891134593551252,0.0010208197556972503
NIRCam_GRISM,2.5496301651000977,0.7985172087344244,0.0010329847150325774
NIRCam_GRISM,2.550593614578247,0.8048669619954452,0.0010411989375829697
NIRCam_GRISM,2.5515570640563965,0.8070377677679377,0.0010440071540594102
NIRCam_GRISM,2.552520513534546,0.8101208172823915,0.0010479954751491547
NIRCam_GRISM,2.5534839630126953,0.8003204327962744,0.0010353174172878265
NIRCam_GRISM,2.5544474124908447,0.8180186337984109,0.0010582123166322707
NIRCam_GRISM,2.555410861968994,0.7981336520422774,0.0010324885351181028
NIRCam_GRISM,2.5563743114471436,0.8033897565162085,0.0010392879822969437
NIRCam_GRISM,2.557337760925293,0.7922522374634167,0.001024880168890953
NIRCam_GRISM,2.5583012104034424,0.7958226346056458,0.0010294989368200302
NIRCam_GRISM,2.559264898300171,0.753224013606079,0.0009743921415090561
NIRCam_GRISM,2.5602283477783203,0.7883873627350382,0.001019880456328392
NIRCam_GRISM,2.5611917972564697,0.7801488503818642,0.0010092228809595108
NIRCam_GRISM,2.5621554851531982,0.7631833548088697,0.0009872758303284645
NIRCam_GRISM,2.5631189346313477,0.7830278235263085,0.001012947203016281
NIRCam_GRISM,2.564082622528076,0.8083715322954699,0.0010457325500249862
NIRCam_GRISM,2.5650463104248047,0.8185890043440105,0.0010589501642942428
NIRCam_GRISM,2.566009759902954,0.807600745694942,0.0010447354384183884
NIRCam_GRISM,2.5669734477996826,0.8117173296557431,0.0010500607692480086
NIRCam_GRISM,2.567937135696411,0.8240906586529679,0.0010660672617673872
NIRCam_GRISM,2.5689008235931396,0.8154053982129429,0.0010548317602872847
NIRCam_GRISM,2.569864511489868,0.8310091560757565,0.0010750172280430794
NIRCam_GRISM,2.5708281993865967,0.8456237853892782,0.0010939231307983397
NIRCam_GRISM,2.571791887283325,0.8138481234058113,0.0010528172250270844
NIRCam_GRISM,2.5727555751800537,0.8251125672254415,0.001067389231944084
NIRCam_GRISM,2.5737192630767822,0.8415897712578139,0.001088704614663124
NIRCam_GRISM,2.5746829509735107,0.8429755657476787,0.0010904973180770874
NIRCam_GRISM,2.5756466388702393,0.8407725656643427,0.0010876474541187285
NIRCam_GRISM,2.576610565185547,0.8516470406608462,0.0011017149862051008
NIRCam_GRISM,2.5775742530822754,0.8523157106373601,0.0011025799968242644
NIRCam_GRISM,2.578537940979004,0.8480070874691753,0.00109700623857975
NIRCam_GRISM,2.5795018672943115,0.8525475795738788,0.0011028799491167069
NIRCam_GRISM,2.580465793609619,0.8585237922107758,0.0011106109488248825
NIRCam_GRISM,2.5814294815063477,0.8241019185211358,0.0010660818278551102
NIRCam_GRISM,2.5823934078216553,0.8560949778309563,0.0011074689650297164
NIRCam_GRISM,2.583357334136963,0.8402548963280574,0.0010869777822494506
NIRCam_GRISM,2.5843210220336914,0.8540735702464993,0.001104854014325142
NIRCam_GRISM,2.585284948348999,0.8731486589115975,0.0011295300949573516
NIRCam_GRISM,2.5862488746643066,0.889717445389663,0.0011509639513492586
NIRCam_GRISM,2.5872128009796143,0.9046579985268305,0.0011702914784908294
NIRCam_GRISM,2.588176727294922,0.9089809573270293,0.0011758837817192076
NIRCam_GRISM,2.5891406536102295,0.9103939012609347,0.0011777116064310073
NIRCam_GRISM,2.590104579925537,0.9008717714193052,0.0011653935067415238
NIRCam_GRISM,2.591068744659424,0.898204153346286,0.0011619425996541976
NIRCam_GRISM,2.5920326709747314,0.9017993226371234,0.001166593413543701
NIRCam_GRISM,2.592996597290039,0.8989447375739676,0.0011629006406068802
NIRCam_GRISM,2.5939605236053467,0.9231851389789608,0.0011942587176322936
NIRCam_GRISM,2.5949246883392334,0.9133902783794514,0.0011815878056287764
NIRCam_GRISM,2.595888614654541,0.9317691431728542,0.0012053632311344147
NIRCam_GRISM,2.5968527793884277,0.9398110224761445,0.0012157664363622665
NIRCam_GRISM,2.5978169441223145,0.941722923914269,0.001218239726781845
NIRCam_GRISM,2.598780870437622,0.9378805942084857,0.0012132691791057588
NIRCam_GRISM,2.599745035171509,0.94830915530668,0.0012267598642110825
NIRCam_GRISM,2.6007091999053955,0.9597687288048548,0.0012415842964649199
NIRCam_GRISM,2.6016733646392822,0.9467136988926875,0.0012246959361314773
NIRCam_GRISM,2.60263729095459,0.8191499491783403,0.0010596758185863495
NIRCam_GRISM,2.6036014556884766,0.9564167924310071,0.001237248135638237
NIRCam_GRISM,2.6045656204223633,0.9558266721555964,0.0012364847391605378
NIRCam_GRISM,2.60552978515625,0.958644637425453,0.001240130139684677
NIRCam_GRISM,2.606494188308716,0.9603848940566121,0.0012423813854694366
NIRCam_GRISM,2.6074583530426025,0.9464898500868378,0.0012244063589096068
NIRCam_GRISM,2.6084225177764893,0.9732956694703775,0.0012590831340551375
NIRCam_GRISM,2.609386682510376,0.9624040416171161,0.001244993412542343
NIRCam_GRISM,2.610351085662842,0.959090265305204,0.0012407066166639329
NIRCam_GRISM,2.6113152503967285,0.9534924274834078,0.0012334650934457778
NIRCam_GRISM,2.6122796535491943,0.9622800139331572,0.0012448329667806624
NIRCam_GRISM,2.613243818283081,0.9519130208776062,0.0012314219278573989
NIRCam_GRISM,2.614208221435547,0.9520863350937481,0.0012316461320877074
NIRCam_GRISM,2.6151723861694336,0.9495412903577292,0.0012283537893772124
NIRCam_GRISM,2.6161367893218994,0.9525355261428992,0.0012322272184848784
NIRCam_GRISM,2.6171011924743652,0.9555671663694834,0.0012361490350484847
NIRCam_GRISM,2.618065595626831,0.9502784955154614,0.0012293074590682984
NIRCam_GRISM,2.619029998779297,0.9566392587493193,0.0012375359244346617
NIRCam_GRISM,2.6199941635131836,0.6459322515922329,0.0008355964474439621
NIRCam_GRISM,2.6209585666656494,0.9323595943628351,0.0012061270556926727
NIRCam_GRISM,2.6219232082366943,0.9181821139688947,0.0011877866612911223
NIRCam_GRISM,2.62288761138916,0.9040090102910523,0.0011694519287347794
NIRCam_GRISM,2.623852014541626,0.9078846604493098,0.001174465580701828
NIRCam_GRISM,2.624816417694092,0.9042524678171128,0.0011697668723583221
NIRCam_GRISM,2.6257808208465576,0.9246344125592378,0.0011961335394144058
NIRCam_GRISM,2.6267454624176025,0.8388022893479119,0.0010850986482858656
NIRCam_GRISM,2.6277098655700684,0.931722373268554,0.0012053027282476424
NIRCam_GRISM,2.6286745071411133,0.9259378084180638,0.0011978196496009825
NIRCam_GRISM,2.629638910293579,0.93339087897714,0.0012074611549854277
NIRCam_GRISM,2.630603551864624,0.9400203866416648,0.0012160372758388519
NIRCam_GRISM,2.63156795501709,0.9441343879206807,0.0012213592656373977
NIRCam_GRISM,2.6325325965881348,0.9519678471648149,0.0012314928527116776
NIRCam_GRISM,2.6334972381591797,0.9527901977380349,0.001232556668949127
NIRCam_GRISM,2.6344618797302246,0.9675324758955979,0.0012516277019023895
NIRCam_GRISM,2.6354262828826904,0.956636607175378,0.0012375324942827223
NIRCam_GRISM,2.6363909244537354,0.9471868740880319,0.0012253080491065977
NIRCam_GRISM,2.6373555660247803,0.9392579096736752,0.0012150509138107298
NIRCam_GRISM,2.638320207595825,0.9394990745358662,0.0012153628915786744
NIRCam_GRISM,2.63928484916687,0.9388859444093237,0.001214569728899002
NIRCam_GRISM,2.640249729156494,0.935436797074826,0.0012101078131914137
NIRCam_GRISM,2.641214370727539,0.9597457776539687,0.0012415546061992646
NIRCam_GRISM,2.642179012298584,0.9767897139778307,0.001263603130030632
NIRCam_GRISM,2.643143653869629,0.985712929215199,0.001275146456646919
NIRCam_GRISM,2.644108533859253,0.9764389451785689,0.0012631493654727936
NIRCam_GRISM,2.645073175430298,0.9648792088069649,0.001248195359659195
NIRCam_GRISM,2.646038055419922,0.9666149649999703,0.0012504407835483551
NIRCam_GRISM,2.647002696990967,0.9744409202885601,0.0012605646632909773
NIRCam_GRISM,2.647967576980591,0.9733218401039528,0.0012591169891357423
NIRCam_GRISM,2.648932456970215,0.9857412757572107,0.0012751831265449523
NIRCam_GRISM,2.6498970985412598,1.0053858921355943,0.0013005959645271301
NIRCam_GRISM,2.650861978530884,0.9893355282921281,0.0012798327544927598
NIRCam_GRISM,2.651826858520508,0.9877897515084454,0.00127783309340477
NIRCam_GRISM,2.652791738510132,0.9906082630131132,0.001281479200553894
NIRCam_GRISM,2.653756618499756,0.984484389715444,0.001273557182788849
NIRCam_GRISM,2.65472149848938,0.9837158359174365,0.001272562959599495
NIRCam_GRISM,2.655686378479004,1.0042654084345701,0.0012991464747428893
NIRCam_GRISM,2.656651258468628,1.0037432767185321,0.0012984710302114486
NIRCam_GRISM,2.657616138458252,1.0140552148784465,0.0013118108485460282
NIRCam_GRISM,2.658581256866455,1.0097616935417424,0.0013062566264629362
NIRCam_GRISM,2.659546136856079,1.0025007106983845,0.0012968636112451553
NIRCam_GRISM,2.660511016845703,0.9913844501652276,0.0012824832984685897
NIRCam_GRISM,2.6614761352539062,1.0042711955046957,0.0012991539610624314
NIRCam_GRISM,2.6624410152435303,1.005935742365524,0.0013013072665214538
NIRCam_GRISM,2.6634061336517334,0.9951302649275563,0.001287328991651535
NIRCam_GRISM,2.6643710136413574,0.9676553472492285,0.0012517866518020628
NIRCam_GRISM,2.6653361320495605,0.9895563329419558,0.0012801183937072753
NIRCam_GRISM,2.6663012504577637,1.0080614744772904,0.0013040571744203566
NIRCam_GRISM,2.6672661304473877,1.0082421764095895,0.0013042909356117249
NIRCam_GRISM,2.668231248855591,1.0174056656845458,0.0013161450875997542
NIRCam_GRISM,2.669196367263794,1.01885928721135,0.0013180255340099335
NIRCam_GRISM,2.670161485671997,1.0145496365953537,0.0013124504466295243
NIRCam_GRISM,2.6711266040802,1.0121495435360355,0.0013093456175565718
NIRCam_GRISM,2.6720917224884033,1.0129148028956563,0.0013103355789661408
NIRCam_GRISM,2.6730568408966064,0.9979353584592106,0.0012909577409267424
NIRCam_GRISM,2.6740221977233887,1.004148144696029,0.0012989947790145874
NIRCam_GRISM,2.674987316131592,1.0159626385844465,0.0013142783464431761
NIRCam_GRISM,2.675952434539795,1.0371693720886654,0.0013417119838476182
NIRCam_GRISM,2.676917552947998,1.0157791282001878,0.0013140409521579743
NIRCam_GRISM,2.6778829097747803,1.0203962807611737,0.0013200138328552245
NIRCam_GRISM,2.6788480281829834,1.0212203553154466,0.001321079879283905
NIRCam_GRISM,2.6798133850097656,1.0271304498021083,0.001328725346660614
NIRCam_GRISM,2.6807785034179688,1.0179204563866,0.0013168110355854033
NIRCam_GRISM,2.681743860244751,0.7049163206579735,0.0009118999273300171
NIRCam_GRISM,2.682709217071533,1.0335629755695768,0.0013370466460943223
NIRCam_GRISM,2.6836745738983154,1.0377311410486378,0.001342438704252243
NIRCam_GRISM,2.6846396923065186,1.043202261812156,0.0013495163026571275
NIRCam_GRISM,2.685605049133301,1.0386080053141333,0.0013435730409622191
NIRCam_GRISM,2.686570405960083,1.0238236457892318,0.0013244475703477858
NIRCam_GRISM,2.6875357627868652,1.0201558850657146,0.0013197028501033782
NIRCam_GRISM,2.6885011196136475,1.0376900596496554,0.0013423855601787567
NIRCam_GRISM,2.6894664764404297,1.036380140967958,0.0013406910118818282
NIRCam_GRISM,2.690432071685791,1.0405785304938022,0.0013461221687316894
NIRCam_GRISM,2.6913974285125732,1.031811756699846,0.0013347812192440033
NIRCam_GRISM,2.6923627853393555,1.025760917731433,0.0013269536807775499
NIRCam_GRISM,2.6933281421661377,1.0340865667930346,0.0013377239786863328
NIRCam_GRISM,2.694293737411499,1.0276472653400994,0.0013293939140319824
NIRCam_GRISM,2.6952590942382812,1.045323396340088,0.001352260262989998
NIRCam_GRISM,2.6962246894836426,1.079951136692716,0.00139705569896698
NIRCam_GRISM,2.697190046310425,1.054761176509336,0.0013644692455291748
NIRCam_GRISM,2.698155641555786,1.008551609915181,0.0013046912276506424
NIRCam_GRISM,2.6991212368011475,1.0666806030854077,0.0013798885568857193
NIRCam_GRISM,2.7000865936279297,0.9410542602593202,0.001217374724340439
NIRCam_GRISM,2.701052188873291,0.5991658352476795,0.0007750980727910994
NIRCam_GRISM,2.7020177841186523,0.9263651518809419,0.001198372473335266
NIRCam_GRISM,2.7029833793640137,1.0229415274002345,0.001323306436753273
NIRCam_GRISM,2.703948974609375,1.0386179954508394,0.001343585964488983
NIRCam_GRISM,2.7049145698547363,1.050366068915011,0.0013587836085557938
NIRCam_GRISM,2.7058801651000977,1.0354996392224216,0.0013395519696235655
NIRCam_GRISM,2.706845760345459,1.0538233671978672,0.001363256068563461
NIRCam_GRISM,2.7078115940093994,0.9306477811613454,0.0012039126051425933
NIRCam_GRISM,2.7087771892547607,0.92308654101537,0.0011941311684846878
NIRCam_GRISM,2.709742784500122,1.0439385326684,0.0013504687637090683
NIRCam_GRISM,2.7107086181640625,1.0647715921505747,0.001377419005703926
NIRCam_GRISM,2.711674213409424,1.050475638147981,0.0013589253504514695
NIRCam_GRISM,2.712639808654785,1.0036169870754474,0.001298307658314705
NIRCam_GRISM,2.7136056423187256,1.0704903176447422,0.0013848169126749038
NIRCam_GRISM,2.714571475982666,1.0516572547357632,0.0013604539234876633
NIRCam_GRISM,2.7155370712280273,1.0551643371482673,0.0013649907856702803
NIRCam_GRISM,2.7165029048919678,1.0518775061841574,0.0013607388470649718
NIRCam_GRISM,2.717468738555908,1.058540965941599,0.0013693588893175126
NIRCam_GRISM,2.7184345722198486,1.0336906341539882,0.0013372117888927459
NIRCam_GRISM,2.719400405883789,1.0501414376542422,0.0013584930191278457
NIRCam_GRISM,2.7203662395477295,1.033926684483151,0.0013375171503543853
NIRCam_GRISM,2.72133207321167,1.0408828413386393,0.0013465158339500427
NIRCam_GRISM,2.7222979068756104,1.0555003877963336,0.0013654255104064942
NIRCam_GRISM,2.723263740539551,1.0464074132554855,0.0013536625782966613
NIRCam_GRISM,2.724229574203491,1.0413245179823125,0.0013470871994972228
NIRCam_GRISM,2.7251954078674316,1.0342272738614424,0.0013379060013771057
NIRCam_GRISM,2.726161479949951,1.0296472861674626,0.0013319811982154847
NIRCam_GRISM,2.7271273136138916,1.0285180904469433,0.0013305204383134842
NIRCam_GRISM,2.728093147277832,1.0270970950325677,0.0013286821979761124
NIRCam_GRISM,2.7290592193603516,1.0362534829969599,0.0013405271635055541
NIRCam_GRISM,2.730025053024292,1.028868856794986,0.0013309741997003554
NIRCam_GRISM,2.7309911251068115,1.0322023600016688,0.001335286514854431
NIRCam_GRISM,2.731957197189331,1.0357674413528857,0.001339898406124115
NIRCam_GRISM,2.7329230308532715,1.0136213471735704,0.00131124958486557
NIRCam_GRISM,2.733889102935791,1.0304237323747258,0.0013329856312513351
NIRCam_GRISM,2.7348551750183105,1.034146931674165,0.001337802068424225
NIRCam_GRISM,2.73582124710083,1.0258488664384195,0.0013270674537420272
NIRCam_GRISM,2.7367873191833496,1.0267316647181715,0.0013282094668626786
NIRCam_GRISM,2.737753391265869,1.00811967828631,0.0013041324685335158
NIRCam_GRISM,2.7387194633483887,1.014447676333312,0.0013123185479164121
NIRCam_GRISM,2.739685535430908,1.0264500722874235,0.001327845190834999
NIRCam_GRISM,2.7406516075134277,1.0049904494823325,0.0013000844085931777
NIRCam_GRISM,2.7416179180145264,1.0132570577081186,0.0013107783295869826
NIRCam_GRISM,2.742583990097046,1.0092504644609503,0.0013055952858924864
NIRCam_GRISM,2.7435500621795654,0.6901412066152367,0.0008927864169359207
NIRCam_GRISM,2.744516372680664,1.0182655081689962,0.0013172574044466017
NIRCam_GRISM,2.7454824447631836,1.010287857771121,0.001306937287569046
NIRCam_GRISM,2.7464487552642822,1.0089729929164397,0.0013052363407611847
NIRCam_GRISM,2.7474148273468018,1.0285591773934215,0.0013305735895633697
NIRCam_GRISM,2.7483811378479004,1.0097121135083327,0.0013061924883127213
NIRCam_GRISM,2.749347448348999,1.0089379682216766,0.0013051910318136214
NIRCam_GRISM,2.7503135204315186,1.000992106135365,0.001294912037205696
NIRCam_GRISM,2.751279830932617,1.0101042744953486,0.0013066997989892959
NIRCam_GRISM,2.752246141433716,0.9947322897779938,0.001286814159607887
NIRCam_GRISM,2.7532124519348145,0.9684266911795588,0.001252784484386444
NIRCam_GRISM,2.754178762435913,0.9879414316523936,0.0012780293111801146
NIRCam_GRISM,2.7551450729370117,0.9858754788384305,0.0012753567354917526
NIRCam_GRISM,2.7561113834381104,0.9965718940587347,0.0012891939243555067
NIRCam_GRISM,2.757077693939209,1.0084799354964444,0.0013045985075712204
NIRCam_GRISM,2.7580442428588867,1.005524260483017,0.0013007749617815019
NIRCam_GRISM,2.7590105533599854,1.0049687777387726,0.0013000563734054565
NIRCam_GRISM,2.759976863861084,1.0096372381845673,0.001306095627450943
NIRCam_GRISM,2.7609434127807617,1.010277741719163,0.0013069242011547089
NIRCam_GRISM,2.7619097232818604,1.0207226283231845,0.0013204360054016114
NIRCam_GRISM,2.762876272201538,1.013296609159387,0.0013108294944763183
NIRCam_GRISM,2.7638425827026367,0.9877094718917592,0.0012777292413949967
NIRCam_GRISM,2.7648091316223145,0.9973249626029993,0.001290168115377426
NIRCam_GRISM,2.765775442123413,1.0082876439425115,0.0013043497537136078
NIRCam_GRISM,2.766741991043091,0.995285664602877,0.0012875300211191176
NIRCam_GRISM,2.7677085399627686,0.8912644147559133,0.0011529651551961898
NIRCam_GRISM,2.7686750888824463,1.0231127720134392,0.0013235279636859892
NIRCam_GRISM,2.769641637802124,1.001574533711366,0.0012956654821872711
NIRCam_GRISM,2.7706081867218018,0.9995832834747317,0.001293089543890953
NIRCam_GRISM,2.7715747356414795,1.0098212989320057,0.001306333733701706
NIRCam_GRISM,2.7725412845611572,1.0079713735999887,0.0013039406173467635
NIRCam_GRISM,2.773507833480835,1.0048247077268564,0.0012998700003147125
NIRCam_GRISM,2.7744743824005127,1.0049998312006714,0.0013000965450525284
NIRCam_GRISM,2.7754411697387695,1.0133884737532923,0.0013109483331441877
NIRCam_GRISM,2.7764077186584473,1.0161337981790541,0.001314499763393402
NIRCam_GRISM,2.777374267578125,1.0214267744057988,0.0013213469089269638
NIRCam_GRISM,2.778341054916382,1.0178418732715109,0.0013167093782186507
NIRCam_GRISM,2.7793076038360596,1.0239662548746016,0.001324632053542137
NIRCam_GRISM,2.7802743911743164,1.0240370395008276,0.001324723622560501
NIRCam_GRISM,2.781240940093994,1.0243621193955608,0.001325144155216217
NIRCam_GRISM,2.782207727432251,1.0233836323621817,0.001323878356385231
NIRCam_GRISM,2.783174514770508,1.0283795385161159,0.001330341203570366
NIRCam_GRISM,2.7841413021087646,1.01355749175653,0.0013111669796705245
NIRCam_GRISM,2.7851080894470215,1.0469226441448745,0.0013543290957212448
NIRCam_GRISM,2.786074638366699,1.0454410616915168,0.0013524124782562255
NIRCam_GRISM,2.787041425704956,1.051694408507778,0.001360501986670494
NIRCam_GRISM,2.788008213043213,1.0437359154187758,0.001350206652235985
NIRCam_GRISM,2.788975238800049,1.025317095884067,0.001326379540133476
NIRCam_GRISM,2.7899420261383057,0.7167306812774823,0.0009271833223581313
NIRCam_GRISM,2.7909088134765625,1.0187969520661593,0.0013179448954820632
NIRCam_GRISM,2.7918756008148193,1.0319869122975311,0.0013350078055381774
NIRCam_GRISM,2.792842388153076,1.0680139292317667,0.0013816133857488633
NIRCam_GRISM,2.793809413909912,1.0300625550543714,0.0013325184019327163
NIRCam_GRISM,2.794776201248169,1.034914669087221,0.0013387952355146406
NIRCam_GRISM,2.795743227005005,1.0017631047018338,0.0012959094230175017
NIRCam_GRISM,2.7967100143432617,1.0129557650879866,0.00131038856883049
NIRCam_GRISM,2.7976770401000977,1.0204198818721397,0.0013200443639278412
NIRCam_GRISM,2.7986440658569336,1.0320724562296302,0.0013351184676170349
NIRCam_GRISM,2.7996108531951904,1.0319083458249294,0.0013349061697006225
NIRCam_GRISM,2.8005778789520264,1.0262510037579082,0.0013275876700878143
NIRCam_GRISM,2.8015449047088623,1.0303206655808057,0.001332852301096916
NIRCam_GRISM,2.8025119304656982,1.0415973491111614,0.0013474401416540146
NIRCam_GRISM,2.803478956222534,1.03061133564972,0.0013332283202171324
NIRCam_GRISM,2.80444598197937,1.021330487296703,0.00132122234916687
NIRCam_GRISM,2.805413007736206,1.0011136617004184,0.0012950692849636077
NIRCam_GRISM,2.806380033493042,1.024170204426279,0.0013248958885192872
NIRCam_GRISM,2.807347059249878,1.0211252542093305,0.0013209568537712096
NIRCam_GRISM,2.808314085006714,1.0140598937395435,0.0013118169012546537
NIRCam_GRISM,2.809281349182129,1.0259683383382794,0.0013272220060110093
NIRCam_GRISM,2.810248374938965,1.005276500809522,0.0013004544527769088
NIRCam_GRISM,2.811215400695801,1.0128109122341162,0.0013102011830329894
NIRCam_GRISM,2.812182664871216,1.008511964027474,0.0013046399405956268
NIRCam_GRISM,2.8131496906280518,1.0119575743819118,0.0013090972807645797
NIRCam_GRISM,2.814116954803467,1.0030778165488425,0.0012976101718902588
NIRCam_GRISM,2.815084218978882,1.0260556245710681,0.0013273349219799042
NIRCam_GRISM,2.8160512447357178,1.0226297344028017,0.0013229030924081801
NIRCam_GRISM,2.817018508911133,1.0119656413437652,0.0013091077164173125
NIRCam_GRISM,2.817985773086548,1.0221124514560436,0.0013222339203834534
NIRCam_GRISM,2.818953037261963,1.0085071258371392,0.0013046336817741392
NIRCam_GRISM,2.819920301437378,1.0067569474453844,0.0013023696009159089
NIRCam_GRISM,2.820887565612793,0.989732604747384,0.0012803464239597318
NIRCam_GRISM,2.821854829788208,1.000065302926388,0.0012937130980491638
NIRCam_GRISM,2.822822093963623,0.9998876646308517,0.0012934833000659942
NIRCam_GRISM,2.823789358139038,0.9974846236581117,0.0012903746574878692
NIRCam_GRISM,2.824756622314453,1.0089816802947331,0.0013052475790023804
NIRCam_GRISM,2.8257241249084473,1.0150968476364488,0.001313158334493637
NIRCam_GRISM,2.8266913890838623,1.0129524684564035,0.0013103843042135237
NIRCam_GRISM,2.8276586532592773,1.001918220164758,0.0012961100848197936
NIRCam_GRISM,2.8286261558532715,1.020539645983111,0.0013201992942094803
NIRCam_GRISM,2.8295934200286865,1.0098260090138926,0.0013063398267984389
NIRCam_GRISM,2.8305609226226807,1.0062385386150188,0.001301698972415924
NIRCam_GRISM,2.831528425216675,1.013908970764255,0.0013116216629743575
NIRCam_GRISM,2.83249568939209,1.0224612459918876,0.0013226851309776305
NIRCam_GRISM,2.833463191986084,1.0019573630365162,0.0012961607211589813
NIRCam_GRISM,2.834430694580078,1.007344570573653,0.001303129767012596
NIRCam_GRISM,2.8353981971740723,1.0081883133224512,0.0013042212567806243
NIRCam_GRISM,2.8363656997680664,0.9939613162397616,0.0012858168061733247
NIRCam_GRISM,2.8373332023620605,1.0078101113827982,0.0013037320039272307
NIRCam_GRISM,2.8383007049560547,1.0073076874678248,0.0013030820539712907
NIRCam_GRISM,2.839268207550049,0.9991470229930399,0.0012925251848459243
NIRCam_GRISM,2.840235710144043,1.0,0.001293628620314598
NIRCam_GRISM,2.841203212738037,1.0020245539176094,0.0012962476412057876
NIRCam_GRISM,2.8421707153320312,1.014566938331415,0.0013124728286504745
NIRCam_GRISM,2.8431384563446045,1.011585863786317,0.0013086164252996443
NIRCam_GRISM,2.8441059589385986,1.0198074360227434,0.0013192520864486693
NIRCam_GRISM,2.845073699951172,1.0071981704845239,0.001302940379667282
NIRCam_GRISM,2.846041202545166,1.0190944903218062,0.0013183297994852066
NIRCam_GRISM,2.8470089435577393,1.0331426522690117,0.0013365029038429261
NIRCam_GRISM,2.8479764461517334,1.0297428190751639,0.0013321047823190689
NIRCam_GRISM,2.8489441871643066,0.6599097485068992,0.0008536781374931335
NIRCam_GRISM,2.84991192817688,1.0289789838738042,0.0013311166632413863
NIRCam_GRISM,2.850879669189453,1.0150647887877102,0.0013131168622493744
NIRCam_GRISM,2.8518471717834473,1.020715724787293,0.001320427074790001
NIRCam_GRISM,2.8528149127960205,1.0124607405002075,0.0013097481908559798
NIRCam_GRISM,2.8537826538085938,1.013238970807896,0.0013107549318552019
NIRCam_GRISM,2.854750394821167,1.0315235170791133,0.0013344083442211152
NIRCam_GRISM,2.8557181358337402,1.0404935395051138,0.001346012221956253
NIRCam_GRISM,2.8566861152648926,1.033386816778247,0.001336818762040138
NIRCam_GRISM,2.857653856277466,1.0368441206085992,0.0013412912292242048
NIRCam_GRISM,2.858621597290039,1.035726777693232,0.00133984580245018
NIRCam_GRISM,2.8595893383026123,1.0471550597032384,0.0013546297551393508
NIRCam_GRISM,2.8605573177337646,1.0253873817517245,0.0013264704639434815
NIRCam_GRISM,2.861525058746338,1.0419533290730862,0.001347900647521019
NIRCam_GRISM,2.8624930381774902,1.046723024865145,0.0013540708625078201
NIRCam_GRISM,2.8634607791900635,1.0522010878680126,0.0013611574415922163
NIRCam_GRISM,2.864428758621216,1.0356512749864044,0.0013397481299877168
NIRCam_GRISM,2.865396499633789,1.0311064475783036,0.0013338688111782073
NIRCam_GRISM,2.8663644790649414,0.8965408286116651,0.0011597908751726149
NIRCam_GRISM,2.8673324584960938,1.0339643705567314,0.0013375659021377562
NIRCam_GRISM,2.868300437927246,1.0212510422555934,0.0013211195767879485
NIRCam_GRISM,2.8692684173583984,1.02764503769804,0.0013293910322904586
NIRCam_GRISM,2.870236396789551,1.0286167864592957,0.001330648114299774
NIRCam_GRISM,2.871204376220703,1.034562887289439,0.001338340160512924
NIRCam_GRISM,2.8721723556518555,1.0399494122265798,0.0013453083233356477
NIRCam_GRISM,2.873140335083008,1.049020327344225,0.0013570427187442778
NIRCam_GRISM,2.87410831451416,1.0420271152815297,0.0013479960994720458
NIRCam_GRISM,2.8750762939453125,1.0662953536329975,0.0013793901871681211
NIRCam_GRISM,2.876044511795044,1.0525918422423355,0.0013616629326343535
NIRCam_GRISM,2.8770124912261963,1.0614278785845068,0.0013730934821367263
NIRCam_GRISM,2.8779804706573486,1.0553435314518465,0.0013652225965499877
NIRCam_GRISM,2.87894868850708,1.0677196162643277,0.0013812326540708542
NIRCam_GRISM,2.8799166679382324,1.0453114709014457,0.0013522448359012604
NIRCam_GRISM,2.880884885787964,1.0669844921915586,0.001380281676530838
NIRCam_GRISM,2.8818531036376953,0.658110547282525,0.0008513506392955779
NIRCam_GRISM,2.8828210830688477,0.9289218780948032,0.0012016799275398255
NIRCam_GRISM,2.883789300918579,1.0534671788823244,0.0013627952931642533
NIRCam_GRISM,2.8847575187683105,1.0466543691871593,0.0013539820475578308
NIRCam_GRISM,2.885725736618042,1.0433313054643354,0.0013496832372188567
NIRCam_GRISM,2.8866939544677734,1.043694394477516,0.0013501529395580291
NIRCam_GRISM,2.887662172317505,1.0303668431931794,0.0013329120377779005
NIRCam_GRISM,2.8886303901672363,1.0542660925762541,0.001363828790783882
NIRCam_GRISM,2.8895986080169678,0.6524955981456833,0.0008440869803905487
NIRCam_GRISM,2.890566825866699,1.053246568007812,0.0013625099046230315
NIRCam_GRISM,2.8915350437164307,1.0532109293471859,0.0013624638014316558
NIRCam_GRISM,2.892503499984741,1.072069827072732,0.001386860211277008
NIRCam_GRISM,2.8934717178344727,1.063602388536,0.0013759064904451369
NIRCam_GRISM,2.894439935684204,1.0104496223592023,0.0013071465508699416
NIRCam_GRISM,2.8954083919525146,1.0596274416877145,0.0013707643854379654
NIRCam_GRISM,2.896376609802246,1.0589520223440856,0.0013698906436443328
NIRCam_GRISM,2.8973450660705566,1.0555872877686063,0.001365537926697731
NIRCam_GRISM,2.898313522338867,0.6505706090040578,0.0008415967593431472
NIRCam_GRISM,2.8992817401885986,0.2176701960568496,0.0002815843954086304
NIRCam_GRISM,2.900250196456909,0.6416799109933881,0.0008300954979419707
NIRCam_GRISM,2.9012186527252197,1.0573259498172753,0.001367787109684944
NIRCam_GRISM,2.9021871089935303,1.058664083062191,0.001369518157148361
NIRCam_GRISM,2.903155565261841,1.048522042893149,0.001356398123717308
NIRCam_GRISM,2.9041240215301514,1.0319769215157673,0.0013349948811769484
NIRCam_GRISM,2.905092477798462,1.0555990310429708,0.0013655531181335449
NIRCam_GRISM,2.9060609340667725,1.0445743849503657,0.0013512913204193114
NIRCam_GRISM,2.907029390335083,1.046289165546018,0.0013535096096754073
NIRCam_GRISM,2.9079978466033936,1.0718672589765,0.0013865981633901596
NIRCam_GRISM,2.908966302871704,1.0642565867733376,0.001376752780008316
NIRCam_GRISM,2.9099349975585938,1.051146691999515,0.0013597934449195862
NIRCam_GRISM,2.9109034538269043,1.0401753289582165,0.001345600575685501
NIRCam_GRISM,2.911872148513794,1.0513321338153638,0.0013600333377599715
NIRCam_GRISM,2.9128406047821045,1.0551562827005319,0.0013649803662061691
NIRCam_GRISM,2.913809299468994,1.0492127564244473,0.0013572916505098342
NIRCam_GRISM,2.9147777557373047,1.056915861904332,0.001367256608223915
NIRCam_GRISM,2.9157464504241943,1.0556167785138626,0.0013655760767698286
NIRCam_GRISM,2.916715145111084,1.0496270904938223,0.0013578276449203491
NIRCam_GRISM,2.9176836013793945,1.0604041314687433,0.0013717691335678101
NIRCam_GRISM,2.918652296066284,1.0666271947639068,0.0013798194663524627
NIRCam_GRISM,2.919620990753174,1.065709195946679,0.001378631916809082
NIRCam_GRISM,2.9205896854400635,1.0639267850566683,0.0013763261390686036
NIRCam_GRISM,2.921558380126953,1.0591851519812587,0.0013701922268152236
NIRCam_GRISM,2.9225270748138428,1.0732863149605703,0.0013884338948249816
NIRCam_GRISM,2.9234957695007324,1.0555252281920402,0.0013654576446533204
NIRCam_GRISM,2.924464702606201,1.0564424108823398,0.001366644138431549
NIRCam_GRISM,2.925433397293091,1.0701606933189243,0.0013843905012130737
NIRCam_GRISM,2.9264020919799805,1.0568569560145749,0.0013671804058790205
NIRCam_GRISM,2.927371025085449,1.066025668321255,0.0013790413145303724
NIRCam_GRISM,2.928339719772339,1.0538576087926534,0.0013633003644704818
NIRCam_GRISM,2.9293084144592285,1.0513020899976857,0.0013599944722175595
NIRCam_GRISM,2.9302773475646973,1.0426414925625163,0.0013487908755064012
NIRCam_GRISM,2.931246280670166,1.0617433531839229,0.0013735015891075133
NIRCam_GRISM,2.9322149753570557,1.043611119600177,0.00135004521279335
NIRCam_GRISM,2.9331839084625244,1.0547281032429503,0.0013644264610052107
NIRCam_GRISM,2.934152841567993,1.0597159100531373,0.0013708788306474686
NIRCam_GRISM,2.935121774673462,1.0670502756858893,0.0013803667759418486
NIRCam_GRISM,2.9360907077789307,0.6538841469026659,0.0008458832468032837
NIRCam_GRISM,2.9370596408843994,1.0693386475999453,0.0013833270793437956
NIRCam_GRISM,2.938028573989868,1.0890776783560798,0.0014088620544672012
NIRCam_GRISM,2.938997507095337,1.0699014571669054,0.001384055145907402
NIRCam_GRISM,2.9399664402008057,1.0672701426799296,0.0013806512021780014
NIRCam_GRISM,2.9409353733062744,1.0638045164448975,0.001376167968893051
NIRCam_GRISM,2.941904306411743,1.0625293299888285,0.0013745183511972426
NIRCam_GRISM,2.942873239517212,1.0601351941658417,0.0013714212285757064
NIRCam_GRISM,2.9438424110412598,1.0744567619882548,0.0013899480185985565
NIRCam_GRISM,2.9448113441467285,1.0747803457362943,0.0013903666157960891
NIRCam_GRISM,2.9457805156707764,1.0763760507555018,0.0013924308654785157
NIRCam_GRISM,2.946749448776245,1.0718361613926588,0.00138655793466568
NIRCam_GRISM,2.947718620300293,1.0718938617986948,0.001386632577562332
NIRCam_GRISM,2.9486875534057617,1.0951636358106367,0.001416735023212433
NIRCam_GRISM,2.9496567249298096,1.0777256838300278,0.0013941767894506455
NIRCam_GRISM,2.9506258964538574,1.091199850007688,0.0014116073564529419
NIRCam_GRISM,2.9515950679779053,1.088128211820936,0.0014076337973833084
NIRCam_GRISM,2.952564239501953,1.0728460337055872,0.0013878643343925474
NIRCam_GRISM,2.953533411026001,1.0922334714078052,0.0014129444786787032
NIRCam_GRISM,2.954502582550049,1.0793684734126527,0.001396301949071884
NIRCam_GRISM,2.9554717540740967,1.0882770520341116,0.001407826341342926
NIRCam_GRISM,2.9564409255981445,1.0878621427023318,0.0014072896027565
NIRCam_GRISM,2.9574100971221924,1.0746776390135497,0.001390233751440048
NIRCam_GRISM,2.9583792686462402,1.088660282069069,0.0014083220986843108
NIRCam_GRISM,2.959348440170288,1.0832173787070227,0.0014012810031175612
NIRCam_GRISM,2.960317850112915,1.0764248706529866,0.001392494020295143
NIRCam_GRISM,2.961287021636963,1.0735830935963384,0.0013888178161621093
NIRCam_GRISM,2.96225643157959,1.0589002946557637,0.0013698237272262571
NIRCam_GRISM,2.9632256031036377,1.0602964043913863,0.0013716297747373581
NIRCam_GRISM,2.9641950130462646,1.0739365333212707,0.001389275035905838
NIRCam_GRISM,2.9651641845703125,1.0634126850823364,0.0013756610846281051
NIRCam_GRISM,2.9661335945129395,1.0835949478451292,0.0014017694373607635
NIRCam_GRISM,2.9671030044555664,1.0820691558502624,0.0013997956291675567
NIRCam_GRISM,2.9680724143981934,1.0740946557848967,0.001389479587650299
NIRCam_GRISM,2.9690418243408203,1.0777432911943996,0.0013941995668411253
NIRCam_GRISM,2.970010995864868,1.0716797537502671,0.0013863556012630462
NIRCam_GRISM,2.970980405807495,1.074614206883334,0.0013901516938209534
NIRCam_GRISM,2.971950054168701,1.0636543115477757,0.0013759736595392227
NIRCam_GRISM,2.972919464111328,1.0854882205346121,0.0014042186290979385
NIRCam_GRISM,2.973888874053955,1.074899244050899,0.0013905204260587691
NIRCam_GRISM,2.974858283996582,1.0083459834716588,0.0013044252233982085
NIRCam_GRISM,2.975827693939209,1.0767993758963077,0.0013929784909963608
NIRCam_GRISM,2.976797342300415,1.086964076424251,0.0014061278385162353
NIRCam_GRISM,2.977766752243042,1.0877507367322337,0.0014071454848051071
NIRCam_GRISM,2.978736162185669,1.076399147689415,0.0013924607443332672
NIRCam_GRISM,2.979705810546875,1.0866534585928296,0.0014057260143995284
NIRCam_GRISM,2.980675458908081,1.0958072154961136,0.0014175675763130188
NIRCam_GRISM,2.981644868850708,1.0851816350875194,0.0014038220213890074
NIRCam_GRISM,2.982614517211914,1.1033255852402433,0.0014272935545921325
NIRCam_GRISM,2.98358416557312,1.0896804492439334,0.001409641816139221
NIRCam_GRISM,2.984553575515747,1.102370970113028,0.0014260586371421815
NIRCam_GRISM,2.985523223876953,1.1170817095963343,0.0014450888707637785
NIRCam_GRISM,2.986492872238159,1.096716889844477,0.001418744357085228
NIRCam_GRISM,2.9874625205993652,1.0988020448633251,0.0014214417732954024
NIRCam_GRISM,2.9884321689605713,1.1065826403436194,0.0014315069742918015
NIRCam_GRISM,2.9894018173217773,1.0957842962110749,0.0014175379272699357
NIRCam_GRISM,2.9903714656829834,1.110248447832598,0.0014362491677761078
NIRCam_GRISM,2.9913413524627686,0.6638200730936203,0.0008587366452932358
NIRCam_GRISM,2.9923110008239746,1.003747983317108,0.0012984771188020705
NIRCam_GRISM,2.9932806491851807,0.7208249823671139,0.000932479827427864
NIRCam_GRISM,2.9942502975463867,1.0337263338370675,0.001337257971024513
NIRCam_GRISM,2.995220184326172,1.1117860992122046,0.0014382383176088332
NIRCam_GRISM,2.996189832687378,1.0965600800731519,0.0014185415034770965
NIRCam_GRISM,2.997159719467163,1.1247050253163058,0.0014549506101608277
NIRCam_GRISM,2.9981296062469482,1.1171848623119323,0.0014452223120689392
NIRCam_GRISM,2.9990992546081543,1.1132494774938602,0.0014401313856363296
NIRCam_GRISM,3.0000691413879395,1.075349808427769,0.0013911032890319822
NIRCam_GRISM,3.0010390281677246,1.1038275829011275,0.001427942953133583
NIRCam_GRISM,3.0020089149475098,1.1422591944939382,0.0014776591858148575
NIRCam_GRISM,3.002978563308716,1.1250445595336591,0.0014553898413419723
NIRCam_GRISM,3.003948450088501,1.1142524888447016,0.0014414289098262786
NIRCam_GRISM,3.004918336868286,1.1151612968806528,0.0014426045699119567
NIRCam_GRISM,3.0058884620666504,1.130133867324847,0.0014619735155582429
NIRCam_GRISM,3.0068583488464355,1.131895120066192,0.0014642519225120543
NIRCam_GRISM,3.0078282356262207,1.120834878789846,0.001449944077849388
NIRCam_GRISM,3.008798122406006,1.118366599396482,0.0014467510409832
NIRCam_GRISM,3.009768009185791,1.1080686477633863,0.0014334293160200118
NIRCam_GRISM,3.0107381343841553,1.1133865712073832,0.001440308733987808
NIRCam_GRISM,3.0117080211639404,1.1121156809642183,0.0014386646739959715
NIRCam_GRISM,3.0126781463623047,1.1236861307111563,0.0014536325389385221
NIRCam_GRISM,3.01364803314209,1.1134026666856551,0.0014403295555591583
NIRCam_GRISM,3.014618158340454,1.0913068325595152,0.0014117457521438598
NIRCam_GRISM,3.0155880451202393,1.087711256495329,0.0014070944120407104
NIRCam_GRISM,3.0165581703186035,1.102058817689477,0.0014256548278331754
NIRCam_GRISM,3.0175282955169678,1.1237725231520768,0.0014537442986726759
NIRCam_GRISM,3.018498420715332,1.1131610742792593,0.001440017024707794
NIRCam_GRISM,3.0194685459136963,1.1123276303917546,0.0014389388578414917
NIRCam_GRISM,3.0204386711120605,1.1175782169136081,0.0014457311668395994
NIRCam_GRISM,3.021408796310425,1.1111944824030655,0.0014374729851722716
NIRCam_GRISM,3.022378921508789,1.1113654736376286,0.0014376941843271254
NIRCam_GRISM,3.0233490467071533,1.1109684210495052,0.001437180545735359
NIRCam_GRISM,3.0243191719055176,1.1063154010904535,0.0014311612659454345
NIRCam_GRISM,3.025289297103882,1.113635396774125,0.0014406306218624114
NIRCam_GRISM,3.026259422302246,1.1025297056394363,0.001426263981962204
NIRCam_GRISM,3.0272297859191895,1.0845062695416978,0.0014029483491897583
NIRCam_GRISM,3.0281999111175537,1.1069012628243262,0.0014319191534519194
NIRCam_GRISM,3.029170274734497,1.124907063562191,0.001455211972618103
NIRCam_GRISM,3.0301403999328613,1.1208358999160923,0.0014499453988075254
NIRCam_GRISM,3.0311107635498047,1.1104969548698764,0.0014365706435918806
NIRCam_GRISM,3.032080888748169,1.1050039341414049,0.0014294647147655485
NIRCam_GRISM,3.0330512523651123,1.1021482132607539,0.0014257704725027084
NIRCam_GRISM,3.0340216159820557,1.1061984362716233,0.0014310099569082258
NIRCam_GRISM,3.034991979598999,1.106226031192471,0.0014310456544876099
NIRCam_GRISM,3.0359623432159424,1.1051983167141888,0.0014297161736249924
NIRCam_GRISM,3.0369324684143066,1.089982251846637,0.001410032236623764
NIRCam_GRISM,3.03790283203125,1.087811170247497,0.0014072236633300781
NIRCam_GRISM,3.0388731956481934,1.092744482975161,0.0014136055378675461
NIRCam_GRISM,3.039843797683716,1.091178520144678,0.0014115797635316848
NIRCam_GRISM,3.040814161300659,1.1152442321996492,0.0014427118574142455
NIRCam_GRISM,3.0417845249176025,1.1116989208330537,0.0014381255411624909
NIRCam_GRISM,3.042754888534546,0.6741389318189478,0.0008720854162693023
NIRCam_GRISM,3.0437254905700684,1.1262462801169095,0.0014569444214820862
NIRCam_GRISM,3.0446958541870117,1.1167630209327137,0.001444676605987549
NIRCam_GRISM,3.045666217803955,1.1111715689235457,0.0014374433436393737
NIRCam_GRISM,3.0466368198394775,1.1065348404112771,0.0014314451389312744
NIRCam_GRISM,3.047607183456421,1.1093585812692333,0.0014350980109214782
NIRCam_GRISM,3.0485777854919434,1.100047560345033,0.0014230530077695845
NIRCam_GRISM,3.049548387527466,1.1126633632844265,0.0014393731715202332
NIRCam_GRISM,3.0505189895629883,1.11369387705485,0.0014407062736272811
NIRCam_GRISM,3.0514893531799316,1.1065560353282282,0.0014314725572824477
NIRCam_GRISM,3.052459955215454,1.1084543362420272,0.001433928253674507
NIRCam_GRISM,3.0534305572509766,1.105474858214592,0.0014300739156246185
NIRCam_GRISM,3.054401159286499,1.1112945540653443,0.0014376024407386778
NIRCam_GRISM,3.0553717613220215,1.104269767850222,0.0014285149762392044
NIRCam_GRISM,3.056342363357544,1.1001053166130608,0.001423127722930908
NIRCam_GRISM,3.0573129653930664,1.0919510115035411,0.0014125790804624557
NIRCam_GRISM,3.058283805847168,1.010355720673265,0.0013070250769615173
NIRCam_GRISM,3.0592544078826904,1.079862984792572,0.0013969416631460189
NIRCam_GRISM,3.060225009918213,1.119998383392662,0.0014488619634628296
NIRCam_GRISM,3.0611956119537354,1.1096189405956176,0.0014354348191976548
NIRCam_GRISM,3.062166452407837,1.1188752554713537,0.0014474090530395508
NIRCam_GRISM,3.0631370544433594,1.1211014744044971,0.0014502889535665513
NIRCam_GRISM,3.064107894897461,1.1262882631774636,0.001456998731970787
NIRCam_GRISM,3.0650787353515625,1.1183961180082285,0.001446789227104187
NIRCam_GRISM,3.066049337387085,1.1380818108831565,0.001472255202817917
NIRCam_GRISM,3.0670201778411865,1.1307404416015665,0.001462758197402954
NIRCam_GRISM,3.067991018295288,1.131577675331727,0.0014638412669181822
NIRCam_GRISM,3.0689618587493896,1.1190986228061797,0.001447698007416725
NIRCam_GRISM,3.069932460784912,1.147562774565229,0.0014845200487852094
NIRCam_GRISM,3.0709033012390137,1.1260040902581263,0.0014566311177492141
NIRCam_GRISM,3.0718741416931152,1.1309378547841622,0.001463013576745987
NIRCam_GRISM,3.072845220565796,1.1082075522827206,0.0014336090068817137
NIRCam_GRISM,3.0738160610198975,1.1062659367803844,0.0014310972774982452
NIRCam_GRISM,3.074786901473999,1.123516692775394,0.001453413349175453
NIRCam_GRISM,3.0757577419281006,1.1398538633085478,0.001474547580552101
NIRCam_GRISM,3.076728582382202,1.138304687071094,0.0014725435218334198
NIRCam_GRISM,3.077699661254883,1.139963428026114,0.0014746893166065215
NIRCam_GRISM,3.0786705017089844,1.1353422464350988,0.0014687112238407135
NIRCam_GRISM,3.079641580581665,1.1228166975096914,0.0014525078152656553
NIRCam_GRISM,3.0806124210357666,1.1358748931067404,0.001469400270819664
NIRCam_GRISM,3.0815834999084473,1.133598536810385,0.0014664555111646653
NIRCam_GRISM,3.082554340362549,1.1331219804809063,0.0014658390242576597
NIRCam_GRISM,3.0835254192352295,1.1089931988181139,0.0014346253417253493
NIRCam_GRISM,3.08449649810791,1.13709075644977,0.0014709731464385986
NIRCam_GRISM,3.085467576980591,1.1455438658050638,0.001481908330631256
NIRCam_GRISM,3.0864386558532715,1.1315356309906974,0.001463786877155304
NIRCam_GRISM,3.087409734725952,1.138870329344181,0.001473275252866745
NIRCam_GRISM,3.088380813598633,1.1138623521775763,0.001440924217867851
NIRCam_GRISM,3.0893518924713135,1.1362858981626387,0.0014699319587230682
NIRCam_GRISM,3.090322971343994,1.1093313953149304,0.0014350628423929214
NIRCam_GRISM,3.091294050216675,0.8105985182021489,0.0010486134427309035
NIRCam_GRISM,3.0922651290893555,1.129270547850697,0.0014608567007780074
NIRCam_GRISM,3.093236207962036,1.1339035227725496,0.0014668500497341157
NIRCam_GRISM,3.094207525253296,1.161709794176232,0.0015028210382461546
NIRCam_GRISM,3.0951786041259766,1.1482159396782479,0.0014853650018692016
NIRCam_GRISM,3.0961499214172363,1.1525186832750414,0.0014909311541318891
NIRCam_GRISM,3.097121000289917,1.1304956686739636,0.0014624415521383284
NIRCam_GRISM,3.0980923175811768,1.150477267034636,0.0014882903196573255
NIRCam_GRISM,3.0990633964538574,1.1363659540733348,0.0014700355213403701
NIRCam_GRISM,3.100034713745117,1.147771013105165,0.0014847894321203233
NIRCam_GRISM,3.101006031036377,1.1524322721274494,0.0014908193701982497
NIRCam_GRISM,3.1019773483276367,1.145201532553592,0.0014814654785394667
NIRCam_GRISM,3.1029486656188965,1.153101663149395,0.0014916853135824204
NIRCam_GRISM,3.103919744491577,1.1481208230907485,0.0014852419563293456
NIRCam_GRISM,3.104891061782837,1.1517457303129304,0.0014899312400579452
NIRCam_GRISM,3.1058623790740967,0.934249579451542,0.0012085719944953917
NIRCam_GRISM,3.1068339347839355,1.1432978158648466,0.001479002776145935
NIRCam_GRISM,3.1078052520751953,1.1396309657046961,0.0014742592338323592
NIRCam_GRISM,3.108776569366455,1.1423176925782539,0.001477734860610962
NIRCam_GRISM,3.109747886657715,1.1389498881734588,0.0014733781724452972
NIRCam_GRISM,3.1107194423675537,1.138308927292995,0.0014725490071058273
NIRCam_GRISM,3.1116907596588135,1.1390282910594427,0.0014734795966625212
NIRCam_GRISM,3.1126620769500732,1.1426217590752563,0.0014781282097339628
NIRCam_GRISM,3.113633632659912,1.04683667937717,0.0013542178892374038
NIRCam_GRISM,3.114604949951172,1.1027746348000003,0.001426580829334259
NIRCam_GRISM,3.1155765056610107,1.1276706059638881,0.0014587869701623915
NIRCam_GRISM,3.1165480613708496,1.1186613602919475,0.0014471323521137237
NIRCam_GRISM,3.1175196170806885,1.1408065574541066,0.0014757800129652021
NIRCam_GRISM,3.1184909343719482,1.135650955024913,0.0014691105781078338
NIRCam_GRISM,3.119462490081787,1.1298608497743396,0.0014616203322410583
NIRCam_GRISM,3.120434045791626,1.1461843765643054,0.0014827369136810303
NIRCam_GRISM,3.121405601501465,1.1247303590520967,0.0014549833826065063
NIRCam_GRISM,3.1223771572113037,1.1425138686693044,0.0014779886396169661
NIRCam_GRISM,3.1233487129211426,1.1343253169335488,0.001467395694732666
NIRCam_GRISM,3.1243202686309814,0.6762046744731313,0.0008747577200889587
NIRCam_GRISM,3.1252920627593994,1.0627276714093703,0.0013747749313354493
NIRCam_GRISM,3.1262636184692383,1.136863395047039,0.0014706790252208709
NIRCam_GRISM,3.127235174179077,1.1223826044216751,0.001451946260023117
NIRCam_GRISM,3.128206729888916,1.1295079312559815,0.0014611637867450713
NIRCam_GRISM,3.129178524017334,1.1245250579756487,0.001454717799258232
NIRCam_GRISM,3.130150079727173,1.1397278289792776,0.001474384538936615
NIRCam_GRISM,3.131121873855591,1.1379565959061024,0.0014720932211399079
NIRCam_GRISM,3.132093667984009,1.1353519986745468,0.0014687238396167753
NIRCam_GRISM,3.1330652236938477,1.1210951138781282,0.0014502807254076003
NIRCam_GRISM,3.1340370178222656,1.1266743390777236,0.0014574981708049774
NIRCam_GRISM,3.1350088119506836,1.1072867241136657,0.0014324177972078324
NIRCam_GRISM,3.1359806060791016,1.136364412514583,0.001470033527135849
NIRCam_GRISM,3.1369521617889404,1.1492644759721415,0.001486721418428421
NIRCam_GRISM,3.1379239559173584,1.1365387074763633,0.0014702590000867843
NIRCam_GRISM,3.1388957500457764,1.1247692900869253,0.0014550337449073792
NIRCam_GRISM,3.1398677825927734,1.137812042358978,0.0014719062225341797
NIRCam_GRISM,3.1408395767211914,1.130040512260755,0.0014618527487754822
NIRCam_GRISM,3.1418113708496094,1.1443256059438844,0.0014803323548078537
NIRCam_GRISM,3.1427831649780273,1.1407434358546393,0.0014756983570575713
NIRCam_GRISM,3.1437549591064453,1.127844256900119,0.001459011609983444
NIRCam_GRISM,3.1447269916534424,1.0654084793630205,0.0013782429012298583
NIRCam_GRISM,3.1456987857818604,1.1330455292813226,0.001465740124797821
NIRCam_GRISM,3.1466708183288574,1.1235689362518058,0.0014534809328317641
NIRCam_GRISM,3.1476426124572754,1.1217896916917343,0.0014511792511463166
NIRCam_GRISM,3.1486146450042725,1.1418847243417531,0.0014771747605085372
NIRCam_GRISM,3.1495864391326904,1.1306186992278202,0.0014626007079839706
NIRCam_GRISM,3.1505584716796875,1.1201372222451285,0.0014490415693759918
NIRCam_GRISM,3.1515305042266846,1.1149591502650835,0.0014423430672645568
NIRCam_GRISM,3.1525025367736816,1.1254130858667122,0.001455866577553749
NIRCam_GRISM,3.1534745693206787,1.1356460221401163,0.0014691041967868804
NIRCam_GRISM,3.154446601867676,1.1405404114446316,0.0014754357188701628
NIRCam_GRISM,3.155418634414673,1.1302783981659423,0.0014621604847908018
NIRCam_GRISM,3.15639066696167,1.1319034685312006,0.001464262722325325
NIRCam_GRISM,3.157362699508667,1.1432042961820446,0.0014788817964076994
NIRCam_GRISM,3.158334732055664,1.1319460375621158,0.001464317790842056
NIRCam_GRISM,3.159306764602661,1.1414088658356314,0.001476559176325798
NIRCam_GRISM,3.160278797149658,1.12745070955522,0.0014585025058746338
NIRCam_GRISM,3.1612510681152344,1.1218329337757929,0.0014512351903438567
NIRCam_GRISM,3.1622231006622314,1.1241597002947428,0.0014542451621055602
NIRCam_GRISM,3.1631953716278076,1.1333668535214554,0.0014661557990312576
NIRCam_GRISM,3.1641674041748047,1.142174696845334,0.0014775498772382737
NIRCam_GRISM,3.165139675140381,1.1317344927147326,0.001464044130373001
NIRCam_GRISM,3.166111707687378,1.147999910261129,0.0014850855400323866
NIRCam_GRISM,3.167083978652954,1.1447088883575223,0.0014808281799077987
NIRCam_GRISM,3.1680562496185303,1.1208852835939562,0.0014500092829465867
NIRCam_GRISM,3.1690285205841064,1.1339147972190198,0.0014668646346807479
NIRCam_GRISM,3.1700007915496826,1.130696653024674,0.001462701551246643
NIRCam_GRISM,3.1709728240966797,1.1461746051021398,0.0014827242730379104
NIRCam_GRISM,3.171945095062256,1.134982762649077,0.0014682461853265762
NIRCam_GRISM,3.172917604446411,1.1601771985003968,0.0015008384286165238
NIRCam_GRISM,3.1738898754119873,1.1385727032316835,0.0014728902352094649
NIRCam_GRISM,3.1748621463775635,1.1565714298804164,0.001496173903131485
NIRCam_GRISM,3.1758344173431396,1.1560206863746645,0.001495461445569992
NIRCam_GRISM,3.176806688308716,1.1597746018998674,0.0015003176181316376
NIRCam_GRISM,3.177779197692871,1.1420738367936056,0.0014774194017887115
NIRCam_GRISM,3.1787514686584473,1.1493712767467255,0.0014868595789670944
NIRCam_GRISM,3.1797237396240234,0.6958793496345299,0.0009002094429731368
NIRCam_GRISM,3.1806962490081787,1.1719490533046388,0.0015160668369054793
NIRCam_GRISM,3.181668758392334,1.149387264242348,0.001486880260848999
NIRCam_GRISM,3.18264102935791,1.1407389475435694,0.0014756925508499145
NIRCam_GRISM,3.1836135387420654,1.159466265637324,0.0014999187455177307
NIRCam_GRISM,3.1845860481262207,1.1519186820066776,0.0014901549753189086
NIRCam_GRISM,3.185558319091797,1.1404599345693185,0.0014753316116809844
NIRCam_GRISM,3.186530828475952,1.146150295846895,0.0014826928258895873
NIRCam_GRISM,3.1875033378601074,0.6527245547759618,0.0008443831652402878
NIRCam_GRISM,3.1884758472442627,1.1734715939509694,0.0015180364390611648
NIRCam_GRISM,3.189448356628418,1.1400344718365,0.0014747812209129332
NIRCam_GRISM,3.1904208660125732,1.1447443778808217,0.0014808740901708602
NIRCam_GRISM,3.1913933753967285,1.1596224000332986,0.001500120725440979
NIRCam_GRISM,3.192366123199463,1.17029966555641,0.001513933141708374
NIRCam_GRISM,3.193338632583618,1.1623689601314786,0.0015036737541913986
NIRCam_GRISM,3.1943111419677734,1.1510796381157633,0.0014890695641279219
NIRCam_GRISM,3.195283889770508,1.1502727493161882,0.00148802574968338
NIRCam_GRISM,3.196256399154663,1.1667119119772311,0.0015092919209957123
NIRCam_GRISM,3.1972289085388184,1.145835930875634,0.0014822861543655396
NIRCam_GRISM,3.1982016563415527,1.1300687815248611,0.001461889318704605
NIRCam_GRISM,3.199174404144287,1.1438865412676134,0.0014797643681764602
NIRCam_GRISM,3.2001469135284424,1.1231531190659014,0.0014529430198192595
NIRCam_GRISM,3.2011196613311768,1.1592083909439634,0.0014995851514339447
NIRCam_GRISM,3.202092409133911,1.1684804604495136,0.0015115797659158705
NIRCam_GRISM,3.2030651569366455,1.1544537002247393,0.0014934343474388122
NIRCam_GRISM,3.20403790473938,1.1507510036954023,0.0014886444332361222
NIRCam_GRISM,3.2050106525421143,1.14709271809457,0.0014839119702816008
NIRCam_GRISM,3.2059834003448486,1.1600420622787926,0.0015006636125326155
NIRCam_GRISM,3.206956148147583,1.154665703450083,0.0014937086008787155
NIRCam_GRISM,3.2079288959503174,1.164200127058268,0.001506042604136467
NIRCam_GRISM,3.2089016437530518,1.131363834595186,0.0014635646364212036
NIRCam_GRISM,3.209874391555786,1.150949663129361,0.0014889014247655868
NIRCam_GRISM,3.2108471393585205,1.1511262937158495,0.0014891299191474913
NIRCam_GRISM,3.211820125579834,1.1471990248840118,0.0014840494917869565
NIRCam_GRISM,3.2127928733825684,1.1482546710032306,0.001485415105819702
NIRCam_GRISM,3.213765859603882,1.1281519157231272,0.0014594096062421798
NIRCam_GRISM,3.214738607406616,1.1287707011990245,0.0014602100848436356
NIRCam_GRISM,3.2157115936279297,1.1250434072026883,0.0014553883506536482
NIRCam_GRISM,3.216684579849243,1.1313476181041004,0.0014635436583042144
NIRCam_GRISM,3.2176573276519775,1.1497481027784289,0.0014873470519065858
NIRCam_GRISM,3.218630313873291,1.1269838654716156,0.0014578985830068587
NIRCam_GRISM,3.2196033000946045,1.1347750226096864,0.0014679774468660356
NIRCam_GRISM,3.220576286315918,1.1449558250664782,0.0014811476243019104
NIRCam_GRISM,3.2215492725372314,1.143565535814967,0.00147934910633564
NIRCam_GRISM,3.222522258758545,1.1215864996957512,0.0014509163961648939
NIRCam_GRISM,3.2234952449798584,1.142460012161754,0.001477918969297409
NIRCam_GRISM,3.224468231201172,1.131461958828445,0.0014636915727376937
NIRCam_GRISM,3.2254412174224854,1.1320452487175008,0.0014644461332321166
NIRCam_GRISM,3.226414203643799,1.1208781213899506,0.0014500000177145003
NIRCam_GRISM,3.2273874282836914,1.112251582869243,0.0014388404805898666
NIRCam_GRISM,3.228360414505005,1.1185336085612125,0.0014469670888185501
NIRCam_GRISM,3.2293334007263184,1.1191423408137662,0.0014477545622825622
NIRCam_GRISM,3.230306625366211,1.1433499463271597,0.0014790702136039733
NIRCam_GRISM,3.2312796115875244,1.1281855752178975,0.00145945314912796
NIRCam_GRISM,3.232252836227417,1.1326968797544363,0.0014652891017913818
NIRCam_GRISM,3.2332258224487305,1.1239345309268893,0.0014539538765668868
NIRCam_GRISM,3.234199047088623,1.1022751286097507,0.0014259346538305281
NIRCam_GRISM,3.2351722717285156,1.1168126219950025,0.0014447407713413238
NIRCam_GRISM,3.236145496368408,1.129817842620274,0.001461564696955681
NIRCam_GRISM,3.237118721008301,1.1332581233794659,0.0014660151426076889
NIRCam_GRISM,3.2380919456481934,1.1362708138767257,0.0014699124452590942
NIRCam_GRISM,3.239065170288086,1.1374081026194274,0.0014713836745262146
NIRCam_GRISM,3.2400383949279785,1.099356634718782,0.0014221592066049576
NIRCam_GRISM,3.241011619567871,1.1202144406762709,0.0014491414613485335
NIRCam_GRISM,3.2419848442077637,1.109471260583116,0.0014352437761068343
NIRCam_GRISM,3.2429580688476562,1.116456297056251,0.001444279819202423
NIRCam_GRISM,3.243931293487549,1.122705259028688,0.001452363655257225
NIRCam_GRISM,3.2449047565460205,1.114216359940268,0.0014413821724414825
NIRCam_GRISM,3.245877981185913,1.1278405849740003,0.0014590068598747253
NIRCam_GRISM,3.2468514442443848,1.1233483666609827,0.0014531955976963043
NIRCam_GRISM,3.2478246688842773,1.129728950710004,0.001461449703836441
NIRCam_GRISM,3.248798131942749,1.1328963280938908,0.0014655471138715743
NIRCam_GRISM,3.2497713565826416,1.1462455974369261,0.0014828161107540128
NIRCam_GRISM,3.2507448196411133,1.1268322824733483,0.001457702490901947
NIRCam_GRISM,3.251718282699585,1.1253593719169006,0.0014557970916509629
NIRCam_GRISM,3.2526915073394775,1.131469180248742,0.0014637009145736695
NIRCam_GRISM,3.253664970397949,1.1251507327961694,0.0014555271901130675
NIRCam_GRISM,3.254638433456421,1.1264770282012702,0.0014572429238080978
NIRCam_GRISM,3.2556118965148926,1.1184510152517775,0.0014468602437496185
NIRCam_GRISM,3.2565853595733643,1.1127710501101868,0.0014395124782800675
NIRCam_GRISM,3.257558822631836,1.1229308426525588,0.0014526554766893388
NIRCam_GRISM,3.2585322856903076,1.115020847964313,0.0014424228811740875
NIRCam_GRISM,3.2595059871673584,1.1221658988551364,0.001451665923500061
NIRCam_GRISM,3.26047945022583,1.1123344314924923,0.0014389476559400556
NIRCam_GRISM,3.2614529132843018,1.1153827112389634,0.0014428909978628159
NIRCam_GRISM,3.2624266147613525,1.1280938191226875,0.001459334450817108
NIRCam_GRISM,3.263400077819824,1.127929922232066,0.0014591224291086195
NIRCam_GRISM,3.264373779296875,1.1294167451982093,0.0014610458258509636
NIRCam_GRISM,3.2653472423553467,1.1285665116859047,0.0014599459394454956
NIRCam_GRISM,3.2663209438323975,0.7121524316268117,0.0009212607675790786
NIRCam_GRISM,3.267294406890869,1.1358081733757484,0.0014693139602661132
NIRCam_GRISM,3.26826810836792,1.1123070562782775,0.00143891224257946
NIRCam_GRISM,3.2692418098449707,1.1049344690450906,0.0014293748527288434
NIRCam_GRISM,3.2702155113220215,1.1093310638843141,0.0014350624136447907
NIRCam_GRISM,3.2711892127990723,1.1235685803089992,0.0014534804723739623
NIRCam_GRISM,3.272162914276123,1.1125143740629357,0.0014391804347991942
NIRCam_GRISM,3.273136615753174,1.118105376079893,0.0014464131150245666
NIRCam_GRISM,3.2741103172302246,1.1072204465051814,0.001432332058596611
NIRCam_GRISM,3.2750840187072754,1.0773240484943956,0.0013936572224855421
NIRCam_GRISM,3.276057720184326,0.9729678473065984,0.0012586590539216994
NIRCam_GRISM,3.277031421661377,1.0874617448452795,0.0014067716366291045
NIRCam_GRISM,3.278005361557007,1.1245308272421832,0.0014547252625465392
NIRCam_GRISM,3.2789790630340576,1.1119993177261447,0.001438514143180847
NIRCam_GRISM,3.2799527645111084,1.1158095497507197,0.0014434431683778763
NIRCam_GRISM,3.2809267044067383,1.1107432275564961,0.0014368892289876936
NIRCam_GRISM,3.281900405883789,1.1125375226014604,0.0014392103804111481
NIRCam_GRISM,3.282874345779419,1.1220588775998506,0.0014515274777412413
NIRCam_GRISM,3.283848285675049,1.1441591841686425,0.0014801170668363572
NIRCam_GRISM,3.2848219871520996,1.1545951372403744,0.0014936173144102097
NIRCam_GRISM,3.2857959270477295,1.1275747349169714,0.0014586629486322404
NIRCam_GRISM,3.2867698669433594,1.1269695037792726,0.0014578800043106078
NIRCam_GRISM,3.2877438068389893,1.1378301411282614,0.0014719296356201172
NIRCam_GRISM,3.288717746734619,1.1158234152647244,0.0014434611052036284
NIRCam_GRISM,3.289691686630249,1.1254221669881896,0.001455878325152397
NIRCam_GRISM,3.290665626525879,1.1149435667045562,0.0014423229079246521
NIRCam_GRISM,3.291639566421509,1.1111251750878506,0.0014373833272457123
NIRCam_GRISM,3.2926135063171387,1.1165855922809107,0.001444447079205513
NIRCam_GRISM,3.2935874462127686,1.12789549576376,0.0014590778940439223
NIRCam_GRISM,3.2945616245269775,1.1222847122801558,0.0014518196239471435
NIRCam_GRISM,3.2955355644226074,1.1181313337154348,0.0014464466945648194
NIRCam_GRISM,3.2965095043182373,1.112419114530663,0.0014390572043418883
NIRCam_GRISM,3.2974836826324463,1.1221149522026073,0.00145160001745224
NIRCam_GRISM,3.298457622528076,1.1234194463365736,0.0014532875483989716
NIRCam_GRISM,3.299431800842285,1.114037665556361,0.001441151008272171
NIRCam_GRISM,3.300405979156494,1.1214126707236114,0.001450691526031494
NIRCam_GRISM,3.301379919052124,1.1223266661841043,0.0014518738967180251
NIRCam_GRISM,3.302354097366333,1.12629405205375,0.0014570062206268309
NIRCam_GRISM,3.303328275680542,1.1175977978963403,0.0014457564973592758
NIRCam_GRISM,3.304302453994751,1.1335681562726179,0.0014664162100315094
NIRCam_GRISM,3.30527663230896,1.135912892807346,0.001469449428319931
NIRCam_GRISM,3.306250810623169,1.134708890268183,0.0014678918961763382
NIRCam_GRISM,3.307224988937378,1.142630782012535,0.0014781398820638658
NIRCam_GRISM,3.308199167251587,1.1256927979544349,0.0014562284211158752
NIRCam_GRISM,3.309173345565796,1.1430353708090841,0.0014786632697105406
NIRCam_GRISM,3.310147523880005,1.1326948898806237,0.001465286527633667
NIRCam_GRISM,3.311121702194214,1.127152227709255,0.0014581163812160491
NIRCam_GRISM,3.312096118927002,1.1426993605416265,0.0014782285972118378
NIRCam_GRISM,3.313070297241211,1.1537421673290484,0.0014925138881206512
NIRCam_GRISM,3.314044713973999,1.13307136835527,0.0014657735509634017
NIRCam_GRISM,3.315018892288208,1.1324245722833808,0.0014649368370532989
NIRCam_GRISM,3.315993309020996,1.1201945069760204,0.0014491156745433807
NIRCam_GRISM,3.316967487335205,1.1203994159864337,0.0014493807507038117
NIRCam_GRISM,3.317941904067993,1.0751372028476,0.001390828256368637
NIRCam_GRISM,3.3189163208007812,1.0853867336158678,0.0014040873427152633
NIRCam_GRISM,3.3198907375335693,1.120763742478194,0.0014498520538806915
NIRCam_GRISM,3.3208649158477783,1.144001535048314,0.0014799131274223327
NIRCam_GRISM,3.3218393325805664,1.1519670352694649,0.0014902175264835359
NIRCam_GRISM,3.3228137493133545,1.1311045089091667,0.0014632291652917863
NIRCam_GRISM,3.3237881660461426,1.147822047872568,0.0014848554521560667
NIRCam_GRISM,3.3247625827789307,1.1519903086911487,0.0014902476336479185
NIRCam_GRISM,3.325737237930298,1.1445701547784628,0.0014806487101793287
NIRCam_GRISM,3.326711654663086,1.134235288302703,0.0014672792311191559
NIRCam_GRISM,3.327686071395874,1.1305305576485989,0.0014624866855144501
NIRCam_GRISM,3.328660488128662,1.141904445947051,0.0014772002729415894
NIRCam_GRISM,3.3296351432800293,1.1540116228712591,0.0014928624635219573
NIRCam_GRISM,3.3306095600128174,1.1475748764916422,0.0014845357041835786
NIRCam_GRISM,3.3315842151641846,1.1553190460829643,0.0014945537836074827
NIRCam_GRISM,3.3325586318969727,1.1494694958034575,0.0014869866379499433
NIRCam_GRISM,3.33353328704834,1.1642987242477898,0.001506170152282715
NIRCam_GRISM,3.334507942199707,1.14675631343887,0.0014834767875909803
NIRCam_GRISM,3.335482358932495,1.1489361158302893,0.0014862966423511504
NIRCam_GRISM,3.3364570140838623,1.1469576806957968,0.001483737282037735
NIRCam_GRISM,3.3374316692352295,1.1521396412123164,0.0014904408144712448
NIRCam_GRISM,3.3384063243865967,1.0978576050043591,0.001420220018863678
NIRCam_GRISM,3.339380979537964,1.1404377890954267,0.0014753029636621474
NIRCam_GRISM,3.340355634689331,1.1478131032452872,0.0014848438811302183
NIRCam_GRISM,3.3413302898406982,1.1435909776624187,0.001479382018637657
NIRCam_GRISM,3.3423049449920654,1.15318387574581,0.0014917916661500931
NIRCam_GRISM,3.3432796001434326,1.1541090518613921,0.0014929885004520416
NIRCam_GRISM,3.3442542552948,1.1511976879215469,0.0014892222767353058
NIRCam_GRISM,3.345229148864746,1.1387424097694476,0.0014731097724437713
NIRCam_GRISM,3.3462038040161133,1.1655586696689388,0.0015078000537395476
NIRCam_GRISM,3.3471786975860596,1.1470272905430456,0.0014838273313283919
NIRCam_GRISM,3.3481533527374268,1.1419300442854867,0.001477233387684822
NIRCam_GRISM,3.349128246307373,1.1613568827535081,0.001502364501929283
NIRCam_GRISM,3.3501029014587402,1.15606237580498,0.0014955153762102125
NIRCam_GRISM,3.3510777950286865,1.1607886581856703,0.0015016294303655624
NIRCam_GRISM,3.3520524501800537,1.1555984366739587,0.0014949152112722396
NIRCam_GRISM,3.35302734375,1.1494347728666592,0.0014869417193651199
NIRCam_GRISM,3.3540022373199463,1.1647517780311099,0.0015067562356233595
NIRCam_GRISM,3.3549771308898926,1.1591271077465983,0.0014994800011634826
NIRCam_GRISM,3.355952024459839,1.1629853662477592,0.0015044711547851563
NIRCam_GRISM,3.356926918029785,1.1694426233961928,0.001512824447441101
NIRCam_GRISM,3.3579018115997314,1.155856017350046,0.0014952484250068663
NIRCam_GRISM,3.3588767051696777,1.1578913589536297,0.001497881401157379
NIRCam_GRISM,3.359851598739624,1.1531134580283706,0.0014917005717754363
NIRCam_GRISM,3.3608267307281494,1.165397719659647,0.001507591844201088
NIRCam_GRISM,3.3618016242980957,1.15756171592114,0.0014974549654960631
NIRCam_GRISM,3.362776517868042,1.158849789854818,0.0014991212548017502
NIRCam_GRISM,3.3637516498565674,1.1768023516633184,0.001522345202565193
NIRCam_GRISM,3.3647265434265137,1.1569763464952594,0.0014966977148532868
NIRCam_GRISM,3.365701675415039,1.1510033434071636,0.0014889708671092985
NIRCam_GRISM,3.3666765689849854,1.150007085293783,0.0014876820791006086
NIRCam_GRISM,3.3676517009735107,1.1341299963179425,0.0014671430223941802
NIRCam_GRISM,3.368626594543457,1.0338736144298772,0.0013374484974145889
NIRCam_GRISM,3.3696017265319824,1.1438480366158859,0.0014797145574569702
NIRCam_GRISM,3.370576858520508,1.179158402896114,0.0015253930578708649
NIRCam_GRISM,3.371551990509033,1.1618993911953848,0.0015030663063764571
NIRCam_GRISM,3.3725271224975586,1.1548980405694376,0.0014940091588258742
NIRCam_GRISM,3.373502254486084,1.1543765622967905,0.0014933345596075058
NIRCam_GRISM,3.3744773864746094,1.1519389968069829,0.0014901812551259995
NIRCam_GRISM,3.3754525184631348,1.1461024768208468,0.0014826309658288956
NIRCam_GRISM,3.37642765045166,1.1641160957863383,0.0015059338988780975
NIRCam_GRISM,3.3774027824401855,1.1588948831252963,0.0014991795887470244
NIRCam_GRISM,3.37837815284729,1.1580475083149417,0.001498083400440216
NIRCam_GRISM,3.3793532848358154,1.1581524442278839,0.0014982191485404968
NIRCam_GRISM,3.380328416824341,1.165728764015357,0.0015080200926542281
NIRCam_GRISM,3.3813037872314453,1.1721073673503843,0.0015162716364860536
NIRCam_GRISM,3.3822789192199707,1.1075908693077003,0.0014328112481355668
NIRCam_GRISM,3.383254289627075,1.161124558535306,0.0015020639606714249
NIRCam_GRISM,3.3842296600341797,1.1503330802672866,0.0014881037955284118
NIRCam_GRISM,3.385204792022705,1.1443339898870633,0.0014803432005167007
NIRCam_GRISM,3.3861801624298096,1.1371447214560155,0.0014710429571151732
NIRCam_GRISM,3.387155532836914,1.1525698504082726,0.0014909973453998565
NIRCam_GRISM,3.3881309032440186,1.135752292935342,0.0014692416717290878
NIRCam_GRISM,3.389106273651123,1.1437382200678161,0.0014795724956274032
NIRCam_GRISM,3.3900816440582275,1.1358937231133661,0.0014694246298551559
NIRCam_GRISM,3.391057014465332,1.1411267852252605,0.0014761942687749863
NIRCam_GRISM,3.3920323848724365,1.1498177277200266,0.0014874371207237243
NIRCam_GRISM,3.393007755279541,1.163757456380769,0.0015054699526786805
NIRCam_GRISM,3.3939831256866455,1.1390009800929688,0.0014734442664146423
NIRCam_GRISM,3.39495849609375,1.1063914397111696,0.0014312596316814422
NIRCam_GRISM,3.3959341049194336,1.1145916300929402,0.001441867632651329
NIRCam_GRISM,3.396909475326538,1.121748457285079,0.0014511259091377258
NIRCam_GRISM,3.3978848457336426,1.12117643732709,0.00145038592774868
NIRCam_GRISM,3.398860454559326,1.1409068294712887,0.0014759097277164458
NIRCam_GRISM,3.3998358249664307,1.1349036887741342,0.001468143893098831
NIRCam_GRISM,3.4008114337921143,1.0987884531117833,0.0014214241906166077
NIRCam_GRISM,3.401787042617798,1.1513465534209817,0.0014894148534059523
NIRCam_GRISM,3.4027624130249023,1.152747136373325,0.0014912266875982284
NIRCam_GRISM,3.403738021850586,1.1493061736591947,0.0014867753597497938
NIRCam_GRISM,3.4047136306762695,1.1481204845644981,0.0014852415184020995
NIRCam_GRISM,3.405689239501953,1.1397595850379594,0.0014744256194829941
NIRCam_GRISM,3.4066648483276367,1.1358777372948934,0.0014694039501428604
NIRCam_GRISM,3.4076404571533203,1.147233710149444,0.0014840943616390228
NIRCam_GRISM,3.408616065979004,1.1468289933734586,0.0014835708084344865
NIRCam_GRISM,3.4095916748046875,1.138163366294846,0.0014723607052326202
NIRCam_GRISM,3.410567283630371,1.1415967089430568,0.0014768021755456923
NIRCam_GRISM,3.411543130874634,1.1332665308027425,0.0014660260186910629
NIRCam_GRISM,3.4125187397003174,1.1461071542628172,0.0014826370167016984
NIRCam_GRISM,3.413494348526001,1.1207957472711023,0.001449893456196785
NIRCam_GRISM,3.4144701957702637,1.128482432808721,0.001459837172603607
NIRCam_GRISM,3.4154458045959473,1.1234138020822102,0.0014532802468299865
NIRCam_GRISM,3.41642165184021,1.14194619304552,0.0014772542781829835
NIRCam_GRISM,3.4173972606658936,1.1354643843581913,0.0014688692249536514
NIRCam_GRISM,3.4183731079101562,1.1269386878275978,0.0014578401399135588
NIRCam_GRISM,3.419348955154419,1.1376137687985002,0.001471649730181694
NIRCam_GRISM,3.4203245639801025,1.1232580576880855,0.0014530787714242934
NIRCam_GRISM,3.4213004112243652,1.1471612634676989,0.0014840006425380706
NIRCam_GRISM,3.422276258468628,1.1386947253024233,0.001473048086452484
NIRCam_GRISM,3.4232521057128906,1.129601261033814,0.001461284520816803
NIRCam_GRISM,3.4242279529571533,0.7251313933746228,0.0009380507239580154
NIRCam_GRISM,3.425203800201416,1.1236588010380109,0.0014535971844911574
NIRCam_GRISM,3.4261796474456787,1.1133732857292093,0.001440291547513008
NIRCam_GRISM,3.4271554946899414,1.1348119315178202,0.001468025193285942
NIRCam_GRISM,3.428131580352783,1.14958587413588,0.0014871371882915496
NIRCam_GRISM,3.429107427597046,1.1497760446112761,0.0014873831982612608
NIRCam_GRISM,3.4300832748413086,1.1341728784598373,0.0014671984959602356
NIRCam_GRISM,3.4310593605041504,1.1297811243911788,0.001461517197203636
NIRCam_GRISM,3.432035207748413,1.1286710146361578,0.0014600811274528504
NIRCam_GRISM,3.433011293411255,1.1167300046894233,0.0014446338952302932
NIRCam_GRISM,3.4339871406555176,1.104003549336268,0.0014281705883502959
NIRCam_GRISM,3.4349632263183594,1.141887065900992,0.0014771777896165849
NIRCam_GRISM,3.435939311981201,1.1337993744749877,0.0014667153205156326
NIRCam_GRISM,3.436915159225464,1.118223632949179,0.001446566095495224
NIRCam_GRISM,3.4378912448883057,1.127055850937147,0.0014579917054653169
NIRCam_GRISM,3.4388673305511475,1.1136073174149885,0.0014405942975997924
NIRCam_GRISM,3.4398434162139893,1.1360379506483584,0.0014696112067222595
NIRCam_GRISM,3.440819501876831,1.1413333027514085,0.0014764614257574082
NIRCam_GRISM,3.441795587539673,1.131545425158892,0.0014637995471715928
NIRCam_GRISM,3.4427716732025146,1.1479044342475118,0.0014849620295286179
NIRCam_GRISM,3.4437477588653564,1.1434434498835206,0.0014791911724805831
NIRCam_GRISM,3.4447240829467773,1.1403473682695346,0.001475185992693901
NIRCam_GRISM,3.445700168609619,1.1440290194062819,0.001479948681974411
NIRCam_GRISM,3.446676254272461,1.1228409392919068,0.0014525391751289366
NIRCam_GRISM,3.447652578353882,1.132398163623536,0.0014649026740550994
NIRCam_GRISM,3.4486286640167236,1.1264124015533137,0.0014571593209266663
NIRCam_GRISM,3.4496049880981445,1.1289150385228275,0.0014603968037366867
NIRCam_GRISM,3.4505810737609863,1.1291444082480195,0.001460693522977829
NIRCam_GRISM,3.4515573978424072,1.13646723341253,0.0014701665391921998
NIRCam_GRISM,3.452533483505249,1.086407396453024,0.0014054077013731002
NIRCam_GRISM,3.45350980758667,1.1441079300816412,0.0014800507630825042
NIRCam_GRISM,3.454486131668091,1.131846894782841,0.0014641895369052887
NIRCam_GRISM,3.4554624557495117,1.1229312971601728,0.0014526560646533964
NIRCam_GRISM,3.4564387798309326,1.121888474012799,0.001451307038784027
NIRCam_GRISM,3.4574151039123535,1.1236670506801887,0.001453607856464386
NIRCam_GRISM,3.4583914279937744,1.1257767594311274,0.0014563370360851286
NIRCam_GRISM,3.4593677520751953,1.1264930585287203,0.00145726366109848
NIRCam_GRISM,3.460344076156616,1.1359397659086927,0.0014694841921329498
NIRCam_GRISM,3.461320400238037,1.134339682109203,0.001467414277935028
NIRCam_GRISM,3.462296724319458,1.1264510828218235,0.0014572093601226805
NIRCam_GRISM,3.463273286819458,1.1269912306107552,0.0014579081107616424
NIRCam_GRISM,3.464249610900879,1.1153396998275171,0.001442835357069969
NIRCam_GRISM,3.465226173400879,1.1281287573797267,0.0014593796479463578
NIRCam_GRISM,3.4662024974823,1.1128434227393145,0.0014396061015844344
NIRCam_GRISM,3.4671790599823,1.1223982155906698,0.001451966455078125
NIRCam_GRISM,3.4681553840637207,1.1353906043423012,0.0014687737810134887
NIRCam_GRISM,3.4691319465637207,1.14061693140736,0.0014755347072839737
NIRCam_GRISM,3.4701085090637207,1.145078191468987,0.0014813059209823607
NIRCam_GRISM,3.4710848331451416,1.1346627015608177,0.0014678321451425552
NIRCam_GRISM,3.4720613956451416,1.1273650400949038,0.0014583916814088819
NIRCam_GRISM,3.4730379581451416,1.12915367192081,0.0014607055067300796
NIRCam_GRISM,3.4740145206451416,1.1522182715456246,0.0014905425329208373
NIRCam_GRISM,3.4749910831451416,1.1402480640968378,0.0014750575299739836
NIRCam_GRISM,3.4759676456451416,1.12138162126107,0.0014506513595581054
NIRCam_GRISM,3.4769442081451416,1.1340632537519102,0.0014670566823005676
NIRCam_GRISM,3.4779210090637207,1.1279320187984128,0.00145912514128685
NIRCam_GRISM,3.4788975715637207,1.1305044195259288,0.0014624528724908829
NIRCam_GRISM,3.4798741340637207,1.1572927928095067,0.0014971070788621901
NIRCam_GRISM,3.4808506965637207,1.142253864124623,0.0014776522902965545
NIRCam_GRISM,3.4818274974823,1.1425345385093355,0.0014780153787136078
NIRCam_GRISM,3.4828040599823,1.1429320071596376,0.0014785295555353164
NIRCam_GRISM,3.483780860900879,1.1321444046559517,0.0014645744041919709
NIRCam_GRISM,3.484757661819458,1.1165621959112404,0.001444416812992096
NIRCam_GRISM,3.485734224319458,0.9381472294296759,0.0012136141060590743
NIRCam_GRISM,3.486711025238037,1.1290068827329114,0.0014605156160354613
NIRCam_GRISM,3.487687826156616,1.1322951299855788,0.0014647693867921828
NIRCam_GRISM,3.4886646270751953,1.1323656767145465,0.0014648606480598448
NIRCam_GRISM,3.4896411895751953,1.109167148545044,0.0014348503680706023
NIRCam_GRISM,3.4906179904937744,1.1237596952777942,0.001453727704167366
NIRCam_GRISM,3.4915947914123535,1.1184017351701712,0.001446796493625641
NIRCam_GRISM,3.4925715923309326,1.1372543376491817,0.001471184759759903
NIRCam_GRISM,3.493548631668091,1.140035858839441,0.001474783015179634
NIRCam_GRISM,3.49452543258667,1.127005907994308,0.0014579270978450774
NIRCam_GRISM,3.495502233505249,1.1186734343518705,0.0014471479714632035
NIRCam_GRISM,3.496479034423828,1.117372226657576,0.0014454646919488906
NIRCam_GRISM,3.4974560737609863,1.1248658246401322,0.001455158624768257
NIRCam_GRISM,3.4984328746795654,1.0845062543183375,0.0014029483294963835
NIRCam_GRISM,3.4994096755981445,1.1158919042598157,0.001443549704527855
NIRCam_GRISM,3.5003867149353027,1.0989156602848573,0.0014215887494564055
NIRCam_GRISM,3.501363754272461,1.1249563184865494,0.0014552756901979446
NIRCam_GRISM,3.50234055519104,1.1087171813625387,0.001434268277645111
NIRCam_GRISM,3.5033175945281982,1.119964378921065,0.0014488179743051529
NIRCam_GRISM,3.5042946338653564,1.120340417337388,0.0014493044283628463
NIRCam_GRISM,3.5052714347839355,1.11170508951928,0.0014381335211515428
NIRCam_GRISM,3.5062484741210938,1.096631678246075,0.0014186341249227523
NIRCam_GRISM,3.507225513458252,1.0977238894577048,0.001420047040605545
NIRCam_GRISM,3.50820255279541,1.0989062878553486,0.0014215766250133513
NIRCam_GRISM,3.5091795921325684,1.1153895433024679,0.0014428998360157012
NIRCam_GRISM,3.5101566314697266,1.101826745172767,0.0014253546121835708
NIRCam_GRISM,3.511133909225464,1.094847427780682,0.0014163259674549102
NIRCam_GRISM,3.512110948562622,1.0998781220222362,0.0014228338175058365
NIRCam_GRISM,3.5130879878997803,1.1198017971739629,0.0014486076539039611
NIRCam_GRISM,3.5140650272369385,1.117352481056134,0.0014454391484737396
NIRCam_GRISM,3.515042304992676,1.1158578081900334,0.0014435055968761443
NIRCam_GRISM,3.516019344329834,1.1114582077692348,0.001437814147853851
NIRCam_GRISM,3.5169966220855713,1.115151078780576,0.0014425913514852524
NIRCam_GRISM,3.5179736614227295,1.1229942538829072,0.0014527375072717666
NIRCam_GRISM,3.518950939178467,1.081872169566814,0.0013995408020734787
NIRCam_GRISM,3.519928216934204,1.0994450966336282,0.0014222736434698104
NIRCam_GRISM,3.5209052562713623,1.0975356658952824,0.0014198035492181777
NIRCam_GRISM,3.5218825340270996,1.080479324983962,0.0013977389784574508
NIRCam_GRISM,3.522859811782837,1.0874207989084017,0.0014067186677932737
NIRCam_GRISM,3.523837089538574,1.1150159006302256,0.0014424164811611176
NIRCam_GRISM,3.5248143672943115,1.100238623838228,0.001423300172972679
NIRCam_GRISM,3.525791645050049,1.1044953491518854,0.0014288067946672438
NIRCam_GRISM,3.526768922805786,1.12096253505205,0.0014501092176437379
NIRCam_GRISM,3.5277462005615234,1.0933608969611446,0.001414402948641777
NIRCam_GRISM,3.5287234783172607,1.0881664287769557,0.0014076832359313964
NIRCam_GRISM,3.529700994491577,1.08810999126477,0.0014076102267503738
NIRCam_GRISM,3.5306782722473145,1.0922054393958998,0.0014129082156658173
NIRCam_GRISM,3.5316555500030518,1.0902301949745254,0.0014103529829502105
NIRCam_GRISM,3.532633066177368,1.0779654858144334,0.001394487004160881
NIRCam_GRISM,3.5336103439331055,1.1072907109569248,0.001432422954702377
NIRCam_GRISM,3.534587860107422,1.080330705638523,0.0013975467202186585
NIRCam_GRISM,3.5355653762817383,1.0854899558686792,0.0014042208739757536
NIRCam_GRISM,3.5365426540374756,0.8653032949996772,0.0011193811076641081
NIRCam_GRISM,3.537520170211792,1.0836576575107868,0.0014018505603790284
NIRCam_GRISM,3.5384976863861084,1.0871208556198442,0.0014063306525707244
NIRCam_GRISM,3.539475202560425,1.0868110140507887,0.001405929832649231
NIRCam_GRISM,3.540452480316162,1.0846970223751329,0.0014031951125144959
NIRCam_GRISM,3.5414299964904785,1.0861268850098718,0.0014050448237419126
NIRCam_GRISM,3.542407512664795,1.0919144835664503,0.001412531826877594
NIRCam_GRISM,3.5433852672576904,1.0909292635504202,0.0014112573180675506
NIRCam_GRISM,3.544362783432007,1.1037294345427127,0.0014278159856081008
NIRCam_GRISM,3.5453402996063232,1.086000149631957,0.0014048808752298355
NIRCam_GRISM,3.5463178157806396,1.0982319763337134,0.001420704316329956
NIRCam_GRISM,3.547295331954956,0.8321123055943197,0.001076444293832779
NIRCam_GRISM,3.5482730865478516,1.067388279310471,0.0013808040271043776
NIRCam_GRISM,3.549250602722168,1.076838216752078,0.0013930287366390227
NIRCam_GRISM,3.5502283573150635,1.109408802231916,0.0014351629781961441
NIRCam_GRISM,3.55120587348938,1.090780803147184,0.001411065265440941
NIRCam_GRISM,3.5521836280822754,1.080526060442184,0.0013977994367837905
NIRCam_GRISM,3.553161144256592,1.07564265272797,0.0013914821208000183
NIRCam_GRISM,3.5541388988494873,1.0807171654770913,0.0013980466557264328
NIRCam_GRISM,3.555116653442383,1.070442191184222,0.0013847546549081802
NIRCam_GRISM,3.5560944080352783,1.0128554726869827,0.0013102588277101516
NIRCam_GRISM,3.557072162628174,0.9126460220966397,0.0011806250144004821
NIRCam_GRISM,3.5580499172210693,1.0362170413685814,0.0013404800215721128
NIRCam_GRISM,3.559027671813965,1.1019901368542435,0.0014255659803390501
NIRCam_GRISM,3.5600054264068604,1.087392430563442,0.0014066819696903227
NIRCam_GRISM,3.560983180999756,1.076086882896823,0.0013920567896604538
NIRCam_GRISM,3.5619609355926514,1.0886274368950652,0.0014082796092271806
NIRCam_GRISM,3.562938690185547,1.0872159391803924,0.001406453655385971
NIRCam_GRISM,3.5639166831970215,1.0762984209065953,0.0013923304412841796
NIRCam_GRISM,3.564894437789917,1.0620943194998347,0.0013739556091785432
NIRCam_GRISM,3.5658721923828125,1.0792066299985277,0.0013960925837993622
NIRCam_GRISM,3.566850185394287,1.0946811886857641,0.0014161109158039092
NIRCam_GRISM,3.5678279399871826,1.0790234709126605,0.0013958556439638138
NIRCam_GRISM,3.5688059329986572,1.0729806383996945,0.0013880384628772735
NIRCam_GRISM,3.5697836875915527,1.077076360422299,0.0013933368061065674
NIRCam_GRISM,3.5707616806030273,1.0742596416618284,0.0013896930181026457
NIRCam_GRISM,3.571739673614502,1.0899180484855049,0.001409949181318283
NIRCam_GRISM,3.5727176666259766,1.0925929182965304,0.001413409469461441
NIRCam_GRISM,3.573695659637451,1.0622439558431516,0.001374149183034897
NIRCam_GRISM,3.574673652648926,1.093089999199059,0.0014140525075435639
NIRCam_GRISM,3.5756516456604004,1.0758251333422097,0.0013917181829452513
NIRCam_GRISM,3.576629638671875,1.0659495600343134,0.0013789428586721418
NIRCam_GRISM,3.5776076316833496,1.0773503865849345,0.0013936912941932677
NIRCam_GRISM,3.578585624694824,1.0884628234744156,0.0014080666605949402
NIRCam_GRISM,3.579563617706299,1.071167918573315,0.0013856934766292572
NIRCam_GRISM,3.5805416107177734,1.0653513663464729,0.0013781690181970596
NIRCam_GRISM,3.581519842147827,1.074540936333969,0.0013900569089412688
NIRCam_GRISM,3.5824978351593018,1.0624768068154233,0.001374450405716896
NIRCam_GRISM,3.5834760665893555,1.0744520019789061,0.00138994186091423
NIRCam_GRISM,3.58445405960083,1.0617913150257332,0.001373563633918762
NIRCam_GRISM,3.585432291030884,1.0714764233249143,0.0013860925672054291
NIRCam_GRISM,3.5864102840423584,1.0889212338163912,0.001408659673333168
NIRCam_GRISM,3.587388515472412,1.0682626683607848,0.001381935161805153
NIRCam_GRISM,3.588366746902466,1.0669700457386415,0.0013802629881858825
NIRCam_GRISM,3.5893449783325195,1.0473378979374346,0.0013548662799119948
NIRCam_GRISM,3.590322971343994,1.0785498797841486,0.0013952429929256437
NIRCam_GRISM,3.591301202774048,1.0349950059850261,0.0013388991616249085
NIRCam_GRISM,3.5922794342041016,0.9742282632327913,0.0012602895640373229
NIRCam_GRISM,3.5932576656341553,1.0270984055316723,0.0013286838932752608
NIRCam_GRISM,3.594235897064209,1.0599485344811654,0.0013711797602653504
NIRCam_GRISM,3.595214366912842,1.0749760355828946,0.0013906197657823562
NIRCam_GRISM,3.5961925983428955,1.0626912063008938,0.0013747277590274811
NIRCam_GRISM,3.597170829772949,1.0829695273063311,0.0014009603754520416
NIRCam_GRISM,3.598149061203003,1.0726814686642607,0.0013876514483451843
NIRCam_GRISM,3.5991275310516357,1.0878441971987443,0.001407266387939453
NIRCam_GRISM,3.6001057624816895,1.0644657797405597,0.0013770233980178832
NIRCam_GRISM,3.6010842323303223,1.0903836881174809,0.0014105515460729598
NIRCam_GRISM,3.602062463760376,1.0880501781659462,0.0014075328508138655
NIRCam_GRISM,3.603040933609009,1.065064510761416,0.001377797933602333
NIRCam_GRISM,3.6040191650390625,1.0652373249288742,0.0013780214909553529
NIRCam_GRISM,3.6049976348876953,1.0609338095851182,0.0013724543403387068
NIRCam_GRISM,3.605976104736328,1.0617159076584253,0.0013734660847902298
NIRCam_GRISM,3.606954574584961,1.0639282194068398,0.0013763279945850373
NIRCam_GRISM,3.6079330444335938,1.0783614321287016,0.0013949992116451264
NIRCam_GRISM,3.6089115142822266,1.051677312029058,0.0013604798701763153
NIRCam_GRISM,3.6098899841308594,1.0614467591636518,0.0013731179065942763
NIRCam_GRISM,3.610868453979492,1.0607970195647327,0.001372277384853363
NIRCam_GRISM,3.611846923828125,1.0620758011850613,0.0013739316533565521
NIRCam_GRISM,3.612825393676758,1.0582350756086207,0.0013689631808280944
NIRCam_GRISM,3.6138038635253906,1.0598148867945751,0.0013710068697929381
NIRCam_GRISM,3.6147825717926025,1.0656692642984367,0.0013785802600860594
NIRCam_GRISM,3.6157610416412354,1.0692139432505205,0.001383165758228302
NIRCam_GRISM,3.616739511489868,0.985852845055904,0.0012753274557828903
NIRCam_GRISM,3.61771821975708,1.058585733457968,0.0013694168018579481
NIRCam_GRISM,3.618696928024292,1.047737442770262,0.001355383142542839
NIRCam_GRISM,3.619675397872925,1.059790791827479,0.001370975699853897
NIRCam_GRISM,3.6206541061401367,1.0674665011932811,0.0013809052171707154
NIRCam_GRISM,3.6216325759887695,1.0524342022818256,0.0013614590050697326
NIRCam_GRISM,3.6226112842559814,1.0599026391460156,0.0013711203887462615
NIRCam_GRISM,3.6235899925231934,1.059843872459698,0.00137104436647892
NIRCam_GRISM,3.6245687007904053,1.075554686346404,0.0013913683249711989
NIRCam_GRISM,3.625547409057617,1.0508357856983161,0.0013593912476301193
NIRCam_GRISM,3.626526117324829,1.0671559876031744,0.0013805035279035567
NIRCam_GRISM,3.627504825592041,1.0637811345245185,0.0013761377213716507
NIRCam_GRISM,3.628483533859253,1.048977463650979,0.0013569872690439224
NIRCam_GRISM,3.629462242126465,1.0512113816050972,0.0013598771292448043
NIRCam_GRISM,3.630441188812256,1.0453771540248076,0.001352329805469513
NIRCam_GRISM,3.6314198970794678,1.0523526542237929,0.0013613535121679305
NIRCam_GRISM,3.6323986053466797,1.0510393106730536,0.0013596545333623886
NIRCam_GRISM,3.6333775520324707,1.058287895508541,0.0013690315101623535
NIRCam_GRISM,3.6343562602996826,1.0505160975823853,0.0013589776899337767
NIRCam_GRISM,3.6353352069854736,1.0529370389046782,0.0013621094889163972
NIRCam_GRISM,3.6363139152526855,1.0399803255819584,0.0013453483137369155
NIRCam_GRISM,3.6372928619384766,1.0352945658513215,0.0013392866808414458
NIRCam_GRISM,3.6382718086242676,1.0131838876587345,0.0013106836747169494
NIRCam_GRISM,3.6392505168914795,1.0116674874451053,0.0013087220160007476
NIRCam_GRISM,3.6402294635772705,1.040674073980449,0.0013462457665205
NIRCam_GRISM,3.6412084102630615,1.0464704862176069,0.0013537441712856294
NIRCam_GRISM,3.6421873569488525,1.0317670624620245,0.0013347234014987946
NIRCam_GRISM,3.6431663036346436,1.0359020635925609,0.0013400725573062895
NIRCam_GRISM,3.6441452503204346,1.043032177657648,0.0013492962769269942
NIRCam_GRISM,3.6451241970062256,1.0443112265898633,0.0013509508912324904
NIRCam_GRISM,3.6461031436920166,1.0500364142714838,0.0013583571578741074
NIRCam_GRISM,3.6470820903778076,1.0354632581004501,0.001339504905962944
NIRCam_GRISM,3.6480612754821777,1.0308906919236478,0.0013335897034883499
NIRCam_GRISM,3.6490402221679688,1.0406067055794928,0.0013461586168289183
NIRCam_GRISM,3.6500191688537598,1.0596018998563284,0.0013707313437938688
NIRCam_GRISM,3.65099835395813,1.0441258626969774,0.0013507110991954803
NIRCam_GRISM,3.651977300643921,1.0314010306313772,0.0013342498922467231
NIRCam_GRISM,3.652956485748291,1.036782396913547,0.001341211381685734
NIRCam_GRISM,3.653935670852661,1.0360636331152115,0.0013402815682649612
NIRCam_GRISM,3.654914617538452,1.04201258755135,0.001347977305984497
NIRCam_GRISM,3.6558938026428223,1.0165160283101613,0.001314994227230549
NIRCam_GRISM,3.6568729877471924,1.0127593698063493,0.0013101345062732695
NIRCam_GRISM,3.6578521728515625,1.0277468510159509,0.0013295227409124374
NIRCam_GRISM,3.6588313579559326,1.028800169767199,0.0013308853441953658
NIRCam_GRISM,3.6598105430603027,1.0271235567161507,0.001328716429567337
NIRCam_GRISM,3.660789728164673,1.0228464145540694,0.0013231833960533142
NIRCam_GRISM,3.661768913269043,1.0365003068208285,0.001340846461868286
NIRCam_GRISM,3.662748098373413,1.0126528550503238,0.0013099967157363891
NIRCam_GRISM,3.663727283477783,1.02775637374389,0.001329535059785843
NIRCam_GRISM,3.6647064685821533,1.0197466228265522,0.0013191734167575836
NIRCam_GRISM,3.6656858921051025,1.020554792581592,0.0013202188882827758
NIRCam_GRISM,3.6666650772094727,1.0434144217865062,0.001349790758872032
NIRCam_GRISM,3.6676442623138428,0.8697630364020988,0.0011251503567814827
NIRCam_GRISM,3.668623685836792,1.0116214491651823,0.001308662459564209
NIRCam_GRISM,3.669603109359741,1.0207291352776375,0.001320444422984123
NIRCam_GRISM,3.6705822944641113,1.0191249472343977,0.0013183691994190215
NIRCam_GRISM,3.6715617179870605,1.0145111328467067,0.0013124006370782851
NIRCam_GRISM,3.6725411415100098,1.0040254267371054,0.0012988360275506972
NIRCam_GRISM,3.67352032661438,1.0151669568873238,0.0013132490298271178
NIRCam_GRISM,3.674499750137329,0.9959138337967918,0.0012883426387667657
NIRCam_GRISM,3.6754791736602783,0.9920088174539086,0.0012832909978628157
NIRCam_GRISM,3.6764585971832275,0.9895358336551651,0.0012800918752431869
NIRCam_GRISM,3.6774380207061768,1.0069652449435886,0.0013026390605211258
NIRCam_GRISM,3.678417444229126,1.0232021519743209,0.0013236435881614685
NIRCam_GRISM,3.679396867752075,0.9977853003772078,0.0012907636214971542
NIRCam_GRISM,3.6803762912750244,0.9936349054621021,0.0012853945518493653
NIRCam_GRISM,3.6813559532165527,0.9912794318139189,0.0012823474437236785
NIRCam_GRISM,3.682335376739502,1.0037796768051983,0.001298518118405342
NIRCam_GRISM,3.683314800262451,0.8654656309798177,0.0011195911101341246
NIRCam_GRISM,3.6842944622039795,1.020720933498737,0.0013204338129281998
NIRCam_GRISM,3.6852738857269287,1.0326118046631325,0.0013358161841869353
NIRCam_GRISM,3.686253547668457,1.0155654204745324,0.001313764493727684
NIRCam_GRISM,3.6872329711914062,0.877228686165737,0.00113480813498497
NIRCam_GRISM,3.6882126331329346,1.018256417371654,0.0013172456443309782
NIRCam_GRISM,3.689192295074463,1.0144197840408915,0.001312282465648651
NIRCam_GRISM,3.690171957015991,1.0000643593360699,0.0012937118773937225
NIRCam_GRISM,3.6911513805389404,0.6455524018528347,0.0008351050629496575
NIRCam_GRISM,3.6921310424804688,1.0097268529464305,0.0013062115556716919
NIRCam_GRISM,3.693110704421997,1.0117228878336149,0.0013087936835289
NIRCam_GRISM,3.6940903663635254,0.9878925680200005,0.0012779660997867585
NIRCam_GRISM,3.6950700283050537,0.9697711337332662,0.0012545236937522887
NIRCam_GRISM,3.696049690246582,0.9798890844827078,0.0012676125644207
NIRCam_GRISM,3.6970295906066895,0.7123237451321727,0.0009214823836326599
NIRCam_GRISM,3.6980092525482178,1.0044385695140279,0.0012993704808712005
NIRCam_GRISM,3.698988914489746,1.0006924715713947,0.0012945244213581086
NIRCam_GRISM,3.6999688148498535,0.9113290613206695,0.0011789213562488554
NIRCam_GRISM,3.700948476791382,1.0188125240156491,0.0013179650398015975
NIRCam_GRISM,3.70192813873291,1.0108176445152026,0.0013076226348638534
NIRCam_GRISM,3.7029080390930176,1.0062060041007752,0.0013016568848371506
NIRCam_GRISM,3.703887939453125,0.9959022347573159,0.0012883276339173315
NIRCam_GRISM,3.7048676013946533,0.9799346467100916,0.0012676715050220489
NIRCam_GRISM,3.7058475017547607,0.9757098566521287,0.0012622061956882476
NIRCam_GRISM,3.706827402114868,0.9853465469247352,0.0012746724940299987
NIRCam_GRISM,3.7078070640563965,0.9919202385256062,0.001283176409626007
NIRCam_GRISM,3.708786964416504,1.000306063208426,0.0012940245524406433
NIRCam_GRISM,3.7097668647766113,0.9966337975313518,0.0012892740044593812
NIRCam_GRISM,3.7107467651367188,0.9984622128357595,0.0012916392948269842
NIRCam_GRISM,3.711726665496826,0.9866002017437642,0.0012762942577838898
NIRCam_GRISM,3.7127065658569336,0.9794433563609997,0.0012670359577655792
NIRCam_GRISM,3.71368670463562,0.9826866291628062,0.0012712315482854841
NIRCam_GRISM,3.7146666049957275,0.9789942329138893,0.001266454958820343
NIRCam_GRISM,3.715646505355835,0.988991936404186,0.00127938827419281
NIRCam_GRISM,3.7166264057159424,0.9882756631088992,0.0012784616825580598
NIRCam_GRISM,3.717606544494629,0.9829266627874113,0.001271542062652111
NIRCam_GRISM,3.7185864448547363,0.9846519849795474,0.0012737739888191222
NIRCam_GRISM,3.719566583633423,0.9651258780750225,0.0012485144580841063
NIRCam_GRISM,3.7205464839935303,0.9767689160293519,0.001263576225209236
NIRCam_GRISM,3.721526622772217,0.9907956621918698,0.001281721625494957
NIRCam_GRISM,3.7225067615509033,0.9765375385622507,0.001263276908695698
NIRCam_GRISM,3.7234866619110107,0.9810281172032491,0.001269086049747467
NIRCam_GRISM,3.7244668006896973,0.9926508315844894,0.0012841215257167816
NIRCam_GRISM,3.725446939468384,0.9833398789073876,0.0012720766108512878
NIRCam_GRISM,3.7264270782470703,0.9490950932791156,0.001227776576066017
NIRCam_GRISM,3.727407217025757,0.989797939410608,0.001280430942749977
NIRCam_GRISM,3.7283873558044434,0.9900430497033577,0.0012807480244398117
NIRCam_GRISM,3.72936749458313,0.9818017269630511,0.0012700868134737015
NIRCam_GRISM,3.7303476333618164,0.9705501934560701,0.0012555315077066422
NIRCam_GRISM,3.731327772140503,0.9794390890466779,0.0012670304374456406
NIRCam_GRISM,3.7323081493377686,0.9665025261635762,0.0012502953294515609
NIRCam_GRISM,3.733288288116455,0.9703619958894706,0.0012552880499482155
NIRCam_GRISM,3.7342684268951416,0.9757448647044046,0.0012622514831066131
NIRCam_GRISM,3.7352488040924072,0.9752155972317242,0.0012615668075561521
NIRCam_GRISM,3.7362289428710938,0.9743028111898038,0.0012603860014081003
NIRCam_GRISM,3.7372093200683594,0.9649955351477413,0.0012483458427429198
NIRCam_GRISM,3.738189697265625,0.9554755757960641,0.0012360305508613586
NIRCam_GRISM,3.7391698360443115,0.962642738875805,0.0012453021981477736
NIRCam_GRISM,3.740150213241577,0.9743176907989269,0.001260405250096321
NIRCam_GRISM,3.7411305904388428,0.9625973956454907,0.0012452435408473015
NIRCam_GRISM,3.7421109676361084,0.9670310849759317,0.0012509790882587433
NIRCam_GRISM,3.743091106414795,0.9732189946938152,0.0012589839453697204
NIRCam_GRISM,3.7440714836120605,0.9652179637301816,0.0012486335827231407
NIRCam_GRISM,3.745051860809326,0.9618988293759814,0.0012443398555278778
NIRCam_GRISM,3.746032476425171,0.9662224910309866,0.0012499330679893493
NIRCam_GRISM,3.7470128536224365,0.9597480526432588,0.001241557549190521
NIRCam_GRISM,3.747993230819702,0.9720408685774369,0.0012574598877072333
NIRCam_GRISM,3.7489736080169678,0.974740494023595,0.001260952200448513
NIRCam_GRISM,3.7499539852142334,0.9686556652908994,0.0012530806918501854
NIRCam_GRISM,3.750934600830078,0.9467763417303735,0.0012247769726991655
NIRCam_GRISM,3.7519149780273438,0.9682696360283067,0.0012525813133478165
NIRCam_GRISM,3.7528955936431885,0.9624736385632123,0.0012450834451436996
NIRCam_GRISM,3.753875970840454,0.9584932593619986,0.0012399343126893044
NIRCam_GRISM,3.754856586456299,0.9602678978234748,0.0012422300357937811
NIRCam_GRISM,3.7558372020721436,0.9598218623318003,0.001241653031516075
NIRCam_GRISM,3.756817579269409,0.9582120418387517,0.0012395705216526984
NIRCam_GRISM,3.757798194885254,0.9675698736284126,0.0012516760806798935
NIRCam_GRISM,3.7587788105010986,0.9514568904918645,0.0012308318645358083
NIRCam_GRISM,3.7597594261169434,0.9565144697038261,0.00123737449375391
NIRCam_GRISM,3.760740041732788,0.9542187508412557,0.001234404686129093
NIRCam_GRISM,3.761720657348633,0.9606715275483231,0.0012427521827578546
NIRCam_GRISM,3.7627012729644775,0.9602543178764879,0.0012422124683856965
NIRCam_GRISM,3.7636818885803223,0.942919758637425,0.001219787986433506
NIRCam_GRISM,3.764662504196167,0.9669153602159115,0.0012508293833971022
NIRCam_GRISM,3.7656431198120117,0.9638602073802701,0.0012468771502494812
NIRCam_GRISM,3.7666239738464355,0.9597377783586615,0.0012415442580819129
NIRCam_GRISM,3.7676045894622803,0.9503906893589632,0.0012294525962352754
NIRCam_GRISM,3.768585205078125,0.9494576270266785,0.0012282455600976943
NIRCam_GRISM,3.769566059112549,0.9585911669203955,0.0012400609687089918
NIRCam_GRISM,3.7705466747283936,0.9585549375159813,0.0012400141013145446
NIRCam_GRISM,3.7715275287628174,0.9642929450731699,0.0012474369521141052
NIRCam_GRISM,3.772508382797241,0.9519667132824924,0.0012314913858890533
NIRCam_GRISM,3.773488998413086,0.9475916819461566,0.001225831720137596
NIRCam_GRISM,3.7744698524475098,0.9596762883679928,0.0012414647128701209
NIRCam_GRISM,3.7754507064819336,0.94813221225427,0.001226530965614319
NIRCam_GRISM,3.7764315605163574,0.9561009591795421,0.0012368395647048948
NIRCam_GRISM,3.7774124145507812,0.9536837260356076,0.0012337125627279281
NIRCam_GRISM,3.778393268585205,0.9631665181980712,0.001245979774069786
NIRCam_GRISM,3.779374122619629,0.9497633097156019,0.0012286409999728203
NIRCam_GRISM,3.7803549766540527,0.9593421945667879,0.0012410325195670127
NIRCam_GRISM,3.7813358306884766,0.9391487523745153,0.0012149097048044205
NIRCam_GRISM,3.7823166847229004,0.9549495160015178,0.0012353500248551367
NIRCam_GRISM,3.783297538757324,0.9396246022368648,0.0012155252778053285
NIRCam_GRISM,3.784278631210327,0.9530371337374274,0.0012328761124253272
NIRCam_GRISM,3.785259485244751,0.9264108204138252,0.0011984315514564515
NIRCam_GRISM,3.786240577697754,0.932408859866139,0.0012061907869577407
NIRCam_GRISM,3.7872214317321777,0.6432870601092258,0.0008321745520353317
NIRCam_GRISM,3.7882025241851807,0.9307859048384048,0.0012040912858843804
NIRCam_GRISM,3.7891833782196045,0.9429363992539097,0.0012198095132112503
NIRCam_GRISM,3.7901644706726074,0.9527468692807581,0.00123250061801672
NIRCam_GRISM,3.7911455631256104,0.931105331060933,0.0012045045047879219
NIRCam_GRISM,3.7921266555786133,0.9302879942627374,0.0012034471745133398
NIRCam_GRISM,3.793107509613037,0.9457534870518568,0.0012234537786126136
NIRCam_GRISM,3.79408860206604,0.9298835860823276,0.0012029240205168722
NIRCam_GRISM,3.795069694519043,0.9203312307747882,0.0011905668202996252
NIRCam_GRISM,3.796050786972046,0.9319595501908876,0.0012056095471024513
NIRCam_GRISM,3.797032117843628,0.9294546704849657,0.0012023691630244256
NIRCam_GRISM,3.798013210296631,0.9342861537037715,0.0012086193079948425
NIRCam_GRISM,3.798994302749634,0.9310917374387239,0.0012044869196891784
NIRCam_GRISM,3.7999753952026367,0.9418232023820275,0.0012183694498777388
NIRCam_GRISM,3.8009564876556396,0.9388230458707889,0.0012144883615493774
NIRCam_GRISM,3.8019378185272217,0.9219990429819039,0.0011927243499040602
NIRCam_GRISM,3.8029189109802246,0.5956246210937057,0.0007705170568108558
NIRCam_GRISM,3.8039002418518066,0.9300026276642347,0.0012030780161142347
NIRCam_GRISM,3.8048813343048096,0.9143510537426379,0.0011828306921362877
NIRCam_GRISM,3.8058626651763916,0.9344107738086683,0.0012087805201292036
NIRCam_GRISM,3.8068439960479736,0.9301799577512297,0.0012033074153900145
NIRCam_GRISM,3.8078250885009766,0.9196335802291069,0.0011896643195867538
NIRCam_GRISM,3.8088064193725586,0.9228906837763118,0.0011938778019547462
NIRCam_GRISM,3.8097877502441406,0.9195765122375825,0.001189590494799614
NIRCam_GRISM,3.8107690811157227,0.9224537601108587,0.0011933125849962233
NIRCam_GRISM,3.8117504119873047,0.9283230401233898,0.0012009052536010741
NIRCam_GRISM,3.8127317428588867,0.9185525153555,0.0011882658231258392
NIRCam_GRISM,3.8137130737304688,0.9224687013229866,0.0011933319133758543
NIRCam_GRISM,3.814694404602051,0.9162281230357056,0.0011852589226961135
NIRCam_GRISM,3.815675735473633,0.9317327774677602,0.001205316187417507
NIRCam_GRISM,3.816657304763794,0.9195716854002622,0.0011895842506647108
NIRCam_GRISM,3.817638635635376,0.9170785479366125,0.001186359056687355
NIRCam_GRISM,3.818619966506958,0.9080343221433919,0.0011746591873526572
NIRCam_GRISM,3.819601535797119,0.9175238844438264,0.001186935156738758
NIRCam_GRISM,3.820582866668701,0.9096976356540097,0.0011768108973145485
NIRCam_GRISM,3.8215644359588623,0.9143971576249231,0.0011828903334379194
NIRCam_GRISM,3.8225457668304443,0.9127199607322037,0.0011807206635355949
NIRCam_GRISM,3.8235273361206055,0.903297616211766,0.0011685316489934922
NIRCam_GRISM,3.8245089054107666,0.9044733014300286,0.0011700525490403175
NIRCam_GRISM,3.8254902362823486,0.903158686083643,0.0011683519250035284
NIRCam_GRISM,3.8264718055725098,0.903128896096147,0.0011683133878231046
NIRCam_GRISM,3.827453374862671,0.9053442492913416,0.0011711792321205138
NIRCam_GRISM,3.828434944152832,0.908051015138557,0.0011746807818889618
NIRCam_GRISM,3.829416513442993,0.905059420606406,0.0011708107695817946
NIRCam_GRISM,3.8303980827331543,0.9045364488963072,0.001170134238409996
NIRCam_GRISM,3.8313796520233154,0.9019482665755678,0.0011667860916852952
NIRCam_GRISM,3.8323612213134766,0.9104411839215542,0.0011777727726340293
NIRCam_GRISM,3.833343029022217,0.8982688252772889,0.001162026261115074
NIRCam_GRISM,3.834324598312378,0.7338059514697997,0.0009492723805785178
NIRCam_GRISM,3.835306167602539,0.8909349536296786,0.0011525389548540114
NIRCam_GRISM,3.8362879753112793,0.8945347463711618,0.001157195749771595
NIRCam_GRISM,3.8372695446014404,0.8899440557517818,0.0011512571009993553
NIRCam_GRISM,3.8382513523101807,0.8914597062149141,0.0011532177898168562
NIRCam_GRISM,3.839232921600342,0.8861296051792429,0.0011463226185679436
NIRCam_GRISM,3.840214729309082,0.8889684839274021,0.0011499950733661651
NIRCam_GRISM,3.8411965370178223,0.8948422209012018,0.0011575935076236724
NIRCam_GRISM,3.8421781063079834,0.908485260073142,0.0011752425335645675
NIRCam_GRISM,3.8431599140167236,0.8841045405049929,0.0011437029369473456
NIRCam_GRISM,3.844141721725464,0.8825802038891768,0.0011417310114741324
NIRCam_GRISM,3.845123529434204,0.8890506707860171,0.0011501013926386832
NIRCam_GRISM,3.8461053371429443,0.8834722183654763,0.0011428849469304085
NIRCam_GRISM,3.8470871448516846,0.8955352597362863,0.0011584900424957273
NIRCam_GRISM,3.848068952560425,0.8857484317170584,0.0011458295216679572
NIRCam_GRISM,3.849050760269165,0.887619516100822,0.0011482500099778176
NIRCam_GRISM,3.8500328063964844,0.9064818896549636,0.0011726509162545203
NIRCam_GRISM,3.8510146141052246,0.8745086808974637,0.001131289458322525
NIRCam_GRISM,3.851996421813965,0.8747458798807685,0.0011315963057160377
NIRCam_GRISM,3.852978467941284,0.887450430044003,0.0011480312754154204
NIRCam_GRISM,3.8539602756500244,0.8732717024956186,0.0011296892676591873
NIRCam_GRISM,3.8549423217773438,0.869040335300931,0.0011242154499530792
NIRCam_GRISM,3.855924129486084,0.8721835779176655,0.0011282816385626794
NIRCam_GRISM,3.8569061756134033,0.8779213239684861,0.001135704151070118
NIRCam_GRISM,3.8578882217407227,0.862062506379354,0.0011151887307524681
NIRCam_GRISM,3.858870029449463,0.8654828382794406,0.0011196133699893952
NIRCam_GRISM,3.8598520755767822,0.8670821722639278,0.0011216823142051696
NIRCam_GRISM,3.8608341217041016,0.8547917165311543,0.0011057830289125442
NIRCam_GRISM,3.861816167831421,0.8484537342174711,0.0010975840335965157
NIRCam_GRISM,3.8627982139587402,0.8697017632798091,0.0011250710921168327
NIRCam_GRISM,3.8637802600860596,0.8295057462264301,0.001073072374033928
NIRCam_GRISM,3.864762306213379,0.7947344412645481,0.0010280912187695503
NIRCam_GRISM,3.8657443523406982,0.816291271740495,0.0010559777516365053
NIRCam_GRISM,3.8667263984680176,0.7909464549558227,0.0010231909712672233
NIRCam_GRISM,3.867708683013916,0.53975142255597,0.0006982378880739211
NIRCam_GRISM,3.8686907291412354,0.788746790272034,0.001020345422077179
NIRCam_GRISM,3.8696727752685547,0.8591866582166541,0.0011114684512615203
NIRCam_GRISM,3.870655059814453,0.8286960529097465,0.0010720249315857885
NIRCam_GRISM,3.8716371059417725,0.8212305197725299,0.001062367304253578
NIRCam_GRISM,3.872619390487671,0.8286437947260206,0.001071957328903675
NIRCam_GRISM,3.8736014366149902,0.8517574056369227,0.0011018577574968338
NIRCam_GRISM,3.8745837211608887,0.8510519546026993,0.001100945165848732
NIRCam_GRISM,3.875566005706787,0.8569670073249226,0.0011085970473408697
NIRCam_GRISM,3.8765482902526855,0.8525094328001306,0.0011028306013584135
NIRCam_GRISM,3.877530336380005,0.6667385775635345,0.0008625121062040328
NIRCam_GRISM,3.8785126209259033,0.6444224109697606,0.0008336432744026184
NIRCam_GRISM,3.8794949054718018,0.8259296960570535,0.0010684462931871415
NIRCam_GRISM,3.8804771900177,0.8266642736369885,0.0010693965637683868
NIRCam_GRISM,3.8814594745635986,0.834013856114999,0.001078904194009304
NIRCam_GRISM,3.882441997528076,0.8383010402119154,0.0010844502180576325
NIRCam_GRISM,3.8834242820739746,0.840433159490931,0.0010872083885788916
NIRCam_GRISM,3.884406566619873,0.8384264173564603,0.0010846124095201491
NIRCam_GRISM,3.8853888511657715,0.8289103781490823,0.0010723021888494491
NIRCam_GRISM,3.886371374130249,0.8275421760582523,0.0010705322434663772
NIRCam_GRISM,3.8873536586761475,0.6335097123086383,0.0008195262950897216
NIRCam_GRISM,3.888336181640625,0.299830966605687,0.0003878699196577072
NIRCam_GRISM,3.8893184661865234,0.6208040094273982,0.0008030898342013359
NIRCam_GRISM,3.890300989151001,0.8171483877598119,0.0010570865414500238
NIRCam_GRISM,3.8912832736968994,0.8222933671217416,0.0010637422340035439
NIRCam_GRISM,3.892265796661377,0.8212034449616586,0.0010623322795033454
NIRCam_GRISM,3.8932483196258545,0.8194372331461768,0.0010600474573493003
NIRCam_GRISM,3.894230842590332,0.8104391480680329,0.0010484072769641876
NIRCam_GRISM,3.8952133655548096,0.8146687703172942,0.0010538788373589516
NIRCam_GRISM,3.896195888519287,0.806628118558696,0.0010434772201180459
NIRCam_GRISM,3.8971784114837646,0.803814393768763,0.0010398373052000998
NIRCam_GRISM,3.898160934448242,0.8083563890512884,0.0010457129602909087
NIRCam_GRISM,3.8991434574127197,0.8198085622546822,0.001060527819311619
NIRCam_GRISM,3.9001259803771973,0.8208068056619662,0.0010618191755533218
NIRCam_GRISM,3.901108503341675,0.8258988994571077,0.0010684064538240433
NIRCam_GRISM,3.9020910263061523,0.8149104389049973,0.0010541914667606352
NIRCam_GRISM,3.903073787689209,0.826775656836552,0.0010695406522631644
NIRCam_GRISM,3.9040563106536865,0.8212591212413214,0.0010624043039321898
NIRCam_GRISM,3.905039072036743,0.8152889716947147,0.0010546811476111412
NIRCam_GRISM,3.9060215950012207,0.8268905701785647,0.001069689307451248
NIRCam_GRISM,3.9070043563842773,0.8231389661529149,0.00106483612511158
NIRCam_GRISM,3.907986879348755,0.8013834575363376,0.0010366925765156747
NIRCam_GRISM,3.9089696407318115,0.7976566604924085,0.0010318714851975442
NIRCam_GRISM,3.909952402114868,0.7988905062363231,0.0010334676233649254
NIRCam_GRISM,3.910935163497925,0.8210123574078134,0.0010620850831747053
NIRCam_GRISM,3.9119179248809814,0.8201985657819102,0.0010610323390364646
NIRCam_GRISM,3.912900686264038,0.8346311925334103,0.0010797027980685233
NIRCam_GRISM,3.9138834476470947,0.8260152793376685,0.0010685570061683654
NIRCam_GRISM,3.9148662090301514,0.8311313328958244,0.0010751752794742582
NIRCam_GRISM,3.915848970413208,0.8284742773836626,0.0010717380364179611
NIRCam_GRISM,3.9168317317962646,0.8126067720292025,0.0010512113773584364
NIRCam_GRISM,3.9178144931793213,0.8241318842868391,0.0010661205924272538
NIRCam_GRISM,3.918797254562378,0.8202153859824423,0.0010610540981292724
NIRCam_GRISM,3.9197802543640137,0.8204354382370369,0.0010613387640237807
NIRCam_GRISM,3.9207630157470703,0.824661589237612,0.0010668058339118958
NIRCam_GRISM,3.921746015548706,0.8214198492217731,0.0010626122262477875
NIRCam_GRISM,3.9227287769317627,0.8195256515196322,0.001060161837887764
NIRCam_GRISM,3.9237117767333984,0.8117743743606867,0.0010501345639109612
NIRCam_GRISM,3.924694538116455,0.8157827897666807,0.001055319964802265
NIRCam_GRISM,3.925677537918091,0.8256407863504429,0.0010680725513219833
NIRCam_GRISM,3.9266605377197266,0.8225713137512053,0.001064101793718338
NIRCam_GRISM,3.9276435375213623,0.8150398223735426,0.001054358840918541
NIRCam_GRISM,3.928626298904419,0.8209779366805203,0.001062040555536747
NIRCam_GRISM,3.9296092987060547,0.8126354083956127,0.0010512484221816064
NIRCam_GRISM,3.9305922985076904,0.8160196895077457,0.0010556264250874518
NIRCam_GRISM,3.931575298309326,0.8178533006869505,0.0010579984369874
NIRCam_GRISM,3.932558298110962,0.8074444281025972,0.0010445332215070725
NIRCam_GRISM,3.9335415363311768,0.8109847826527578,0.0010491131254792212
NIRCam_GRISM,3.9345245361328125,0.8070383926997805,0.001044007962489128
NIRCam_GRISM,3.9355075359344482,0.8036016308590351,0.0010395620690107346
NIRCam_GRISM,3.936490535736084,0.8181866458987623,0.0010584296618938445
NIRCam_GRISM,3.937473773956299,0.8111656826822585,0.0010493471429347991
NIRCam_GRISM,3.9384567737579346,0.807819045972982,0.0010450178379058836
NIRCam_GRISM,3.9394400119781494,0.8154035536706168,0.0010548293741345404
NIRCam_GRISM,3.940423011779785,0.8028432644563606,0.0010385810245275497
NIRCam_GRISM,3.94140625,0.7972226755805587,0.0010313100698947906
NIRCam_GRISM,3.942389488220215,0.8053102821169774,0.0010417724291801453
NIRCam_GRISM,3.9433724880218506,0.8045459256445378,0.0010407836357712746
NIRCam_GRISM,3.9443557262420654,0.8077411271382523,0.0010449170398712157
NIRCam_GRISM,3.9453389644622803,0.8082131838681522,0.0010455277059674263
NIRCam_GRISM,3.946322202682495,0.7924529371501899,0.0010251397997498512
NIRCam_GRISM,3.94730544090271,0.788667790836743,0.0010202432261466978
NIRCam_GRISM,3.948288679122925,0.7727116140527149,0.0009996018591880798
NIRCam_GRISM,3.9492719173431396,0.7592382290398584,0.0009821723027229308
NIRCam_GRISM,3.9502551555633545,0.7740772476530277,0.0010013684818983076
NIRCam_GRISM,3.9512383937835693,0.778843890645292,0.0010075347476959228
NIRCam_GRISM,3.9522218704223633,0.7425450135229696,0.0009605774813652038
NIRCam_GRISM,3.953205108642578,0.7621906319983993,0.0009859916156888008
NIRCam_GRISM,3.954188346862793,0.7535201043523783,0.0009747751729726791
NIRCam_GRISM,3.955171823501587,0.7512862102653928,0.0009718853436470031
NIRCam_GRISM,3.9561550617218018,0.7486830946022285,0.0009685178787231445
NIRCam_GRISM,3.9571385383605957,0.7226542281187296,0.000934846192085743
NIRCam_GRISM,3.9581217765808105,0.7293969595902922,0.0009435687824964523
NIRCam_GRISM,3.9591052532196045,0.7261451197779482,0.0009393621094465256
NIRCam_GRISM,3.9600887298583984,0.7265984848015803,0.0009399485954165458
NIRCam_GRISM,3.9610719680786133,0.708472712695724,0.0009165005778551101
NIRCam_GRISM,3.9620554447174072,0.7156344049771014,0.000925765147960186
NIRCam_GRISM,3.963038921356201,0.6893590677742869,0.0008917746197462083
NIRCam_GRISM,3.964022397994995,0.6895186225239,0.0008919810243368148
NIRCam_GRISM,3.965005874633789,0.6843197941370887,0.0008852556711435317
NIRCam_GRISM,3.965989351272583,0.6794718865896252,0.0008789842791914939
NIRCam_GRISM,3.966972827911377,0.6629117344661151,0.0008575615924477577
NIRCam_GRISM,3.967956304550171,0.6631165229152551,0.000857826512646675
NIRCam_GRISM,3.968940019607544,0.667497869559419,0.0008634943480610848
NIRCam_GRISM,3.969923496246338,0.6402339348187632,0.000828224941778183
NIRCam_GRISM,3.970906972885132,0.6338365670794723,0.000819949123775959
NIRCam_GRISM,3.971890687942505,0.6232656267944515,0.0008062742528796195
NIRCam_GRISM,3.972874164581299,0.6067811779261898,0.0007849494980335236
NIRCam_GRISM,3.973857879638672,0.6075764692989335,0.0007859783097147941
NIRCam_GRISM,3.974841356277466,0.566787785250322,0.0007332129006445407
NIRCam_GRISM,3.975825071334839,0.577604546778372,0.0007472057729363442
NIRCam_GRISM,3.976808786392212,0.563193453308809,0.0007285631699740886
NIRCam_GRISM,3.977792263031006,0.5434309367135094,0.0007029978128969669
NIRCam_GRISM,3.978775978088379,0.5329180079780783,0.0006893979874014855
NIRCam_GRISM,3.979759693145752,0.5262796641849683,0.0006808104358792305
NIRCam_GRISM,3.980743408203125,0.5194228920053704,0.0006719403191447258
NIRCam_GRISM,3.981727123260498,0.5075851537228627,0.0006566266821026801
NIRCam_GRISM,3.982710838317871,0.5030486212399863,0.0006507580938458443
NIRCam_GRISM,3.983694553375244,0.47690657142681636,0.0006169399900138378
NIRCam_GRISM,3.984678268432617,0.47116607359234974,0.0006095139177203178
NIRCam_GRISM,3.9856622219085693,0.46263343017799147,0.0005984758459925651
NIRCam_GRISM,3.9866459369659424,0.45208836302596156,0.0005848344453215598
NIRCam_GRISM,3.9876296520233154,0.44196951138901774,0.0005717444092392921
NIRCam_GRISM,3.9886136054992676,0.43836667713624894,0.0005670836797356606
NIRCam_GRISM,3.9895973205566406,0.42786885436066746,0.000553503395742178
NIRCam_GRISM,3.9905812740325928,0.41456812944325144,0.0005362971973180771
NIRCam_GRISM,3.991564989089966,0.4073130151085461,0.0005269117737710476
NIRCam_GRISM,3.992548942565918,0.39348859569394395,0.0005090281091570854
NIRCam_GRISM,3.99353289604187,0.3808237385721299,0.0004926444875121116
NIRCam_GRISM,3.994516611099243,0.37073146589024836,0.00047958883472681044
NIRCam_GRISM,3.9955005645751953,0.3646813072641302,0.0004717621763706207
NIRCam_GRISM,3.9964845180511475,0.3509265303689465,0.00045396860331296915
NIRCam_GRISM,3.9974684715270996,0.3389369757385697,0.0004384585722982883
NIRCam_GRISM,3.9984524250030518,0.3228280409192743,0.00041761959317326543
NIRCam_GRISM,3.999436378479004,0.3220027494637606,0.00041655197252631185
NIRCam_GRISM,4.000420093536377,0.3137473474695995,0.00040587254823446276
NIRCam_GRISM,4.001404285430908,0.304813458818218,0.00039431541418433186
NIRCam_GRISM,4.0023884773254395,0.29772293355323637,0.0003851429077684879
NIRCam_GRISM,4.0033721923828125,0.29234205922427703,0.00037818205473423
NIRCam_GRISM,4.004356384277344,0.28144754744731193,0.0003640886024951935
NIRCam_GRISM,4.005340576171875,0.27275152889720555,0.00035283918401598927
NIRCam_GRISM,4.006324291229248,0.25913731925418604,0.0003352274527788162
NIRCam_GRISM,4.007308483123779,0.2574755216290258,0.0003330777038097381
NIRCam_GRISM,4.0082926750183105,0.24826549931493516,0.0003211633553504944
NIRCam_GRISM,4.009276866912842,0.23942988009928773,0.00030973334545493123
NIRCam_GRISM,4.010261058807373,0.23272349678725124,0.00030105777606368063
NIRCam_GRISM,4.011244773864746,0.22669415142973073,0.00029325804234743113
NIRCam_GRISM,4.012228965759277,0.21615191485513766,0.0002796203033924102
NIRCam_GRISM,4.013213157653809,0.21133705348163911,0.0002733916609168052
NIRCam_GRISM,4.01419734954834,0.20165956905421786,0.00026087259008884426
NIRCam_GRISM,4.015181541442871,0.19704310244752787,0.0002549005967617035
NIRCam_GRISM,4.016165733337402,0.12125603327943507,0.00015686027503609658
NIRCam_GRISM,4.017149925231934,0.18422946581246238,0.00023832450968027112
NIRCam_GRISM,4.018134117126465,0.1775904850249313,0.00022973613412380218
NIRCam_GRISM,4.019118309020996,0.17406126171844463,0.0002251706298470497
NIRCam_GRISM,4.0201029777526855,0.16828346326459126,0.00021769630440473555
NIRCam_GRISM,4.021087169647217,0.16326824026290285,0.00021120846839249133
NIRCam_GRISM,4.022071361541748,0.15720491515561935,0.00020336477749943732
NIRCam_GRISM,4.023055553436279,0.1535104548351345,0.00019858551789224147
NIRCam_GRISM,4.0240397453308105,0.14570196132140692,0.00018848422720134259
NIRCam_GRISM,4.0250244140625,0.1411845485566695,0.00018264037275910378
NIRCam_GRISM,4.026008605957031,0.13684099348526343,0.00017702142560482024
NIRCam_GRISM,4.0269927978515625,0.13179921341209327,0.0001704992346048355
NIRCam_GRISM,4.027977466583252,0.12493194019401074,0.000161615533426404
NIRCam_GRISM,4.028961658477783,0.12306751548209714,0.00015920366025865077
NIRCam_GRISM,4.0299458503723145,0.11736364569766736,0.00015182497105896474
NIRCam_GRISM,4.030930519104004,0.11258269827805233,0.0001456402006447315
NIRCam_GRISM,4.031914710998535,0.10864815846936428,0.00014055036734044552
NIRCam_GRISM,4.032899379730225,0.10431222522165984,0.00013494127999544143
NIRCam_GRISM,4.033883571624756,0.10140210993601766,0.00013117667157351971
NIRCam_GRISM,4.034868240356445,0.09937586866050305,0.00012855546786785126
NIRCam_GRISM,4.035852909088135,0.09426735481021091,0.00012194694814383984
NIRCam_GRISM,4.036837100982666,0.09001764198268054,0.00011644939800202847
NIRCam_GRISM,4.0378217697143555,0.08770843789983788,0.00011346214551031589
NIRCam_GRISM,4.038805961608887,0.08381100719292281,0.0001084203176021576
NIRCam_GRISM,4.039790630340576,0.08162865213102524,0.00010559716063439847
NIRCam_GRISM,4.040775299072266,0.0771249635965429,9.97710602492094e-05
NIRCam_GRISM,4.041759967803955,0.07394827293493307,9.566160229146481e-05
NIRCam_GRISM,4.042744159698486,0.07057560289260055,9.129861979782581e-05
NIRCam_GRISM,4.043728828430176,0.06822593500508786,8.825902217030526e-05
NIRCam_GRISM,4.044713497161865,0.06646214151070419,8.597732842564583e-05
NIRCam_GRISM,4.045698165893555,0.06276128284734639,8.118979173898696e-05
NIRCam_GRISM,4.046682834625244,0.06043437557681901,7.817963789701461e-05
NIRCam_GRISM,4.047667503356934,0.05843181635087778,7.5589069968462e-05
NIRCam_GRISM,4.048652172088623,0.05546034940717803,7.174509528577326e-05
NIRCam_GRISM,4.0496368408203125,0.05242512435338323,6.781864128708838e-05
NIRCam_GRISM,4.050621509552002,0.04977515884715041,6.439057006537915e-05
NIRCam_GRISM,4.051606178283691,0.04851242363233377,6.275705965161323e-05
NIRCam_GRISM,4.052590847015381,0.0472402496438301,6.111133897006512e-05
NIRCam_GRISM,4.05357551574707,0.045726096746518376,5.91525874465704e-05
NIRCam_GRISM,4.05456018447876,0.043793640449887344,5.665270667374134e-05
NIRCam_GRISM,4.055544853210449,0.04252943381021102,5.50172927826643e-05
NIRCam_GRISM,4.056529998779297,0.04049882520418721,5.239043937325477e-05
NIRCam_GRISM,4.057514667510986,0.03858814034477462,4.9918722754716866e-05
NIRCam_GRISM,4.058499336242676,0.03682608265212501,4.7639274492859834e-05
NIRCam_GRISM,4.059484004974365,0.036444063680636865,4.714508381783962e-05
NIRCam_GRISM,4.060469150543213,0.03490365919501599,4.515237248837947e-05
NIRCam_GRISM,4.061453819274902,0.03326810748165769,4.30365759819746e-05
NIRCam_GRISM,4.062438488006592,0.03150738942859161,4.0758860716223716e-05
NIRCam_GRISM,4.0634236335754395,0.030391116938001075,3.9314818674325946e-05
NIRCam_GRISM,4.064408302307129,0.029320375986176973,3.792967753410339e-05
NIRCam_GRISM,4.065393447875977,0.028310741296357123,3.662358520328998e-05
NIRCam_GRISM,4.066378116607666,0.027156336174907324,3.513021369874477e-05
NIRCam_GRISM,4.067363262176514,0.026338342353251096,3.407203347980976e-05
NIRCam_GRISM,4.068347930908203,0.02496434616116749,3.229459268152713e-05
NIRCam_GRISM,4.069333076477051,0.024262366875550303,3.1386492186784744e-05
NIRCam_GRISM,4.07031774520874,0.023533974463064086,3.0444222915172576e-05
NIRCam_GRISM,4.071302890777588,0.02251913781877908,2.913140118718147e-05
NIRCam_GRISM,4.0722880363464355,0.0210462306327576,2.7226006296277044e-05
NIRCam_GRISM,4.073272705078125,0.02017148323679786,2.6094408029317857e-05
NIRCam_GRISM,4.074257850646973,0.020077502982839744,2.5972832483053204e-05
NIRCam_GRISM,4.07524299621582,0.018986230829998164,2.4561131593585012e-05
NIRCam_GRISM,4.076228141784668,0.018312986443345655,2.369020338654518e-05
NIRCam_GRISM,4.077213287353516,0.010598585568743789,1.3710633626580238e-05
NIRCam_GRISM,4.078197956085205,0.01660950191972128,2.1486527052521707e-05
NIRCam_GRISM,4.079183101654053,0.01573472248052319,2.0354887333512306e-05
NIRCam_GRISM,4.0801682472229,0.015258149814960036,1.973837929368019e-05
NIRCam_GRISM,4.081153392791748,0.014402124620367822,1.863100060224533e-05
NIRCam_GRISM,4.082138538360596,0.013978830603593178,1.8083415347337723e-05
NIRCam_GRISM,4.083123683929443,0.01355966785848381,1.754117442369461e-05
NIRCam_GRISM,4.084108829498291,0.012972972355356431,1.6782208329439162e-05
NIRCam_GRISM,4.085093975067139,0.012100974477277673,1.565416691750288e-05
NIRCam_GRISM,4.086079120635986,0.011535611860867906,1.4922797656059263e-05
NIRCam_GRISM,4.087064266204834,0.011286040865515478,1.459994547367096e-05
NIRCam_GRISM,4.088049411773682,0.007156753945843815,9.25818173289299e-06
NIRCam_GRISM,4.089034557342529,0.010419526791775123,1.3478998067975043e-05
NIRCam_GRISM,4.090020179748535,0.009880856717015043,1.2782159042358399e-05
NIRCam_GRISM,4.091005325317383,0.00943794278827957,1.220919290781021e-05
NIRCam_GRISM,4.0919904708862305,0.009367883787394754,1.2118562579154968e-05
NIRCam_GRISM,4.092975616455078,0.00861765752836328,1.11480484187603e-05
NIRCam_GRISM,4.093961238861084,0.008569397895692782,1.1085618376731873e-05
NIRCam_GRISM,4.094946384429932,0.007866565827747026,1.0176414698362349e-05
NIRCam_GRISM,4.095931529998779,0.007609113566509519,9.8433670848608e-06
NIRCam_GRISM,4.096917152404785,0.0075542975357174745,9.772455498576165e-06
NIRCam_GRISM,4.097902297973633,0.0071633473702739855,9.26671117544174e-06
NIRCam_GRISM,4.098887920379639,0.006661808361499584,8.61790595948696e-06
NIRCam_GRISM,4.099873065948486,0.006567593290433508,8.49602664709091e-06
NIRCam_GRISM,4.100858688354492,0.006572480198746533,8.502348491549492e-06
NIRCam_GRISM,4.10184383392334,0.006321501155447696,8.17767481803894e-06
NIRCam_GRISM,4.102829456329346,0.005836203117696179,7.549879387021064e-06
NIRCam_GRISM,4.103814601898193,0.005552531585537371,7.182913774251937e-06
NIRCam_GRISM,4.104800224304199,0.0054531022232787475,7.054289105534553e-06
NIRCam_GRISM,4.105785846710205,0.005104899189165525,6.603843694925309e-06
NIRCam_GRISM,4.106770992279053,0.0051065077049004814,6.605924516916275e-06
NIRCam_GRISM,4.107756614685059,0.004926618835505794,6.373215126991272e-06
NIRCam_GRISM,4.1087422370910645,0.0030786340465181828,3.982609114050865e-06
NIRCam_GRISM,4.109727382659912,0.004351433595796179,5.629139038920402e-06
NIRCam_GRISM,4.110713005065918,0.004209866052747351,5.446003213524819e-06
NIRCam_GRISM,4.111698627471924,0.004186509096098878,5.415787985920906e-06
NIRCam_GRISM,4.11268424987793,0.003748255160524574,4.848850151896477e-06
NIRCam_GRISM,4.1136698722839355,0.0025522012957700907,3.3016006410121917e-06
NIRCam_GRISM,4.114655494689941,0.0036648015054601907,4.740892115235329e-06
NIRCam_GRISM,4.115641117095947,0.0023163013295437475,2.9964336931705475e-06
NIRCam_GRISM,4.116626739501953,0.0033056994161710105,4.2763473749160764e-06
NIRCam_GRISM,4.117612361907959,0.0030452477336589657,3.939419624209404e-06
NIRCam_GRISM,4.118597984313965,0.0031406996059940577,4.062898898124695e-06
NIRCam_GRISM,4.119583606719971,0.0031798674737357987,4.113567572832108e-06
NIRCam_GRISM,4.120569229125977,0.003026680926677283,3.915401071310043e-06
NIRCam_GRISM,4.121554851531982,0.0029560782873386147,3.824067476391792e-06
NIRCam_GRISM,4.122540473937988,0.0027488711461922835,3.5560183882713315e-06
NIRCam_GRISM,4.123526096343994,0.0027159664011153616,3.5134518682956693e-06
NIRCam_GRISM,4.12451171875,0.0025261495785711802,3.2678993940353393e-06
NIRCam_GRISM,4.125497817993164,0.002451428713858036,3.1712383449077605e-06
NIRCam_GRISM,4.12648344039917,0.0019126789583527825,2.4742962419986726e-06
NIRCam_GRISM,4.127469062805176,0.0021338225537182558,2.7603739261627196e-06
NIRCam_GRISM,4.12845516204834,0.002319009313775836,2.9999368190765376e-06
NIRCam_GRISM,4.129440784454346,0.002206685910446807,2.8546320497989654e-06
NIRCam_GRISM,4.130426406860352,0.0021563730754297103,2.789545926451683e-06
NIRCam_GRISM,4.131412506103516,0.0018869054222617884,2.4409548580646514e-06
NIRCam_GRISM,4.1323981285095215,0.001959625640699681,2.5350278139114382e-06
NIRCam_GRISM,4.1333842277526855,0.0018481821766259236,2.3908613592386244e-06
NIRCam_GRISM,4.134369850158691,0.0016196652982680914,2.095245385169983e-06
NIRCam_GRISM,4.1353559494018555,0.0015260492438543955,1.9741409778594972e-06
NIRCam_GRISM,4.136341571807861,0.0015417098403907416,1.9943999737501143e-06
NIRCam_GRISM,4.137327671051025,0.0014446725292578183,1.8688697308301923e-06
NIRCam_GRISM,4.138313293457031,0.0015738363718024624,2.0359597742557523e-06
NIRCam_GRISM,4.139299392700195,0.0014709865913995453,1.9029103547334671e-06
NIRCam_GRISM,4.140285491943359,0.0013534268520330674,1.7508317112922668e-06
NIRCam_GRISM,4.141271114349365,0.0013099756725399386,1.6946220219135284e-06
NIRCam_GRISM,4.142257213592529,0.0010872403893807316,1.4064852848649024e-06
NIRCam_GRISM,4.143243312835693,0.0011244325181354042,1.4545980870723724e-06
NIRCam_GRISM,4.144229412078857,0.0012450989357357689,1.610695618391037e-06
NIRCam_GRISM,4.145215034484863,0.0011637325581878976,1.5054377436637878e-06
NIRCam_GRISM,4.146201133728027,0.0012246685249747806,1.5842662543058395e-06
NIRCam_GRISM,4.147187232971191,0.0010219532910946726,1.322028025984764e-06
NIRCam_GRISM,4.1481733322143555,0.001145205083595909,1.4814700722694397e-06
NIRCam_GRISM,4.1491594314575195,0.0009105811220167477,1.177953800559044e-06
NIRCam_GRISM,4.150145530700684,0.0010435696564560823,1.3499915748834608e-06
NIRCam_GRISM,4.151131629943848,0.001311392299752977,1.6964546114206315e-06
NIRCam_GRISM,4.152117729187012,0.0015339127384014467,1.9843134194612504e-06
NIRCam_GRISM,4.153103828430176,0.0014678970716989234,1.898913663625717e-06
NIRCam_GRISM,4.15408992767334,0.0009091162122392394,1.1760587513446806e-06
NIRCam_GRISM,4.155076026916504,0.0007442442363604,9.627756446599959e-07
NIRCam_GRISM,4.156062126159668,0.0007404711168241511,9.57894629240036e-07
NIRCam_GRISM,4.157048225402832,0.0009298108386102045,1.2028299123048783e-06
NIRCam_GRISM,4.158034324645996,0.0008234949377290904,1.065296620130539e-06
NIRCam_GRISM,4.159020900726318,0.0006982793962496979,9.033142119646071e-07
NIRCam_GRISM,4.160006999969482,0.000623276931623137,8.062888771295548e-07
NIRCam_GRISM,4.1609930992126465,0.0008669398601630962,1.1214982151985167e-06
NIRCam_GRISM,4.161979675292969,0.0007096716463719398,9.18051552772522e-07
NIRCam_GRISM,4.162965774536133,0.00102892317116445,1.3310444623231886e-06
NIRCam_GRISM,4.163951873779297,0.0009194317160197732,1.1894031822681426e-06
NIRCam_GRISM,4.164938449859619,0.0008751296732445641,1.1320927917957306e-06
NIRCam_GRISM,4.165924549102783,0.0005195775377373197,6.72140373289585e-07
NIRCam_GRISM,4.166910648345947,0.000743621368701724,9.619698852300643e-07
NIRCam_GRISM,4.1678972244262695,0.000581163779069424,7.518100976943969e-07
NIRCam_GRISM,4.168883323669434,0.000664929287250612,8.601715564727783e-07
NIRCam_GRISM,4.169869899749756,0.000615472443723846,7.961927682161331e-07
NIRCam_GRISM,4.170856475830078,0.0005555701737443187,7.187014773488044e-07
NIRCam_GRISM,4.171842575073242,0.0004957862557155737,6.413632899522781e-07
NIRCam_GRISM,4.1728291511535645,0.0005727697165489814,7.409512981772422e-07
NIRCam_GRISM,4.1738152503967285,0.0005324408660007672,6.887807428836823e-07
NIRCam_GRISM,4.174801826477051,0.00040699589364471823,5.265015363693238e-07
NIRCam_GRISM,4.175788402557373,0.0004162582279403422,5.384835571050644e-07
NIRCam_GRISM,4.176774978637695,0.000525061213064198,6.792342126369476e-07
NIRCam_GRISM,4.177761077880859,0.0004311560115626793,5.577557563781737e-07
NIRCam_GRISM,4.178747653961182,0.00032865746504558325,4.2516070306301114e-07
NIRCam_GRISM,4.179734230041504,0.0005515675346359872,7.135235488414764e-07
NIRCam_GRISM,4.180720806121826,0.0004762036925921916,6.160307258367539e-07
NIRCam_GRISM,4.181707382202148,0.0004012034453512735,5.190082594752311e-07
NIRCam_GRISM,4.182693958282471,0.0006652080327839648,8.605321496725083e-07
NIRCam_GRISM,4.183680057525635,0.0003843466458612252,4.972018212080002e-07
NIRCam_GRISM,4.184666633605957,0.00042145913418682854,5.45211598277092e-07
NIRCam_GRISM,4.185653209686279,0.0005818909767383995,7.527508214116097e-07
NIRCam_GRISM,4.186639785766602,0.0005611963664938755,7.259796813130378e-07
NIRCam_GRISM,4.187626838684082,0.0005274254299526662,6.822926312685013e-07
NIRCam_GRISM,4.188613414764404,0.0005152882995188499,6.665916919708252e-07
NIRCam_GRISM,4.189599990844727,0.0005212267162933558,6.742737978696823e-07
NIRCam_GRISM,4.190586566925049,0.00020661321238609894,2.672807648777962e-07
NIRCam_GRISM,4.191573143005371,0.00022244664405427682,2.8776334524154663e-07
NIRCam_GRISM,4.192559719085693,0.00036127417575911437,4.6735461354255675e-07
NIRCam_GRISM,4.193546295166016,0.00023089770548057046,2.986958801746368e-07
NIRCam_GRISM,4.194533348083496,0.00027305928573672234,3.5323730707168575e-07
NIRCam_GRISM,4.195519924163818,0.0005215484387920765,6.746899873018265e-07
NIRCam_GRISM,4.196506500244141,0.00034911072697352307,4.51619628071785e-07
NIRCam_GRISM,4.197493553161621,0.00017922513733442002,2.3185076713562012e-07
NIRCam_GRISM,4.198480129241943,0.00022427027038624816,2.901224404573441e-07
NIRCam_GRISM,4.199466705322266,0.0002234182943797363,2.89020299911499e-07
NIRCam_GRISM,4.200453758239746,0.00031194397317382475,4.035396516323089e-07
NIRCam_GRISM,4.201440334320068,0.0003601080163650675,4.6584603637456895e-07
NIRCam_GRISM,4.202427387237549,0.00020930994842556318,2.7076933979988097e-07
NIRCam_GRISM,4.203413963317871,0.0002769893800500415,3.583213895559311e-07
NIRCam_GRISM,4.204401016235352,0.0008007730080758363,1.0359028816223146e-06
NIRCam_GRISM,4.205387592315674,0.0008179520703003798,1.0581262081861495e-06
NIRCam_GRISM,4.206374645233154,0.0003574936219335464,4.624639809131622e-07
NIRCam_GRISM,4.207361698150635,0.0002550049931776891,3.2988175749778745e-07
NIRCam_GRISM,4.208348274230957,0.0002482705430206344,3.2116988003253935e-07
NIRCam_GRISM,4.2093353271484375,0.0001978091673551312,2.558916002511978e-07
NIRCam_GRISM,4.210322380065918,0.0002645633121721361,3.422466725111008e-07
NIRCam_GRISM,4.211309432983398,6.092582325546975e-05,7.881538867950439e-08
NIRCam_GRISM,4.212296009063721,0.0003914652923495842,5.064107060432434e-07
NIRCam_GRISM,4.213283061981201,0.00026538014866362477,3.4330335557460783e-07
NIRCam_GRISM,4.214270114898682,6.620373325791546e-05,8.564304411411286e-08
NIRCam_GRISM,4.215257167816162,0.00012268598019095508,1.5871009528636932e-07
NIRCam_GRISM,4.216244220733643,0.0002761048528222932,3.571771398186683e-07
NIRCam_GRISM,4.217231273651123,0.00023512242987166538,3.0416110455989833e-07
NIRCam_GRISM,4.2182183265686035,0.0003406323473561099,4.4065175354480743e-07
NIRCam_GRISM,4.219205379486084,0.000336890408293609,4.3581107407808306e-07
NIRCam_GRISM,4.2201924324035645,0.00024102570713114814,3.1179775297641757e-07
NIRCam_GRISM,4.221179485321045,0.0003137197523552345,4.058368504047394e-07
NIRCam_GRISM,4.222166538238525,0.0001918938275177516,2.4823934733867645e-07
NIRCam_GRISM,4.223153591156006,0.00014782990777091886,1.9123699963092803e-07
NIRCam_GRISM,4.224140644073486,0.00020050162988772023,2.593746468424797e-07
NIRCam_GRISM,4.225127696990967,0.00015263758687911915,1.9745635092258452e-07
NIRCam_GRISM,4.226114749908447,0.00022534230780717313,2.9150925874710085e-07
NIRCam_GRISM,4.227102279663086,3.602582422265628e-05,4.660403728485107e-08
NIRCam_GRISM,4.228089332580566,0.00014392364833745478,1.8618375062942504e-07
NIRCam_GRISM,4.229076385498047,0.0001572443466584192,2.034157872200012e-07
NIRCam_GRISM,4.230063438415527,0.00028873690373158506,3.735183224081993e-07
NIRCam_GRISM,4.231050968170166,0.00027676670615218015,3.5803333222866057e-07
NIRCam_GRISM,4.2320380210876465,0.00011839481486278102,1.5315892100334168e-07
NIRCam_GRISM,4.233025074005127,0.0002041705645516393,2.641208857297897e-07
NIRCam_GRISM,4.234012603759766,0.00021813414344460869,2.8218457102775575e-07
NIRCam_GRISM,4.234999656677246,0.0001043450562689012,1.3498375117778778e-07
NIRCam_GRISM,4.235987186431885,3.6510907569098248e-06,4.723155498504638e-09
NIRCam_GRISM,4.237961769104004,0.00018143288742871093,2.347067758440971e-07
NIRCam_GRISM,4.238948822021484,0.00010899395443863517,1.4099769890308378e-07
NIRCam_GRISM,4.239936351776123,0.00022226265748846713,2.875253349542618e-07
NIRCam_GRISM,4.240923881530762,0.00014028181415770116,1.814725697040558e-07
NIRCam_GRISM,4.241910934448242,0.00021992196101425367,2.844973430037498e-07
NIRCam_GRISM,4.242898464202881,0.00010964946201397339,1.4184568226337433e-07
NIRCam_GRISM,4.2438859939575195,0.0002440169684265214,3.156673341989517e-07
NIRCam_GRISM,4.244873046875,0.00018282891311332248,2.3651271462440489e-07
NIRCam_GRISM,4.245860576629639,0.00021069175865239917,2.725568890571594e-07
NIRCam_GRISM,4.246848106384277,0.0004516651757984796,5.842869982123375e-07
NIRCam_GRISM,4.247835636138916,0.00015767401955345243,2.0397162437438963e-07
NIRCam_GRISM,4.248823165893555,0.00022122632400800168,2.8618470430374147e-07
NIRCam_GRISM,4.249810218811035,0.00028334471370471907,3.6654283106327055e-07
NIRCam_GRISM,4.250797748565674,0.00010551374751419118,1.3649560362100599e-07
NIRCam_GRISM,4.2517852783203125,0.0002544815289015752,3.2920458912849424e-07
NIRCam_GRISM,4.252772808074951,0.00020384112555088164,2.636947140097618e-07
NIRCam_GRISM,4.25376033782959,0.0002673425914000566,3.4584202766418455e-07
NIRCam_GRISM,4.2547478675842285,9.225490215783044e-05,1.1934358179569243e-07
NIRCam_GRISM,4.255735397338867,0.0002493646252864592,3.225852161645889e-07
NIRCam_GRISM,4.256722927093506,0.00011145097899528074,1.4417617619037628e-07
NIRCam_GRISM,4.257710933685303,0.0003266279040615487,4.2253520488739014e-07
NIRCam_GRISM,4.258698463439941,0.00020045614526077079,2.593158066272736e-07
NIRCam_GRISM,4.25968599319458,0.00020282518395510954,2.623804628849029e-07
NIRCam_GRISM,4.260673522949219,7.026658043386461e-05,9.089885950088501e-08
NIRCam_GRISM,4.261661052703857,0.0002851393285692619,3.6886439621448515e-07
NIRCam_GRISM,4.262649059295654,0.00022544181601160196,2.916379854083061e-07
NIRCam_GRISM,4.263636589050293,0.00010125708470661928,1.309890627861023e-07
NIRCam_GRISM,4.2656121253967285,0.00021182429441688055,2.740219697356224e-07
NIRCam_GRISM,4.266599655151367,0.0001601389299397659,2.0716030299663542e-07
NIRCam_GRISM,4.267587184906006,0.0001360876654988155,1.760468989610672e-07
NIRCam_GRISM,4.268575191497803,0.00018877058742891817,2.441990345716476e-07
NIRCam_GRISM,4.269562721252441,0.00039226426074440206,5.074442744255066e-07
NIRCam_GRISM,4.270550727844238,0.00011477444497604978,1.4847550690174103e-07
NIRCam_GRISM,4.271538257598877,0.000342026300793048,4.424550116062164e-07
NIRCam_GRISM,4.272526264190674,4.753039500673234e-05,6.148667931556702e-08
NIRCam_GRISM,4.2735137939453125,0.00024941597993794666,3.2265165001153944e-07
NIRCam_GRISM,4.274501800537109,0.0003008159709144418,3.891441494226456e-07
NIRCam_GRISM,4.275489807128906,0.00011603730657378483,1.5010918080806732e-07
NIRCam_GRISM,4.276477336883545,0.00019063765839304758,2.466143310070038e-07
NIRCam_GRISM,4.277465343475342,0.00013489044657932815,1.7449814230203627e-07
NIRCam_GRISM,4.278453350067139,3.42032138564704e-05,4.424625635147094e-08
NIRCam_GRISM,4.279440879821777,0.00017850681727123632,2.3092152774333953e-07
NIRCam_GRISM,4.280428886413574,4.502437832221142e-06,5.824482440948486e-09
NIRCam_GRISM,4.281416893005371,0.00011989099380946294,1.5509442090988156e-07
NIRCam_GRISM,4.282404899597168,0.00019282461344161917,2.494434386491775e-07
NIRCam_GRISM,4.283392906188965,0.00032295699390860234,4.1778641045093534e-07
NIRCam_GRISM,4.284380912780762,5.310899862878432e-05,6.870332062244415e-08
NIRCam_GRISM,4.285368919372559,0.00011204630269266278,1.449463039636612e-07
NIRCam_GRISM,4.286356449127197,0.00014956931376456593,1.9348714500665666e-07
NIRCam_GRISM,4.287344455718994,0.0001866524922835815,2.414590060710907e-07
NIRCam_GRISM,4.288332462310791,4.237952104356843e-05,5.4823361337184904e-08
NIRCam_GRISM,4.289320945739746,0.00016894553101163824,2.185527741909027e-07
NIRCam_GRISM,4.290308952331543,0.00018183766109878052,2.3523040264844893e-07
NIRCam_GRISM,4.29129695892334,0.0003268896926421493,4.228738620877266e-07
NIRCam_GRISM,4.292284965515137,0.0002179073895571645,2.818912357091904e-07
NIRCam_GRISM,4.293272972106934,0.0001687029248326531,2.1823893189430238e-07
NIRCam_GRISM,4.295248985290527,0.00031784723430686645,4.1117627918720244e-07
NIRCam_GRISM,4.296237468719482,0.00011509027326057083,1.488840714097023e-07
NIRCam_GRISM,4.297225475311279,0.000377786909566383,4.887159585952759e-07
NIRCam_GRISM,4.298213481903076,0.00028444768970277667,3.679696723818779e-07
NIRCam_GRISM,4.299201965332031,0.00010132294509182105,1.3107426166534424e-07
NIRCam_GRISM,4.300189971923828,9.74054616553941e-05,1.2600649297237395e-07
NIRCam_GRISM,4.301177978515625,0.00023158988458283058,2.995913028717041e-07
NIRCam_GRISM,4.30216646194458,0.0001206182801738641,1.5603525936603546e-07
NIRCam_GRISM,4.303154468536377,0.0003070054602494781,3.971510499715805e-07
NIRCam_GRISM,4.304142951965332,0.00012161829690911054,1.573289096355438e-07
NIRCam_GRISM,4.305130958557129,0.00022900940405681377,2.962531194090843e-07
NIRCam_GRISM,4.306119441986084,0.000340473324521028,4.4044603705406185e-07
NIRCam_GRISM,4.307107448577881,0.00025064624999834265,3.2424316257238387e-07
NIRCam_GRISM,4.308095932006836,0.0002466587052388234,3.1908476054668425e-07
NIRCam_GRISM,4.309083938598633,5.138047798283833e-05,6.646725684404373e-08
NIRCam_GRISM,4.310072422027588,6.919291424239475e-06,8.950993418693542e-09
NIRCam_GRISM,4.31204891204834,0.00022056420459183764,2.8532816767692565e-07
NIRCam_GRISM,4.313037395477295,0.00032780710974639584,4.2406065911054607e-07
NIRCam_GRISM,4.31402587890625,0.00011607454252614303,1.5015735030174256e-07
NIRCam_GRISM,4.315014362335205,3.432385576188038e-05,4.4402322173118585e-08
NIRCam_GRISM,4.31600284576416,0.0001933869505038567,2.501708939671516e-07
NIRCam_GRISM,4.316990852355957,8.98897257461204e-05,1.1628392189741135e-07
NIRCam_GRISM,4.318967819213867,0.00022295736037874968,2.884240224957466e-07
NIRCam_GRISM,4.319956302642822,0.00015708669457082554,2.0321184396743772e-07
NIRCam_GRISM,4.321933269500732,8.124725959113924e-05,1.0510378032922745e-07
NIRCam_GRISM,4.3229217529296875,6.438407403043965e-05,8.328908085823059e-08
NIRCam_GRISM,4.323910236358643,1.1269729486451016e-05,1.4578844606876372e-08
NIRCam_GRISM,4.324898719787598,0.00020090370237891582,2.598947793245315e-07
NIRCam_GRISM,4.325887203216553,7.59962726820075e-05,9.831095337867736e-08
NIRCam_GRISM,4.326876163482666,7.805432102413687e-05,1.009733036160469e-07
NIRCam_GRISM,4.327864646911621,0.00028858897588793773,3.733269587159157e-07
NIRCam_GRISM,4.328853130340576,1.875729250323023e-05,2.4264970421791077e-08
NIRCam_GRISM,4.329841613769531,1.8111888143202726e-05,2.3430056869983672e-08
NIRCam_GRISM,4.330830097198486,0.0002975242417696367,3.8488587439060206e-07
NIRCam_GRISM,4.3318190574646,4.050490290503297e-05,5.2398301661014557e-08
NIRCam_GRISM,4.332807540893555,0.0002455082368719071,3.175964817404747e-07
NIRCam_GRISM,4.334784984588623,5.318874387972035e-05,6.880648136138916e-08
NIRCam_GRISM,4.335773468017578,9.049062112888129e-05,1.1706125736236572e-07
NIRCam_GRISM,4.336762428283691,4.600272112070195e-05,5.951043665409088e-08
NIRCam_GRISM,4.339728355407715,0.00017606259710877545,2.2775961458683014e-07
NIRCam_GRISM,4.340717315673828,5.369143729977651e-05,6.945677995681763e-08
NIRCam_GRISM,4.341705799102783,0.0002143651280876039,2.773088648915291e-07
NIRCam_GRISM,4.3426947593688965,5.0052344614999414e-05,6.47491455078125e-08
NIRCam_GRISM,4.343683242797852,0.00011132649093368304,1.44015134871006e-07
NIRCam_GRISM,4.344672203063965,0.00016419084338869085,2.124019742012024e-07
NIRCam_GRISM,4.345661163330078,0.00013528980982842928,1.7501477003097533e-07
NIRCam_GRISM,4.346650123596191,2.080016586434223e-05,2.6907689869403837e-08
NIRCam_GRISM,4.3476386070251465,0.00014663287430550349,1.8968848288059234e-07
NIRCam_GRISM,4.34862756729126,0.0001288406606030095,1.6667196601629255e-07
NIRCam_GRISM,4.349616527557373,2.003990092801709e-05,2.5924189388751983e-08
NIRCam_GRISM,4.350605487823486,0.00012090015423677831,1.5639989972114564e-07
NIRCam_GRISM,4.3515944480896,9.84272974653658e-05,1.273283690214157e-07
NIRCam_GRISM,4.352582931518555,3.233784423187059e-05,4.1833160817623136e-08
NIRCam_GRISM,4.353571891784668,9.12888235177498e-05,1.1809383481740951e-07
NIRCam_GRISM,4.356538772583008,0.00017619102002198656,2.279257461428642e-07
NIRCam_GRISM,4.357527732849121,0.00013118080071500705,1.6969923824071883e-07
NIRCam_GRISM,4.359506130218506,0.00014092618642550216,1.823061481118202e-07
NIRCam_GRISM,4.360495090484619,0.00015920597500957857,2.0595340579748152e-07
NIRCam_GRISM,4.362473011016846,6.828795481385051e-05,8.833925276994704e-08
NIRCam_GRISM,4.363461971282959,2.6489082406318965e-05,3.42670351266861e-08
NIRCam_GRISM,4.3644514083862305,0.00015075116418574342,1.950160205364227e-07
NIRCam_GRISM,4.365440368652344,0.0001291291706964111,1.670451909303665e-07
NIRCam_GRISM,4.366429328918457,9.658804461202804e-05,1.2494905889034268e-07
NIRCam_GRISM,4.36741828918457,0.00010859427672393379,1.4048066437244414e-07
NIRCam_GRISM,4.368407726287842,0.0001690361132309522,2.1866995394229888e-07
NIRCam_GRISM,4.369396686553955,5.009147542417966e-05,6.479976624250413e-08
NIRCam_GRISM,4.370386123657227,0.0001681289606064267,2.174964353442192e-07
NIRCam_GRISM,4.37137508392334,0.00030661672029341113,3.9664816483855246e-07
NIRCam_GRISM,4.372364521026611,3.579965088708951e-05,4.631145298480987e-08
NIRCam_GRISM,4.374342918395996,0.0002393830920366149,3.096728190779686e-07
NIRCam_GRISM,4.375331878662109,3.4672452974591914e-05,4.4853277504444116e-08
NIRCam_GRISM,4.376321315765381,0.0001325006249341008,1.7140660062432286e-07
NIRCam_GRISM,4.377310276031494,0.0001106031797369979,1.4307943880558012e-07
NIRCam_GRISM,4.378299713134766,5.203596540012523e-05,6.731521412730217e-08
NIRCam_GRISM,4.379289150238037,2.5093032532045866e-05,3.246106505393982e-08
NIRCam_GRISM,4.38027811050415,4.2034310383475016e-05,5.437678694725037e-08
NIRCam_GRISM,4.381267547607422,0.0002352265502382313,3.042957976460457e-07
NIRCam_GRISM,4.383246421813965,1.0445249061910055e-05,1.3512273132801055e-08
NIRCam_GRISM,4.384235382080078,0.00010594777454830485,1.370570734143257e-07
NIRCam_GRISM,4.38522481918335,1.8828853585339147e-05,2.4357543885707855e-08
NIRCam_GRISM,4.386214256286621,1.4776456343183032e-05,1.9115246832370756e-08
NIRSpec_G395H,2.880022938363061,1.061827373700433,2.956888801404039e-08
NIRSpec_G395H,2.8807019492984844,1.2812378823150634,3.567884987697499e-08
NIRSpec_G395H,2.8813809391390035,1.2791437906108447,3.5620535348053606e-08
NIRSpec_G395H,2.8820598603561285,1.2779196567489315,3.558644668357422e-08
NIRSpec_G395H,2.8827388271697276,1.2759093586440773,3.55304655693088e-08
NIRSpec_G395H,2.8834177470230733,1.2730285366716971,3.545024282840051e-08
NIRSpec_G395H,2.8840967572244898,1.2444950828193473,3.4655666871412655e-08
NIRSpec_G395H,2.8847757104868097,1.2449315473796105,3.4667821174479406e-08
NIRSpec_G395H,2.885454629185831,1.2666134483871252,3.527160077058123e-08
NIRSpec_G395H,2.8861335814412086,1.2566994107242813,3.499552287253458e-08
NIRSpec_G395H,2.8868125331932037,1.2481545064824,3.4757571466423846e-08
NIRSpec_G395H,2.88749145038208,1.2572766008211764,3.5011595983626476e-08
NIRSpec_G395H,2.8881703670676933,1.2726765184789692,3.544044011773635e-08
NIRSpec_G395H,2.888849283250104,1.2663659775066674,3.526470940675672e-08
NIRSpec_G395H,2.8895282244993057,1.2681027136461775,3.531307259430589e-08
NIRSpec_G395H,2.8902071400289517,1.2600975627717834,3.509015179229684e-08
NIRSpec_G395H,2.890886055055284,1.265316883331616,3.523549510229763e-08
NIRSpec_G395H,2.8915649695783614,1.261462043767358,3.512814872734931e-08
NIRSpec_G395H,2.8922438835982445,1.2594473931646049,3.507204640833241e-08
NIRSpec_G395H,2.892922763055194,1.261002157874053,3.511534220642588e-08
NIRSpec_G395H,2.8936016760688656,1.2729608599318658,3.544835822268136e-08
NIRSpec_G395H,2.8942805885795204,1.2532978502704049,3.490079903829857e-08
NIRSpec_G395H,2.8949595005872175,1.2593073774765793,3.5068147367582485e-08
NIRSpec_G395H,2.895638406772906,1.2594569037146983,3.507231125024328e-08
NIRSpec_G395H,2.896317220914587,1.287496785013515,3.5853142608133666e-08
NIRSpec_G395H,2.896996131413769,1.2597533842300443,3.508056739373114e-08
NIRSpec_G395H,2.8976750414102304,1.2471547477199125,3.472973101361462e-08
NIRSpec_G395H,2.8983538827844373,1.2576609852654586,3.5022300002819075e-08
NIRSpec_G395H,2.8990327577158395,1.2633463477465579,3.518062126170412e-08
NIRSpec_G395H,2.899711662986206,1.2700864029377832,3.536831272840954e-08
NIRSpec_G395H,2.9003905032019097,1.246872757975797,3.472187839710522e-08
NIRSpec_G395H,2.9010693769746996,1.251828737030656,3.4859888391293216e-08
NIRSpec_G395H,2.9017482183568197,1.248964503000978,3.478012757765512e-08
NIRSpec_G395H,2.902427054892781,1.2462368242780109,3.4704169442938153e-08
NIRSpec_G395H,2.903105961217583,1.2489940268535475,3.478094973341414e-08
NIRSpec_G395H,2.903784764860517,1.1418895479044098,3.1798393037015877e-08
NIRSpec_G395H,2.904463636120628,1.229189108826881,3.4229438802577114e-08
NIRSpec_G395H,2.9051424387587863,1.2369105810738719,3.4444459957455734e-08
NIRSpec_G395H,2.905821309014239,1.2364972564640688,3.443295003653693e-08
NIRSpec_G395H,2.9065001106478574,1.2467450874859096,3.471832313519384e-08
NIRSpec_G395H,2.907178945839091,1.2498369352466037,3.480442234722848e-08
NIRSpec_G395H,2.9078577805282015,1.2532528923171877,3.489954708650589e-08
NIRSpec_G395H,2.9085365806554515,1.247282520652541,3.473328912826649e-08
NIRSpec_G395H,2.9092154484002903,1.2508835020711693,3.4833566272127446e-08
NIRSpec_G395H,2.909894215452058,1.252435501302226,3.487678505947238e-08
NIRSpec_G395H,2.9105730461450015,1.2525401400982534,3.487969895387584e-08
NIRSpec_G395H,2.9112518102047877,1.2469672217418097,3.472450894571208e-08
NIRSpec_G395H,2.9119306449041824,1.2295540581574769,3.4239601608843434e-08
NIRSpec_G395H,2.912609438998499,1.2534320480417553,3.4904536066530347e-08
NIRSpec_G395H,2.913288205262508,1.242015881582851,3.458662813164957e-08
NIRSpec_G395H,2.9139670317258046,1.246231147379763,3.4704011357384215e-08
NIRSpec_G395H,2.9146457976731033,1.2442684841177047,3.464935673871223e-08
NIRSpec_G395H,2.9153245883871723,1.2405781198095078,3.4546590534277506e-08
NIRSpec_G395H,2.916003354016841,1.2428761700470772,3.461058473127068e-08
NIRSpec_G395H,2.916682114406311,1.2440900164234294,3.464438691838469e-08
NIRSpec_G395H,2.9173609083539893,1.2462640965182255,3.470492889766382e-08
NIRSpec_G395H,2.9180396677403406,1.2486939339333778,3.47725929946729e-08
NIRSpec_G395H,2.918718426625219,1.2452317296705915,3.4676180401944864e-08
NIRSpec_G395H,2.919397191797846,1.2430142667592106,3.4614430333971565e-08
NIRSpec_G395H,2.9200759428907945,1.2405665218970028,3.454626756522947e-08
NIRSpec_G395H,2.9207547002716083,1.2434893098792386,3.462765894077325e-08
NIRSpec_G395H,2.921433430901966,1.2378453633837707,3.4470490999905296e-08
NIRSpec_G395H,2.922112213529579,1.2387076022305872,3.449450191216311e-08
NIRSpec_G395H,2.9227909438371413,1.243718918718888,3.463405289730026e-08
NIRSpec_G395H,2.9234696314330795,1.2221501134742967,3.403342269820172e-08
NIRSpec_G395H,2.9241484115386767,1.2227640599200658,3.4050519369611026e-08
NIRSpec_G395H,2.9248271413603235,1.2365414037656572,3.443417941397541e-08
NIRSpec_G395H,2.9255058274525583,1.231689509248128,3.4299067879654356e-08
NIRSpec_G395H,2.9261845709794563,1.24120943984191,3.456417101091757e-08
NIRSpec_G395H,2.9268633343729205,1.243155097268818,3.461835206519707e-08
NIRSpec_G395H,2.927542018961976,1.2222068593256163,3.4035002909603775e-08
NIRSpec_G395H,2.9282207030500884,1.1631233125212752,3.2389693302599085e-08
NIRSpec_G395H,2.9288993641111354,1.2323281858644184,3.431685321634093e-08
NIRSpec_G395H,2.929578171903107,1.2363012503106365,3.442749181974534e-08
NIRSpec_G395H,2.9302568544887384,1.2369419812168367,3.4445334362593466e-08
NIRSpec_G395H,2.9309355365736587,1.2404989163407578,3.4544384941771794e-08
NIRSpec_G395H,2.9316141969769496,1.2407316351305264,3.45508655016103e-08
NIRSpec_G395H,2.9322928443364082,1.232931317788874,3.4333648733930354e-08
NIRSpec_G395H,2.932971559314636,1.2276544118118,3.418670183299207e-08
NIRSpec_G395H,2.9336503078518943,1.229130454804113,3.4227805453999225e-08
NIRSpec_G395H,2.934329007609219,1.2270448693121838,3.4169727799022554e-08
NIRSpec_G395H,2.935007652631294,1.2303779059145081,3.426254343787481e-08
NIRSpec_G395H,2.935686312041071,1.2271503651439255,3.417266555944574e-08
NIRSpec_G395H,2.9363649563964525,1.231052204431502,3.428132074370706e-08
NIRSpec_G395H,2.9370436002513562,1.2238779462053972,3.408153795101806e-08
NIRSpec_G395H,2.937722243605841,1.2178997770650213,3.391506285514185e-08
NIRSpec_G395H,2.9384008864599642,1.230123761196652,3.425546622656177e-08
NIRSpec_G395H,2.9390795288137848,1.2380660620161976,3.4476636832371774e-08
NIRSpec_G395H,2.9397581706673592,1.232656591246412,3.432599837703643e-08
NIRSpec_G395H,2.940436812020745,1.2262941037438124,3.4148821102165974e-08
NIRSpec_G395H,2.9411154528740004,1.2244381341882162,3.409713760133886e-08
NIRSpec_G395H,2.9417940932271827,1.2386273179167357,3.449226622117948e-08
NIRSpec_G395H,2.94247273308035,1.220088184887284,3.397600382109192e-08
NIRSpec_G395H,2.9431513569184333,1.2196909705691785,3.3964942526214297e-08
NIRSpec_G395H,2.9438299961024446,1.2175426879243978,3.390511893292657e-08
NIRSpec_G395H,2.9445086007265298,1.2244038417755045,3.409618265467209e-08
NIRSpec_G395H,2.9451872389103406,1.2285947660235743,3.421288803714367e-08
NIRSpec_G395H,2.9458658425343396,1.2172920131052638,3.389813834847518e-08
NIRSpec_G395H,2.946544445658382,1.2152761620117198,3.384200259918643e-08
NIRSpec_G395H,2.947223048282525,1.2250077010741043,3.411299842757339e-08
NIRSpec_G395H,2.947901637200595,1.2277807649974823,3.4190220411708524e-08
NIRSpec_G395H,2.9485801839117474,1.2282668718752663,3.420375711285982e-08
NIRSpec_G395H,2.949258819096333,1.2200047622476347,3.397368073661442e-08
NIRSpec_G395H,2.9499374197214516,1.2118778118190896,3.374736816164298e-08
NIRSpec_G395H,2.9506160079537915,1.2197668425155077,3.396705534524683e-08
NIRSpec_G395H,2.951294607907292,1.2202471381060398,3.398043021849066e-08
NIRSpec_G395H,2.951973173301211,1.2226739549945707,3.404801020237964e-08
NIRSpec_G395H,2.952651772255199,1.21599420705603,3.386199812202763e-08
NIRSpec_G395H,2.953330347234407,1.222487378772371,3.404281458249175e-08
NIRSpec_G395H,2.9540089346044263,1.2151060840541579,3.3837266409288364e-08
NIRSpec_G395H,2.954687497999779,1.2237349282005432,3.407755530423925e-08
NIRSpec_G395H,2.9553660949554303,1.216398075174958,3.3873244706431844e-08
NIRSpec_G395H,2.956044648071057,1.2167678585285167,3.388354212656025e-08
NIRSpec_G395H,2.9567232192488717,1.2199168984660507,3.397123397889985e-08
NIRSpec_G395H,2.9574017806465727,1.2197484976163604,3.396654449171079e-08
NIRSpec_G395H,2.958080333239137,1.2221532201768748,3.403350921107839e-08
NIRSpec_G395H,2.9587588678844234,1.209278717961229,3.367499075160011e-08
NIRSpec_G395H,2.959437427784484,1.2114675419868426,3.37359433076359e-08
NIRSpec_G395H,2.960115979851925,1.2149062469906675,3.383170151249087e-08
NIRSpec_G395H,2.960794477967771,1.2146056363098545,3.3823330355580676e-08
NIRSpec_G395H,2.9614730704305017,1.2162278458128992,3.386850430034693e-08
NIRSpec_G395H,2.9621516219707567,1.2099570559152626,3.36938805443247e-08
NIRSpec_G395H,2.962830117620045,1.2110377756267248,3.372397553049126e-08
NIRSpec_G395H,2.9635086347479005,1.2029750244915711,3.349945072419474e-08
NIRSpec_G395H,2.964187157417776,1.2073252841665671,3.362059314748118e-08
NIRSpec_G395H,2.9648656795886636,1.2041224380611064,3.353140294560446e-08
NIRSpec_G395H,2.965544167200825,1.1439808758740295,3.1856630603748415e-08
NIRSpec_G395H,2.9662226883739087,1.2138425703317075,3.3802081127114734e-08
NIRSpec_G395H,2.966901209048175,1.202117073187891,3.347555920788205e-08
NIRSpec_G395H,2.9675796951638835,1.1196092282356307,3.117794917436875e-08
NIRSpec_G395H,2.968258214840685,1.2162496795267845,3.3869112307502136e-08
NIRSpec_G395H,2.9689366999590416,1.200969227903799,3.344359496444342e-08
NIRSpec_G395H,2.9696151817488796,1.1802023009377585,3.286529480656122e-08
NIRSpec_G395H,2.9702936687000405,1.1855604730359095,3.301450473903644e-08
NIRSpec_G395H,2.9709721160718687,1.2039924382930176,3.352778281988565e-08
NIRSpec_G395H,2.971650599515173,1.2093786189861553,3.367777271248349e-08
NIRSpec_G395H,2.9723291165196244,1.204141875353882,3.3531944219212214e-08
NIRSpec_G395H,2.973007564905888,1.191817738058129,3.31887518655457e-08
NIRSpec_G395H,2.973685978733817,1.1981847997423718,3.3366056518432697e-08
NIRSpec_G395H,2.9743644601828585,1.2047161314024601,3.35479356253601e-08
NIRSpec_G395H,2.9750429411334762,1.2186330407032082,3.39354821727629e-08
NIRSpec_G395H,2.9757213534661306,1.218093478629659,3.3920456895656134e-08
NIRSpec_G395H,2.976399833420068,1.1975223803261064,3.334761001194491e-08
NIRSpec_G395H,2.9770783122064057,1.170272121344236,3.258876740141729e-08
NIRSpec_G395H,2.977756723713637,1.1915046817567672,3.318003413331697e-08
NIRSpec_G395H,2.9784351681131787,1.2168156909869987,3.3884874125191405e-08
NIRSpec_G395H,2.9791135779548354,1.1978550908668038,3.335687505912926e-08
NIRSpec_G395H,2.9797919892317113,1.1930071922018386,3.322187479799622e-08
NIRSpec_G395H,2.9804704302039116,1.197329157130206,3.334222929264646e-08
NIRSpec_G395H,2.981148872611442,1.195511264763932,3.329160613380605e-08
NIRSpec_G395H,2.981827280461313,1.108546624365269,3.0869886957205856e-08
NIRSpec_G395H,2.982505687813377,1.1943378119307524,3.3258928792579545e-08
NIRSpec_G395H,2.9831840981744073,1.1924828571561026,3.3207273550530565e-08
NIRSpec_G395H,2.9838624707850685,1.1973351260360259,3.334239550978507e-08
NIRSpec_G395H,2.984540876957603,1.1948422634765479,3.32729763408304e-08
NIRSpec_G395H,2.98521928263227,1.1967396844117069,3.332581414529544e-08
NIRSpec_G395H,2.9858976537493294,1.1962656772905285,3.331261438813046e-08
NIRSpec_G395H,2.986576058428429,1.1874673470795014,3.306760578582463e-08
NIRSpec_G395H,2.9872544285500333,1.0521533007742105,2.929949245495036e-08
NIRSpec_G395H,2.9879327981739925,1.1764844591032446,3.2761763430763714e-08
NIRSpec_G395H,2.9886111733098173,1.171512515367036,3.262330886537074e-08
NIRSpec_G395H,2.989289542250218,1.2005293126743128,3.3431344570002173e-08
NIRSpec_G395H,2.9899679106928567,1.2083559222058082,3.36492935007779e-08
NIRSpec_G395H,2.99064627863779,1.1879870942887296,3.3082079275024405e-08
NIRSpec_G395H,2.9913246460850744,1.1764171178097882,3.275988816627699e-08
NIRSpec_G395H,2.9920030130347652,1.173997270298583,3.269250225982732e-08
NIRSpec_G395H,2.992681379486917,1.1894250117509007,3.312212120788982e-08
NIRSpec_G395H,2.9933597113817894,1.1888067769882353,3.3104905118988353e-08
NIRSpec_G395H,2.9940380683450587,1.1896219790282334,3.312760618926263e-08
NIRSpec_G395H,2.994716398935848,1.1948439864638702,3.3273024321152294e-08
NIRSpec_G395H,2.9953947290296052,1.1907260420527288,3.315835122064939e-08
NIRSpec_G395H,2.9960729999277684,1.181728674876204,3.2907800002011354e-08
NIRSpec_G395H,2.9967513633958585,1.1976849354501278,3.335213671221404e-08
NIRSpec_G395H,2.9974296923069894,1.2074119085325905,3.3623005390979206e-08
NIRSpec_G395H,2.99810802072,1.2049171569336232,3.355353361761963e-08
NIRSpec_G395H,2.998786348635975,1.1847420696340056,3.299171451989105e-08
NIRSpec_G395H,2.9994646079353764,1.1326372433017398,3.154074253238185e-08
NIRSpec_G395H,3.000142934857447,1.1440129582110115,3.185752400605932e-08
NIRSpec_G395H,3.0008212612826486,1.1723557230273238,3.2646789812930736e-08
NIRSpec_G395H,3.0014994628523186,1.1886439347576905,3.3100370423614886e-08
NIRSpec_G395H,3.002177822649903,1.1922432144838602,3.3200600180155655e-08
NIRSpec_G395H,3.0028561353981993,1.1888523485534992,3.310617415814037e-08
NIRSpec_G395H,3.0035344045149763,1.1847088384000135,3.299078912404911e-08
NIRSpec_G395H,3.0042126606423727,1.1792616117242782,3.283909927355996e-08
NIRSpec_G395H,3.004891005043914,1.1901989886715767,3.314367427523368e-08
NIRSpec_G395H,3.0055691373469573,1.2007452259368077,3.343735714345581e-08
NIRSpec_G395H,3.006247494163445,1.192423476418822,3.320561996500967e-08
NIRSpec_G395H,3.0069258164234784,1.1833833693034388,3.2953878560003186e-08
NIRSpec_G395H,3.007603967887925,1.1821903577557291,3.2920656563916615e-08
NIRSpec_G395H,3.0082823232146074,1.2040159106901656,3.3528436459733214e-08
NIRSpec_G395H,3.008960439626219,1.1761046214578388,3.275118602705507e-08
NIRSpec_G395H,3.0096387939599736,1.173067128679929,3.266660044749851e-08
NIRSpec_G395H,3.0103170115581586,1.1861059599285295,3.3029695005590593e-08
NIRSpec_G395H,3.0109952627198133,1.1834540499177604,3.29558468151277e-08
NIRSpec_G395H,3.0116735133851966,1.18335609123371,3.295311894294204e-08
NIRSpec_G395H,3.0123517121797128,1.1760199491068521,3.274882814165277e-08
NIRSpec_G395H,3.0130299451077724,1.169944725996665,3.257965036732265e-08
NIRSpec_G395H,3.0137081775727697,1.175434951849698,3.273253762323731e-08
NIRSpec_G395H,3.0143863067263252,1.1689602977615343,3.255223682632399e-08
NIRSpec_G395H,3.0150646069206846,1.1679361574239226,3.2523717415633e-08
NIRSpec_G395H,3.0157427685402767,1.1625108143498757,3.237263696153321e-08
NIRSpec_G395H,3.016421034283692,1.1801871030786917,3.2864871589187163e-08
NIRSpec_G395H,3.0170992131611953,0.9799069109275478,2.728763491227849e-08
NIRSpec_G395H,3.0177774256024334,1.1661851556143914,3.2474956969537156e-08
NIRSpec_G395H,3.0191337468175488,1.1690143825259536,3.2553742933985166e-08
NIRSpec_G395H,3.0198119778180845,1.1648359335482392,3.243738495249535e-08
NIRSpec_G395H,3.0204901682284584,1.0,2.7847170591387e-08
NIRSpec_G395H,3.021168310070607,1.1682011820649951,3.2531097602023866e-08
NIRSpec_G395H,3.021846506418631,1.1645210878458752,3.2428617390511655e-08
NIRSpec_G395H,3.0225246816268125,1.1673196683171907,3.2506549938310104e-08
NIRSpec_G395H,3.0232028348022477,1.1605408003708868,3.231777764619289e-08
NIRSpec_G395H,3.0238809406019835,1.1494169376896535,3.2008009544473424e-08
NIRSpec_G395H,3.0245591361565194,1.166288407495311,3.2477832242279005e-08
NIRSpec_G395H,3.02523727532159,1.1685410986195537,3.254056331630549e-08
NIRSpec_G395H,3.0259154480507653,1.1624438435738866,3.2370772014909606e-08
NIRSpec_G395H,3.0265935521647083,1.1608276959545156,3.232576687645212e-08
NIRSpec_G395H,3.0272716898428635,1.1673357816000403,3.25069986476464e-08
NIRSpec_G395H,3.0279498270254903,1.1755321723982308,3.273524494043729e-08
NIRSpec_G395H,3.0286279637126405,1.180842749768141,3.2883129494395935e-08
NIRSpec_G395H,3.029306099904369,1.17196933202797,3.263602991685675e-08
NIRSpec_G395H,3.0299842356007303,1.1645202243989397,3.242859334595754e-08
NIRSpec_G395H,3.030662336741982,1.1678344332452195,3.2520884685075384e-08
NIRSpec_G395H,3.0313404373879727,1.1633557171394657,3.239616511364806e-08
NIRSpec_G395H,3.0320185375387587,1.1619101313171392,3.2355909638649246e-08
NIRSpec_G395H,3.032696637194394,1.1628629635269723,3.2382443319741435e-08
NIRSpec_G395H,3.0333747363549324,1.1622244235767083,3.236466178881702e-08
NIRSpec_G395H,3.034052835020426,1.1662048255992392,3.247550472296074e-08
NIRSpec_G395H,3.034730933190931,1.166909960870907,3.2495140745160876e-08
NIRSpec_G395H,3.0354090236478166,1.1578397487023844,3.2242560999603954e-08
NIRSpec_G395H,3.0360870870607037,1.1613340761413156,3.233986813189803e-08
NIRSpec_G395H,3.0367651840382774,1.1478189105628906,3.1963509010464794e-08
NIRSpec_G395H,3.0374432464609975,1.1407716987621659,3.176726410125638e-08
NIRSpec_G395H,3.038121342448511,1.064627525842442,2.9646864328420757e-08
NIRSpec_G395H,3.038799369821482,1.1434193891606086,3.184099478745499e-08
NIRSpec_G395H,3.0394774307593537,1.1422920329768693,3.180960110748914e-08
NIRSpec_G395H,3.0401555200815475,1.1489755565038433,3.199571832729634e-08
NIRSpec_G395H,3.040833546260014,1.1481350196984899,3.197231175548932e-08
NIRSpec_G395H,3.0415116106041333,1.152580037734394,3.2096092931016934e-08
NIRSpec_G395H,3.042189601443365,1.1525634329853969,3.209563053573899e-08
NIRSpec_G395H,3.0428676899451177,1.152187506912922,3.208516205826903e-08
NIRSpec_G395H,3.043545714143838,1.1489475988089253,3.1994939784596614e-08
NIRSpec_G395H,3.0442237719075527,1.1495007495956076,3.2010343468916116e-08
NIRSpec_G395H,3.04490173015354,1.141912895629784,3.179904320510729e-08
NIRSpec_G395H,3.0455798178311926,1.1488558475710047,3.1992384772222266e-08
NIRSpec_G395H,3.0462578059912255,1.146950775943182,3.193933391761348e-08
NIRSpec_G395H,3.04693583000959,1.146575416883886,3.192888122985624e-08
NIRSpec_G395H,3.047613848947173,1.1441028154289639,3.1860026275336514e-08
NIRSpec_G395H,3.048291801563803,1.162676015416991,3.2377237343831054e-08
NIRSpec_G395H,3.0489698218055983,1.1633947475285176,3.239725199955024e-08
NIRSpec_G395H,3.0496478415530173,1.1500749036180455,3.202633203392468e-08
NIRSpec_G395H,3.0503258258863752,1.1429901528587478,3.1829041770933055e-08
NIRSpec_G395H,3.051003811445348,1.14865012854087,3.198665607929621e-08
NIRSpec_G395H,3.051681761590366,1.1519531078622334,3.2078634707918044e-08
NIRSpec_G395H,3.0523598134171954,1.1618326900082612,3.23537531173101e-08
NIRSpec_G395H,3.0530377287990893,1.1551970939543186,3.2168970542020425e-08
NIRSpec_G395H,3.0537157452998422,1.148445318846712,3.198095270880423e-08
NIRSpec_G395H,3.054393660259305,1.1442045026554528,3.1862857976879514e-08
NIRSpec_G395H,3.0550716752030582,1.1482778224237906,3.1976288407341685e-08
NIRSpec_G395H,3.055749589742592,1.141788537902241,3.179558019425405e-08
NIRSpec_G395H,3.0564275690708866,1.1428305198473474,3.1824596443232574e-08
NIRSpec_G395H,3.0571055172493744,1.1643301524967862,3.2423300381273645e-08
NIRSpec_G395H,3.0577834291720127,1.1625495886838788,3.237371671702676e-08
NIRSpec_G395H,3.0584613746604807,1.162254331183519,3.2365494631045856e-08
NIRSpec_G395H,3.0591392855952373,1.1203105576750298,3.119747921490846e-08
NIRSpec_G395H,3.0598172300959283,1.1008883203661524,3.065662485930175e-08
NIRSpec_G395H,3.0604951741028112,1.1010095303519571,3.066000021445384e-08
NIRSpec_G395H,3.0611731176159376,1.1135097598890573,3.100809623880496e-08
NIRSpec_G395H,3.061850992515766,1.141352514510357,3.1783438176478416e-08
NIRSpec_G395H,3.062528935041537,1.1370175667268174,3.1662722146045435e-08
NIRSpec_G395H,3.0632068430139134,1.131067764396449,3.149703698556664e-08
NIRSpec_G395H,3.0638847164329475,1.1268392886520497,3.1379285900170806e-08
NIRSpec_G395H,3.0645625944410173,1.1275843530336114,3.140003383510572e-08
NIRSpec_G395H,3.065240529910183,1.1328917733870194,3.154783047508727e-08
NIRSpec_G395H,3.0659184359086926,1.1160397336902053,3.107854885083726e-08
NIRSpec_G395H,3.0665963073540703,1.099610190098418,3.062103254769814e-08
NIRSpec_G395H,3.067274184506525,1.1059913458238493,3.079872967975443e-08
NIRSpec_G395H,3.0679520552441444,1.1247181211229798,3.132021738613588e-08
NIRSpec_G395H,3.068629891428507,1.1308968945944993,3.1492278745042826e-08
NIRSpec_G395H,3.0693077611792603,1.123821605345418,3.129525195834025e-08
NIRSpec_G395H,3.069985691242557,1.0561078689501153,2.940961598956005e-08
NIRSpec_G395H,3.0706635673203513,1.1214584449201594,3.122944462684326e-08
NIRSpec_G395H,3.0713414015314013,1.131054696636392,3.149667308542308e-08
NIRSpec_G395H,3.072019269309051,1.1312381975073893,3.150178306548141e-08
NIRSpec_G395H,3.072697102533759,1.1322792816366847,3.153077431282989e-08
NIRSpec_G395H,3.073374935265374,1.131424320595862,3.150696606687711e-08
NIRSpec_G395H,3.074052801563745,1.1316984920869477,3.151460096716067e-08
NIRSpec_G395H,3.07473063330933,1.1159569038790762,3.10762422749567e-08
NIRSpec_G395H,3.07540846456198,1.1223987425227837,3.1255629254590214e-08
NIRSpec_G395H,3.0760862953217445,1.1347905647880219,3.1600706443148446e-08
NIRSpec_G395H,3.0767641255886757,1.133812716817817,3.157347614390971e-08
NIRSpec_G395H,3.077441897595434,1.148209324370911,3.197438093037797e-08
NIRSpec_G395H,3.0781196590318065,1.127245115937699,3.139058704182492e-08
NIRSpec_G395H,3.078797419975222,1.1280276793470323,3.141237921858321e-08
NIRSpec_G395H,3.079475248545327,1.1268136186873547,3.137857106428487e-08
NIRSpec_G395H,3.0801530766225786,1.1194309124950703,3.117298358552224e-08
NIRSpec_G395H,3.080830904207029,1.1284054090815203,3.142289792293693e-08
NIRSpec_G395H,3.08150873129873,1.1348145083580046,3.1601373203826325e-08
NIRSpec_G395H,3.082186523837936,1.1367687945470895,3.165579454471816e-08
NIRSpec_G395H,3.082864247764902,1.146504436080166,3.1926904615306333e-08
NIRSpec_G395H,3.0835419711992746,1.1339226858508182,3.1576538470331466e-08
NIRSpec_G395H,3.0842197963204954,1.1265890033955783,3.137231616393734e-08
NIRSpec_G395H,3.0848976002461805,1.112989241724025,3.0993601280667386e-08
NIRSpec_G395H,3.085575342906126,1.1147384058284966,3.104231055187694e-08
NIRSpec_G395H,3.0862530303108424,1.1185608615229077,3.114875512767722e-08
NIRSpec_G395H,3.0869308335728998,1.1313899674162657,3.150600942802453e-08
NIRSpec_G395H,3.0876086224430055,1.1313920450686847,3.1506067284765875e-08
NIRSpec_G395H,3.0882862598701664,1.1332697421049667,3.155835583445416e-08
NIRSpec_G395H,3.0889640624665406,1.1344935486330496,3.159243538361254e-08
NIRSpec_G395H,3.0896418157994643,1.1308805770591097,3.1491824347851204e-08
NIRSpec_G395H,3.09031948499986,1.1278139398103615,3.140642717724341e-08
NIRSpec_G395H,3.0909972528686946,1.1245693231736704,3.131607378425782e-08
NIRSpec_G395H,3.091675004724698,1.1239895036013472,3.129992744971511e-08
NIRSpec_G395H,3.0923526879689023,1.1266778601286067,3.1374790572540175e-08
NIRSpec_G395H,3.0930304388405485,1.1354524084183066,3.161913691562581e-08
NIRSpec_G395H,3.093708087040702,1.1263861796425354,3.136666809628637e-08
NIRSpec_G395H,3.094385836928196,1.1317610936908058,3.15163442447026e-08
NIRSpec_G395H,3.0950635356033174,1.1304730505658025,3.1480475888071565e-08
NIRSpec_G395H,3.0957412330478467,1.1324651780788522,3.1535951002767256e-08
NIRSpec_G395H,3.096418897213563,1.1294371907388585,3.145163012276189e-08
NIRSpec_G395H,3.0970965772804724,1.1198151772885039,3.118368427277725e-08
NIRSpec_G395H,3.097774256855307,1.1148828954887078,3.104633418009353e-08
NIRSpec_G395H,3.098451969997916,1.1214689602078585,3.122973744785364e-08
NIRSpec_G395H,3.0991295955303846,1.1206730373093774,3.1207573247122044e-08
NIRSpec_G395H,3.0998072926278764,1.122752307190875,3.1265475030217634e-08
NIRSpec_G395H,3.1004849361751274,1.123831116285444,3.129551681110964e-08
NIRSpec_G395H,3.1011625792305595,1.1200448212973981,3.119007920866821e-08
NIRSpec_G395H,3.1018402558540203,1.1004805035620961,3.064526831518916e-08
NIRSpec_G395H,3.1025178979259667,1.1084367488344964,3.086682723455661e-08
NIRSpec_G395H,3.103195560094105,1.1134738099205963,3.100709513390047e-08
NIRSpec_G395H,3.103873214654708,1.1121146645898843,3.0969246782017646e-08
NIRSpec_G395H,3.10455082119201,1.116526881530615,3.109211453985238e-08
NIRSpec_G395H,3.1052284826763223,1.1162739663948391,3.108507156892128e-08
NIRSpec_G395H,3.1059060884937115,1.114160467281508,3.102621659856761e-08
NIRSpec_G395H,3.1065837400344263,1.1103174473094286,3.0919199365819006e-08
NIRSpec_G395H,3.1072613446059756,1.1102088520504374,3.091617529511646e-08
NIRSpec_G395H,3.107938937055725,1.112174270362296,3.0970906634130226e-08
NIRSpec_G395H,3.1086165409066497,1.1130098670156243,3.099417563668105e-08
NIRSpec_G395H,3.109294178325882,1.1219304401852062,3.1242588359507344e-08
NIRSpec_G395H,3.1099717471340806,1.118793113692379,3.115522269346071e-08
NIRSpec_G395H,3.110649349510688,1.1206892426386146,3.12080245196898e-08
NIRSpec_G395H,3.111326917336161,1.1048398437721996,3.076666360568581e-08
NIRSpec_G395H,3.1120045187301426,1.1199087847454001,3.118629097559806e-08
NIRSpec_G395H,3.112682109830163,1.1199348783396992,3.118701760836985e-08
NIRSpec_G395H,3.1133597105017143,1.1099214515117863,3.090817200328859e-08
NIRSpec_G395H,3.1140372766220525,1.1001859006342765,3.0637064457201444e-08
NIRSpec_G395H,3.114714842251026,1.0664351153917593,2.9697200582959804e-08
NIRSpec_G395H,3.1153924073886845,1.0652106786760493,2.9663103484859068e-08
NIRSpec_G395H,3.116069972035078,1.102509841323409,3.0701779630015984e-08
NIRSpec_G395H,3.116747502130461,1.112228122719044,3.0972406269895334e-08
NIRSpec_G395H,3.11742503173468,1.111125359736092,3.09416974409872e-08
NIRSpec_G395H,3.1181025949075822,0.5306955725664148,1.4778370141350751e-08
NIRSpec_G395H,3.1187801575894203,1.0881486167063146,3.030186015820253e-08
NIRSpec_G395H,3.1194576588760023,1.1096111693793815,3.089953152381605e-08
NIRSpec_G395H,3.120135186258863,1.115258870312073,3.1056804015137844e-08
NIRSpec_G395H,3.1208127064498656,1.126441162827332,3.136819922241306e-08
NIRSpec_G395H,3.1214902671679496,1.112454273568027,3.097870393116635e-08
NIRSpec_G395H,3.1221677933354233,1.087976119665526,3.029705660368118e-08
NIRSpec_G395H,3.122845250892539,1.0949302187889123,3.0490708588279534e-08
NIRSpec_G395H,3.1235228044620205,1.1089188239333072,3.0880251662071054e-08
NIRSpec_G395H,3.124200266714072,1.1097257926182809,3.090272345670342e-08
NIRSpec_G395H,3.12487779091879,1.125596844452344,3.134468734459132e-08
NIRSpec_G395H,3.1255552465133514,1.0934929614959132,3.0450685039257676e-08
NIRSpec_G395H,3.126232765081133,1.0498618941895212,2.9235683264892285e-08
NIRSpec_G395H,3.126910224350573,1.0939101688318236,3.0462303083112745e-08
NIRSpec_G395H,3.1275877125335367,1.0950235758822273,3.049330831918299e-08
NIRSpec_G395H,3.128265196332692,1.1002807417112983,3.063970551285234e-08
NIRSpec_G395H,3.1289426533686218,1.1046773196981996,3.076213777007192e-08
NIRSpec_G395H,3.12962013669408,1.0990690808273686,3.060596418551864e-08
NIRSpec_G395H,3.130297623168906,1.0960386449632207,3.052157512104346e-08
NIRSpec_G395H,3.1309750439144786,1.09312673912571,3.044048678244024e-08
NIRSpec_G395H,3.1316524924678792,1.074869969948933,2.993208741672696e-08
NIRSpec_G395H,3.13232994341172,1.0858842443443613,3.023880379475679e-08
NIRSpec_G395H,3.133007427925062,1.0854975368699598,3.022803508574817e-08
NIRSpec_G395H,3.1336848438285623,1.095990050382586,3.05202218994667e-08
NIRSpec_G395H,3.134362293301662,1.0793943989303467,3.0058079962401e-08
NIRSpec_G395H,3.1350397068546636,1.0946121044014292,3.048185000266372e-08
NIRSpec_G395H,3.1357171567176665,1.0970853511323078,3.055072292629308e-08
NIRSpec_G395H,3.1363945357320424,1.1035194452693338,3.0729894243327886e-08
NIRSpec_G395H,3.137071984113675,1.0971519390099576,3.055257721028131e-08
NIRSpec_G395H,3.1377493967081023,1.0979882003863237,3.057586472348797e-08
NIRSpec_G395H,3.138426741311345,1.0952492242343859,3.049959198733922e-08
NIRSpec_G395H,3.139104187473377,1.0990511202291178,3.060546403367523e-08
NIRSpec_G395H,3.139781565286673,1.0953834414375283,3.050332955669142e-08
NIRSpec_G395H,3.1404589424794667,1.0992968235304317,3.061230617542178e-08
NIRSpec_G395H,3.1411363864248427,1.0881982994960242,3.030324368332303e-08
NIRSpec_G395H,3.141813763514745,1.070552068777909,2.98118460862207e-08
NIRSpec_G395H,3.1424911051779376,1.0935654081587107,3.045270247383537e-08
NIRSpec_G395H,3.1431684787900047,1.0929222638306928,3.0434792724018174e-08
NIRSpec_G395H,3.143845889214251,1.098418729661721,3.058785374566454e-08
NIRSpec_G395H,3.144523229408079,1.1098506284105971,3.090619978030796e-08
NIRSpec_G395H,3.1452005691122182,1.105954924405439,3.079771544630277e-08
NIRSpec_G395H,3.1458779083267148,1.0823599471533423,3.014066208966374e-08
NIRSpec_G395H,3.146555215847446,1.0510100873743424,2.926765719638187e-08
NIRSpec_G395H,3.1472326534065744,1.0621295692722874,2.9577303305681784e-08
NIRSpec_G395H,3.1479099911524404,1.1034892718241585,3.0729053998252764e-08
NIRSpec_G395H,3.1485873284088597,1.0986295441263874,3.059372433202524e-08
NIRSpec_G395H,3.149264665175882,1.092170868289877,3.041386848421147e-08
NIRSpec_G395H,3.149941967393758,1.080089045387751,3.007742390080104e-08
NIRSpec_G395H,3.1506192734502405,1.055631995652582,2.939636426466375e-08
NIRSpec_G395H,3.151296574933973,1.0623330505570845,2.9582969683731686e-08
NIRSpec_G395H,3.151973875928226,1.0846967166592163,3.0205734508726566e-08
NIRSpec_G395H,3.152651176433045,1.0848463151521768,3.020990040348025e-08
NIRSpec_G395H,3.1533284764484812,1.0770675646637755,2.999328421164191e-08
NIRSpec_G395H,3.1540057759745816,1.0799880816667036,3.007461234683749e-08
NIRSpec_G395H,3.1546830750113957,1.0865987016404075,3.0258699408960053e-08
NIRSpec_G395H,3.155360373558971,1.0939952917877942,3.0464673516588904e-08
NIRSpec_G395H,3.156037671617355,1.0811312028930076,3.010644503863301e-08
NIRSpec_G395H,3.1567149691865986,1.0813028886263896,3.011122600053861e-08
NIRSpec_G395H,3.157392266266748,1.0788609052914389,3.004322367402891e-08
NIRSpec_G395H,3.1580695357992044,1.0816527172261934,3.012096773723509e-08
NIRSpec_G395H,3.1587467980828725,1.0873161317762188,3.027867780833939e-08
NIRSpec_G395H,3.1594240523937245,1.0811284850924885,3.0106369355578324e-08
NIRSpec_G395H,3.160101211278793,1.0861464727574857,3.0246106114110974e-08
NIRSpec_G395H,3.160778505914197,1.07968598689804,3.006619986227975e-08
NIRSpec_G395H,3.161455774206169,1.067351663728312,2.972272386084304e-08
NIRSpec_G395H,3.162133034044187,1.0600345848867656,2.9518963918111865e-08
NIRSpec_G395H,3.1628102593334213,1.084271233763806,3.019388601395436e-08
NIRSpec_G395H,3.163487441149665,1.082048639420273,3.013199305011455e-08
NIRSpec_G395H,3.164164708445127,1.0657775697353609,2.9678889796894448e-08
NIRSpec_G395H,3.1648419322676924,1.0765503859307688,2.997888224723763e-08
NIRSpec_G395H,3.1655191556014635,1.081525233254445,3.0117417669326145e-08
NIRSpec_G395H,3.166196344386691,1.0797937863664684,3.0069201772466735e-08
NIRSpec_G395H,3.1668735667430177,1.0795429402190087,3.0062216417006235e-08
NIRSpec_G395H,3.1675507886106935,1.078489437817789,3.0032879355921034e-08
NIRSpec_G395H,3.1682279418701733,1.0764290133123762,2.9975502363228126e-08
NIRSpec_G395H,3.1689051627606903,1.0736226988193975,2.989735444480907e-08
NIRSpec_G395H,3.1695823150431064,1.0675641377461544,2.9728640661064136e-08
NIRSpec_G395H,3.1702595349566565,1.0733304165810356,2.988921521145657e-08
NIRSpec_G395H,3.170936731861583,1.075316277237246,2.9944515811920787e-08
NIRSpec_G395H,3.1716138711391766,1.0714579543263367,2.983707243562404e-08
NIRSpec_G395H,3.172291067539337,1.0740337404570732,2.990880079141359e-08
NIRSpec_G395H,3.172968205368427,1.0676861693966897,2.9732038897254136e-08
NIRSpec_G395H,3.173645401262905,1.0733752872750273,2.9890464733326716e-08
NIRSpec_G395H,3.174322537644788,1.076555746363493,2.997903152012214e-08
NIRSpec_G395H,3.174999664913073,1.079944652467859,3.007340296652862e-08
NIRSpec_G395H,3.175676813035497,1.0745335381069403,2.9922718741830614e-08
NIRSpec_G395H,3.176353994729408,1.0807676253543559,3.009632043289098e-08
NIRSpec_G395H,3.1770310737556664,1.0738500606023043,2.9903685827163635e-08
NIRSpec_G395H,3.1777082204133036,1.0668593443928536,2.9709014160323087e-08
NIRSpec_G395H,3.1783853665827735,1.0658254529522035,2.9680223209002332e-08
NIRSpec_G395H,3.179062478204325,1.0701092311283589,2.979951431064939e-08
NIRSpec_G395H,3.1797396039250723,0.8134527634512309,2.2652357871861602e-08
NIRSpec_G395H,3.18041668074323,1.0682179124544509,2.9746846436894395e-08
NIRSpec_G395H,3.181093810140731,1.0698125245439374,2.9791251871777416e-08
NIRSpec_G395H,3.1817708857504754,1.0754176178340284,2.994733786080722e-08
NIRSpec_G395H,3.1824480104477493,1.060893597765121,2.954288499627563e-08
NIRSpec_G395H,3.183125085313168,1.0675666311955527,2.9728710096574886e-08
NIRSpec_G395H,3.183802211831978,1.0679762430832704,2.9740116628688425e-08
NIRSpec_G395H,3.184479285490465,1.0684918831096524,2.975447574446683e-08
NIRSpec_G395H,3.1851563410410044,1.0740796473390188,2.991007916818645e-08
NIRSpec_G395H,3.1858334139544353,1.0680724431602349,2.9742795528642558e-08
NIRSpec_G395H,3.1865105204397834,1.058980429932406,2.9489608685268056e-08
NIRSpec_G395H,3.1871875583177043,1.0580359036111402,2.9463306299671712e-08
NIRSpec_G395H,3.187864629767636,1.0693348857545595,2.977795098292855e-08
NIRSpec_G395H,3.1885416666700315,1.069136664208745,2.9772431073727364e-08
NIRSpec_G395H,3.1892187030847343,1.061094265477215,2.9548473024286492e-08
NIRSpec_G395H,3.1898957390117895,1.064388802188561,2.964021655010693e-08
NIRSpec_G395H,3.190572792725401,1.067469321178715,2.9726000287935755e-08
NIRSpec_G395H,3.1912498279053887,1.061424928193483,2.955768104535462e-08
NIRSpec_G395H,3.191926862597594,1.0567810624595537,2.942836252405839e-08
NIRSpec_G395H,3.192603896802063,1.0632331309009921,2.9608034374614433e-08
NIRSpec_G395H,3.193280930518843,1.0093086549993746,2.8106390295130954e-08
NIRSpec_G395H,3.1939579443361636,1.061592654452339,2.9562351747097637e-08
NIRSpec_G395H,3.1946349427912026,1.065498239866933,2.967111125039707e-08
NIRSpec_G395H,3.1953119748187637,1.0647614036490933,2.9650592446540977e-08
NIRSpec_G395H,3.1959889242708095,1.0583668766547336,2.947252296247781e-08
NIRSpec_G395H,3.1966659555498382,1.0619489753619678,2.957227427625335e-08
NIRSpec_G395H,3.1973429522816588,1.061358465432512,2.9555830245511886e-08
NIRSpec_G395H,3.1980199144663186,1.0652005515312133,2.966282147252922e-08
NIRSpec_G395H,3.1986969102234553,1.0609434868371668,2.9544274265775534e-08
NIRSpec_G395H,3.199373892651257,1.058214231994253,2.9468272240577544e-08
NIRSpec_G395H,3.200050866216161,1.0576233604966534,2.9451818141186297e-08
NIRSpec_G395H,3.200727860511619,1.0605210189654781,2.953250973088324e-08
NIRSpec_G395H,3.201404774030957,1.0496046850868868,2.9228520719133565e-08
NIRSpec_G395H,3.202081767575865,1.0414161952117522,2.900049444469485e-08
NIRSpec_G395H,3.2027587042361825,1.046641200438683,2.914599605659008e-08
NIRSpec_G395H,3.2034356169645855,1.0532673101229537,2.9330514463325206e-08
NIRSpec_G395H,3.204112609047678,1.0503349630131245,2.9248856893124635e-08
NIRSpec_G395H,3.204789509517981,1.051196058233491,2.9272835958621608e-08
NIRSpec_G395H,3.2054664555131804,1.0492715960338572,2.921924513145173e-08
NIRSpec_G395H,3.2061433780152764,1.0510041646099824,2.926749226415236e-08
NIRSpec_G395H,3.20682030003033,1.0546690633481095,2.9369549324513148e-08
NIRSpec_G395H,3.2074972556181836,1.0597975963884654,2.9512364458971506e-08
NIRSpec_G395H,3.2081741425994923,1.0552601315114978,2.9386008900490158e-08
NIRSpec_G395H,3.208851063153692,1.0528493826497083,2.9318876365682916e-08
NIRSpec_G395H,3.209527949161236,1.0543168305897002,2.9359740638801848e-08
NIRSpec_G395H,3.210204868741762,1.0505996755228366,2.9256228387540262e-08
NIRSpec_G395H,3.2108817537757224,1.0577757664645433,2.9456062216173276e-08
NIRSpec_G395H,3.21155863832296,1.0566325709246382,2.9424227454954223e-08
NIRSpec_G395H,3.2122355223835206,1.0575541025672393,2.9449889503811094e-08
NIRSpec_G395H,3.212912397553048,1.0611289536011617,2.9549438990391533e-08
NIRSpec_G395H,3.2135892890447892,1.0488906813620242,2.9208637735604437e-08
NIRSpec_G395H,3.2142661636789,1.0451041741403686,2.910319422305747e-08
NIRSpec_G395H,3.2149429778920537,1.0535423086877642,2.9338172395271872e-08
NIRSpec_G395H,3.2156198672681526,1.0526124971755686,2.9312279775473927e-08
NIRSpec_G395H,3.2162967410974166,1.0269176979547496,2.8596752318260343e-08
NIRSpec_G395H,3.2169735538505284,1.0241499271497747,2.8519677732496348e-08
NIRSpec_G395H,3.217650366117051,1.0344922633269775,2.8807682532336388e-08
NIRSpec_G395H,3.2183272800764193,1.039457511348601,2.8945950641023084e-08
NIRSpec_G395H,3.2190040913698974,1.0404626117296765,2.897393984279636e-08
NIRSpec_G395H,3.2196809021769215,1.0438158652741825,2.9067318466286387e-08
NIRSpec_G395H,3.220357712497536,1.0359079461886744,2.884710529448936e-08
NIRSpec_G395H,3.221034516537157,1.0441912895826369,2.9077772971048074e-08
NIRSpec_G395H,3.22171139979931,1.0323878509766307,2.8749080602621654e-08
NIRSpec_G395H,3.2223882086609668,1.0336370611867511,2.8783867572447384e-08
NIRSpec_G395H,3.223065017036394,1.038808752420894,2.892788454049054e-08
NIRSpec_G395H,3.223741824925636,1.0390805954282636,2.8935454599090836e-08
NIRSpec_G395H,3.2244185982689415,1.044096627953892,2.907513691252395e-08
NIRSpec_G395H,3.2250954006813677,1.0325357519874858,2.875319922730158e-08
NIRSpec_G395H,3.225772173266575,1.0062564223591541,2.8021394252114135e-08
NIRSpec_G395H,3.2264489453655028,1.0328589099537975,2.8762198262317425e-08
NIRSpec_G395H,3.2271257169781946,1.0514000265243526,2.9278515898412465e-08
NIRSpec_G395H,3.2278024881046967,1.0540257802373822,2.9351635709990166e-08
NIRSpec_G395H,3.2284792587450526,1.036800608755391,2.8871963421265262e-08
NIRSpec_G395H,3.2291560288993075,1.0475825963120358,2.917221126806936e-08
NIRSpec_G395H,3.229832798567505,1.0451462052679195,2.9104364671036528e-08
NIRSpec_G395H,3.2305095649497946,1.04801253025262,2.918418371185584e-08
NIRSpec_G395H,3.231186333857863,1.0338743408419486,2.8790475139483534e-08
NIRSpec_G395H,3.2318630365366103,1.0390655817023466,2.8935036509304016e-08
NIRSpec_G395H,3.232539702081636,1.0277848212072707,2.8620899247397055e-08
NIRSpec_G395H,3.233216401200624,1.0327007275556614,2.8757793330091977e-08
NIRSpec_G395H,3.233893167953416,1.0345705841165764,2.8809863544725198e-08
NIRSpec_G395H,3.234569932687553,1.0550040793677962,2.937887857276421e-08
NIRSpec_G395H,3.235246664619306,1.0327830151479078,2.8760084806710815e-08
NIRSpec_G395H,3.2359233620053303,1.0247225478529074,2.853562359890064e-08
NIRSpec_G395H,3.236599991688991,1.0326664251305886,2.8756838104609272e-08
NIRSpec_G395H,3.2372767553197614,1.0409911759423607,2.898865886059548e-08
NIRSpec_G395H,3.237953451248257,1.0350313493383414,2.882269455245827e-08
NIRSpec_G395H,3.2386301466909977,1.0370431155833078,2.887871655027184e-08
NIRSpec_G395H,3.2393068075882305,1.0310096449707382,2.8710701464865494e-08
NIRSpec_G395H,3.239983502059594,1.026579723528164,2.8587340686747684e-08
NIRSpec_G395H,3.2406601616364745,1.0430820882555345,2.9046884852472058e-08
NIRSpec_G395H,3.241336821425903,1.039345473361913,2.8942830700095063e-08
NIRSpec_G395H,3.2420135144405315,1.0189516218843961,2.8374919638985246e-08
NIRSpec_G395H,3.2426901047902765,1.0278232210028517,2.8621968573055273e-08
NIRSpec_G395H,3.2433668308937635,1.0489950096783014,2.9211542984025316e-08
NIRSpec_G395H,3.2440434883922533,1.0304889751327013,2.8696202283063888e-08
NIRSpec_G395H,3.2447201113455866,1.0245922832605663,2.85319960985757e-08
NIRSpec_G395H,3.245396735611076,1.0265057861204148,2.858528173914101e-08
NIRSpec_G395H,3.246073389856147,1.0387433102542414,2.8926062161311896e-08
NIRSpec_G395H,3.246750013562503,1.0284760269333622,2.8640147371165266e-08
NIRSpec_G395H,3.2474266323659973,1.0264920344082753,2.8584898792867137e-08
NIRSpec_G395H,3.2481032555122984,1.028951599730252,2.865339072796888e-08
NIRSpec_G395H,3.2487799069950802,1.034329895093545,2.8803161036441367e-08
NIRSpec_G395H,3.249456458432527,1.0358970406654966,2.8846801606525042e-08
NIRSpec_G395H,3.2501330807370183,1.0273615563781784,2.8609112519495988e-08
NIRSpec_G395H,3.2508096960916184,1.032674634042708,2.8757066699585434e-08
NIRSpec_G395H,3.2514862837739567,1.0392775335883744,2.8940938769631395e-08
NIRSpec_G395H,3.252162867534775,1.0349435617008682,2.8820249915141734e-08
NIRSpec_G395H,3.252839450810482,1.0314699030069274,2.8723518348915312e-08
NIRSpec_G395H,3.2535159995413245,1.0311518027828264,2.8714660157709614e-08
NIRSpec_G395H,3.2541926159067374,1.0328927534639074,2.8763140708316865e-08
NIRSpec_G395H,3.254869197727372,1.0310327143856466,2.871134388279789e-08
NIRSpec_G395H,3.255545710943475,1.021226726465525,2.8438274864369188e-08
NIRSpec_G395H,3.256222262792227,1.0278567774323644,2.8622903024672352e-08
NIRSpec_G395H,3.2568988381004322,1.0350297134483804,2.882264899755145e-08
NIRSpec_G395H,3.257575417981575,1.0069098057875192,2.8039589131905403e-08
NIRSpec_G395H,3.2582519292583583,0.9874752791625676,2.7498392553617523e-08
NIRSpec_G395H,3.258928474110216,1.0152671464500564,2.827231742302541e-08
NIRSpec_G395H,3.2596049844175985,1.0232767873339943,2.8495363259096177e-08
NIRSpec_G395H,3.2602815345624356,1.0273839295839908,2.8609735549974924e-08
NIRSpec_G395H,3.2609580441003887,1.0306532516014537,2.870077691791339e-08
NIRSpec_G395H,3.261634621273111,1.0263801119176825,2.858178206817859e-08
NIRSpec_G395H,3.2623111298414598,1.0230064231194205,2.848783438069113e-08
NIRSpec_G395H,3.2629876379250686,1.0228448930275749,2.8483336224667865e-08
NIRSpec_G395H,3.2636641455239825,0.9644286197620723,2.6856608297730335e-08
NIRSpec_G395H,3.2643405845186497,1.0205278795514032,2.841881395513437e-08
NIRSpec_G395H,3.2650170911483007,1.0188208343383647,2.8371277575879677e-08
NIRSpec_G395H,3.265693563233586,1.0186664508704268,2.836697843311152e-08
NIRSpec_G395H,3.266370068894144,1.0251772603472338,2.8548286055300184e-08
NIRSpec_G395H,3.2670465482584357,1.0283697856494622,2.863718885200866e-08
NIRSpec_G395H,3.2677229850275467,1.0211675672170317,2.8436627446684336e-08
NIRSpec_G395H,3.268399480789702,1.022544225686289,2.847496348992382e-08
NIRSpec_G395H,3.2690759504527875,1.0006241581677315,2.7864551630359826e-08
NIRSpec_G395H,3.2697523855717643,1.0186688060732478,2.8367044018846254e-08
NIRSpec_G395H,3.270428863496898,1.0214675189642102,2.8444980254157197e-08
NIRSpec_G395H,3.2711052637832827,1.0159576890604773,2.8291547080898427e-08
NIRSpec_G395H,3.271781756142835,1.0248519219464565,2.853922630135381e-08
NIRSpec_G395H,3.272458155265187,1.0227178162754889,2.8479797496674328e-08
NIRSpec_G395H,3.273134632034842,1.0253247237678282,2.855239249432947e-08
NIRSpec_G395H,3.2738110303836465,1.0238473129401806,2.8511250782978403e-08
NIRSpec_G395H,3.2744874519071945,1.0162220320868571,2.8298908286248668e-08
NIRSpec_G395H,3.2751638937480223,1.0098466423752726,2.81213717213636e-08
NIRSpec_G395H,3.275840256584287,1.0125993110259006,2.8198025754859196e-08
NIRSpec_G395H,3.2765166529961847,1.023343703491214,2.8497226684741593e-08
NIRSpec_G395H,3.2771931170435558,1.0135999688611512,2.822589124430103e-08
NIRSpec_G395H,3.2778694897958274,1.0087880434078509,2.809189273532994e-08
NIRSpec_G395H,3.2785458733871145,1.0143147948827997,2.824579712646904e-08
NIRSpec_G395H,3.2792222455564874,1.0085942410233875,2.808649588726877e-08
NIRSpec_G395H,3.27989862779469,1.0131962927129534,2.8214650005738492e-08
NIRSpec_G395H,3.280574999380241,1.0119154556285928,2.817898231695053e-08
NIRSpec_G395H,3.281251380266617,1.000354809015692,2.785705101857434e-08
NIRSpec_G395H,3.281927751267422,1.0002930211025913,2.785533040001774e-08
NIRSpec_G395H,3.2826040967434333,1.0041288555920542,2.7962147537406138e-08
NIRSpec_G395H,3.283280467158569,1.0110450092893573,2.8154742849251188e-08
NIRSpec_G395H,3.28395679031836,1.0209380069254275,2.8430234842083025e-08
NIRSpec_G395H,3.284633147054013,1.0141368101835493,2.8240840756186357e-08
NIRSpec_G395H,3.285309469245977,1.0021534442529552,2.7907137920858083e-08
NIRSpec_G395H,3.285985825013886,1.00325269342853,2.793774890017276e-08
NIRSpec_G395H,3.286662180297984,1.0161986537948524,2.8298257266963072e-08
NIRSpec_G395H,3.2873384669787193,1.0181226628801898,2.8351835476181844e-08
NIRSpec_G395H,3.2880147872355256,1.0173018742667117,2.832897883564285e-08
NIRSpec_G395H,3.2886910873677686,1.0178929780397843,2.8345439403248816e-08
NIRSpec_G395H,3.2893673922383235,1.0267811853642623,2.859295082886517e-08
NIRSpec_G395H,3.290043745103992,1.0229937935403015,2.8487482682646908e-08
NIRSpec_G395H,3.290720029366504,1.0125991573795068,2.819802147624186e-08
NIRSpec_G395H,3.291396328316157,1.00277249260742,2.7924376665989187e-08
NIRSpec_G395H,3.2920725777391264,1.0027271717718673,2.7923114608950208e-08
NIRSpec_G395H,3.2927488607381825,0.9997373074697083,2.7839855347682888e-08
NIRSpec_G395H,3.2934251091937705,1.010035525980526,2.8126631595341004e-08
NIRSpec_G395H,3.2941013912255284,1.0139215327354532,2.8234845888364742e-08
NIRSpec_G395H,3.294777656669486,1.0085828889423158,2.80861797639306e-08
NIRSpec_G395H,3.295453937548215,0.9987654073830424,2.7812790680171716e-08
NIRSpec_G395H,3.2961301838839137,0.9962337372000049,2.7742290828703542e-08
NIRSpec_G395H,3.296806446397495,0.9948961226856122,2.7705042049135735e-08
NIRSpec_G395H,3.297482674738283,0.9935783799450892,2.766834664224483e-08
NIRSpec_G395H,3.2981588859343396,0.9988194856833803,2.7814296607826517e-08
NIRSpec_G395H,3.2988351307065784,0.9577316719717954,2.6670117250172882e-08
NIRSpec_G395H,3.299511374995244,1.0085191568832588,2.8084405006409894e-08
NIRSpec_G395H,3.3001876012166322,1.0048426561264299,2.798202486265512e-08
NIRSpec_G395H,3.3008638443545553,1.0084252986685585,2.8081791320693737e-08
NIRSpec_G395H,3.301540087009298,1.0002775806459019,2.78549004269863e-08
NIRSpec_G395H,3.302216295121106,0.9956670647593504,2.77265106045792e-08
NIRSpec_G395H,3.3028925027498137,0.9986174002576653,2.7808669100502598e-08
NIRSpec_G395H,3.3035685921558895,1.000149789368176,2.785134180147537e-08
NIRSpec_G395H,3.3042448330606766,0.9952975836886644,2.771622160217352e-08
NIRSpec_G395H,3.3049210734822165,1.0020171024931868,2.7903341188615088e-08
NIRSpec_G395H,3.3055972943746745,1.0022621423908602,2.791016485644729e-08
NIRSpec_G395H,3.3062733485169273,0.9986724627421559,2.7810202434901394e-08
NIRSpec_G395H,3.306949553429164,1.0047355266077462,2.7979041608672964e-08
NIRSpec_G395H,3.307625791918112,1.005185250570749,2.7991565148589736e-08
NIRSpec_G395H,3.30830192774462,1.0000763728723014,2.7849297359790534e-08
NIRSpec_G395H,3.308978029028325,0.9956445322759688,2.7725883138670625e-08
NIRSpec_G395H,3.3096542521395085,0.999529305753194,2.783406308839981e-08
NIRSpec_G395H,3.310330332326264,1.0023526161548602,2.7912684294787442e-08
NIRSpec_G395H,3.311006500280782,1.0055534419292778,2.8001818236160958e-08
NIRSpec_G395H,3.3116826884224317,1.0161807651820896,2.8297759119711824e-08
NIRSpec_G395H,3.3123587325619264,1.0091424627937051,2.8101762312428717e-08
NIRSpec_G395H,3.3130349200959284,0.9976373406299365,2.7781377212859502e-08
NIRSpec_G395H,3.3137109629120043,0.9999367563540437,2.7845409434789235e-08
NIRSpec_G395H,3.314387149837431,0.9959842377490304,2.77353429749298e-08
NIRSpec_G395H,3.315063191331334,0.9898184361684829,2.7563642846483646e-08
NIRSpec_G395H,3.31573937764726,0.9830082086259818,2.737399727834146e-08
NIRSpec_G395H,3.3164154056784034,0.9899288197417849,2.7566716716679877e-08
NIRSpec_G395H,3.3170915694659358,0.9670335116155366,2.6929147165545873e-08
NIRSpec_G395H,3.3177675965315205,0.9650069630736674,2.6872713522588713e-08
NIRSpec_G395H,3.3184437252937764,0.9492989558719748,2.6435289966392444e-08
NIRSpec_G395H,3.319119785453758,0.8922667797536563,2.48471052288276e-08
NIRSpec_G395H,3.319795811071302,0.9212677961407478,2.565470147948255e-08
NIRSpec_G395H,3.3204719273029233,0.9726823320690156,2.7086450832354015e-08
NIRSpec_G395H,3.321147997097815,0.9780212298944552,2.7235124030869016e-08
NIRSpec_G395H,3.3218240212676733,0.9963987973418029,2.774688728663003e-08
NIRSpec_G395H,3.3225001025178282,0.9937778552058286,2.76739014638594e-08
NIRSpec_G395H,3.3231761599573146,0.9875436045618479,2.7500295222667005e-08
NIRSpec_G395H,3.323852193061904,0.9919468037226995,2.7622911860847092e-08
NIRSpec_G395H,3.324528181242272,0.9889349537828999,2.7539040361777832e-08
NIRSpec_G395H,3.3252042272004907,0.9870063882730528,2.7485335269028456e-08
NIRSpec_G395H,3.325880248649715,0.987104780513688,2.7488075214538293e-08
NIRSpec_G395H,3.3265563036762194,0.9840373556770329,2.74026561118357e-08
NIRSpec_G395H,3.327232324160447,0.9880063599212731,2.7513181650102996e-08
NIRSpec_G395H,3.3279083101024374,0.9893247802824064,2.7549895926810634e-08
NIRSpec_G395H,3.3285842955620275,0.9823476922383454,2.735560376581654e-08
NIRSpec_G395H,3.3292603145990527,0.9773538502153367,2.7216539395095382e-08
NIRSpec_G395H,3.329936299093958,0.9741721692315128,2.7127938581971466e-08
NIRSpec_G395H,3.3306122831065794,0.9877520444027361,2.750609968247426e-08
NIRSpec_G395H,3.3312882666369563,0.9875079017407135,2.749930100011628e-08
NIRSpec_G395H,3.3319642156253297,0.9898771535863546,2.7565277960435807e-08
NIRSpec_G395H,3.3326401981913327,0.9899806117230514,2.756815897681747e-08
NIRSpec_G395H,3.333316180275208,0.9802802929450507,2.729803254501565e-08
NIRSpec_G395H,3.333992127817196,0.9831961062760883,2.7379229696257695e-08
NIRSpec_G395H,3.33466810893693,0.9853212443385292,2.7438408778412735e-08
NIRSpec_G395H,3.335344055514855,0.995197119441206,2.771342395713621e-08
NIRSpec_G395H,3.336019994497625,0.9974908629377244,2.777729822357664e-08
NIRSpec_G395H,3.3366959402809786,0.9919017315968733,2.7621656729670292e-08
NIRSpec_G395H,3.337371885582165,0.9903884189775434,2.7579515255001714e-08
NIRSpec_G395H,3.3380477963414252,0.9570911763585599,2.6652281259568078e-08
NIRSpec_G395H,3.338723706618595,0.9506438927256158,2.6472742652390426e-08
NIRSpec_G395H,3.33939965047351,0.9719579255030091,2.7066278159132912e-08
NIRSpec_G395H,3.3400755597866145,0.97279373401468,2.7089553061339144e-08
NIRSpec_G395H,3.3407514686177437,0.9772818697745175,2.7214534943480644e-08
NIRSpec_G395H,3.34142734290714,0.9795808266041708,2.7278554386498234e-08
NIRSpec_G395H,3.3421032507744344,0.9799908966100567,2.728997367590655e-08
NIRSpec_G395H,3.3427791527278807,0.9813158087034508,2.7326868728989888e-08
NIRSpec_G395H,3.3434550310036824,0.9834886866769244,2.7387377232591472e-08
NIRSpec_G395H,3.344130903365713,0.9796933271325841,2.728168720790458e-08
NIRSpec_G395H,3.344806770313093,0.9753191875631292,2.7159879797123434e-08
NIRSpec_G395H,3.345482646644575,0.9694678506823593,2.699693662081696e-08
NIRSpec_G395H,3.3461585470197437,0.9588814361846781,2.67021349303489e-08
NIRSpec_G395H,3.3468343879967577,0.9796720983830681,2.7281096047295367e-08
NIRSpec_G395H,3.347510287738987,0.9887234036500991,2.75331492891411e-08
NIRSpec_G395H,3.3481860933627674,0.9813473038177345,2.732774577881014e-08
NIRSpec_G395H,3.3488619584113324,0.9747000643581607,2.714263896761759e-08
NIRSpec_G395H,3.3495377589650626,0.975119416294232,2.7154316732519196e-08
NIRSpec_G395H,3.350213593096877,0.9696679500661952,2.700250882249387e-08
NIRSpec_G395H,3.350889426747017,0.9564215957294849,2.663363533356554e-08
NIRSpec_G395H,3.351565259915519,0.9627140362263197,2.680886199751705e-08
NIRSpec_G395H,3.3522410926024215,0.9569909249854734,2.664948954247972e-08
NIRSpec_G395H,3.3529168566881675,0.9493871941404163,2.6437747152506423e-08
NIRSpec_G395H,3.3535926884119833,0.9657408871089328,2.6893151230399867e-08
NIRSpec_G395H,3.3542685196543127,0.9705575601435954,2.702728194607905e-08
NIRSpec_G395H,3.3549442822955986,0.9566414714720696,2.6639758250878203e-08
NIRSpec_G395H,3.3556200762030373,0.9647453126077588,2.686542729742924e-08
NIRSpec_G395H,3.3562958380430308,0.9753095530463977,2.7159611503092444e-08
NIRSpec_G395H,3.356971635450727,0.9897224292709739,2.7560969326030765e-08
NIRSpec_G395H,3.3576473961665894,0.9825582359273721,2.7361466811841808e-08
NIRSpec_G395H,3.3583232228529094,0.9626343453859735,2.680664283309136e-08
NIRSpec_G395H,3.3589989487069016,0.9335271893295358,2.5996090892957613e-08
NIRSpec_G395H,3.359674708139232,0.9525325418128094,2.6525336185708776e-08
NIRSpec_G395H,3.360350467090142,0.9719551304224566,2.7066200324047952e-08
NIRSpec_G395H,3.3610261914998714,0.9716151352287296,2.7056732419887982e-08
NIRSpec_G395H,3.3617019154282537,0.9724199288221317,2.7079143644374306e-08
NIRSpec_G395H,3.3623776729351236,0.9772800192933558,2.721448341281606e-08
NIRSpec_G395H,3.3630533959009243,0.9723447893901584,2.7077051223794007e-08
NIRSpec_G395H,3.363729118385489,0.9591224865099279,2.670884749987724e-08
NIRSpec_G395H,3.364404840388855,0.9393110127288357,2.6157154009828375e-08
NIRSpec_G395H,3.365080561911059,0.9639609250343307,2.6843584322862223e-08
NIRSpec_G395H,3.3657562488923416,0.9650620646939566,2.687424794680877e-08
NIRSpec_G395H,3.3664319694523326,0.9633028395920531,2.682525850528741e-08
NIRSpec_G395H,3.3671076895312724,0.9663705468582696,2.6910685472854178e-08
NIRSpec_G395H,3.3677833750694006,0.968336820602721,2.696544063324528e-08
NIRSpec_G395H,3.368459060126551,0.9659394704812471,2.6898681215445314e-08
NIRSpec_G395H,3.369134711509333,0.9514297355278063,2.649462615096104e-08
NIRSpec_G395H,3.369810394738267,0.9538690211875487,2.656255335484901e-08
NIRSpec_G395H,3.3704861124125007,0.9590300278161858,2.6706272786859947e-08
NIRSpec_G395H,3.371161761486308,0.945014688838124,2.6315985251441744e-08
NIRSpec_G395H,3.3718373775086627,0.962209729762887,2.67948184893995e-08
NIRSpec_G395H,3.372513059835732,0.9654462996289016,2.6884947802589352e-08
NIRSpec_G395H,3.3731887398829024,0.9715018705565978,2.705357831924115e-08
NIRSpec_G395H,3.3738643208675385,0.9637321290418353,2.6837213001828578e-08
NIRSpec_G395H,3.3745400017517406,0.972131615774486,2.7071114941752795e-08
NIRSpec_G395H,3.375215648095263,0.9700335090649495,2.7012688606293397e-08
NIRSpec_G395H,3.375891225838344,0.9608815272187824,2.6757831806573905e-08
NIRSpec_G395H,3.376566871220209,0.9611294330444057,2.6764735282390637e-08
NIRSpec_G395H,3.3772424820615017,0.9630581503370267,2.681844460186081e-08
NIRSpec_G395H,3.3779180924220564,0.963780347646908,2.6838555753549716e-08
NIRSpec_G395H,3.3785937363617062,0.9640219702541503,2.6845284259512328e-08
NIRSpec_G395H,3.3792693117010963,0.961315300139756,2.676991115510218e-08
NIRSpec_G395H,3.379944920619653,0.9648416563842376,2.686811019900826e-08
NIRSpec_G395H,3.380620494997818,0.9732236106451483,2.7101523909201046e-08
NIRSpec_G395H,3.3812960725302896,0.9664263965338081,2.6912240728296375e-08
NIRSpec_G395H,3.3819716763723053,0.9438907922895022,2.6284687912525203e-08
NIRSpec_G395H,3.3826471510665983,0.9580586801074783,2.6679223501512017e-08
NIRSpec_G395H,3.383322821765049,0.9679154238420654,2.695370592576465e-08
NIRSpec_G395H,3.383998329859417,0.9766071456690161,2.7195745786212626e-08
NIRSpec_G395H,3.384673901504937,0.9517128180492446,2.650250919822697e-08
NIRSpec_G395H,3.3853495021913425,0.9514129549817069,2.6494158860231193e-08
NIRSpec_G395H,3.386024975234579,0.9357856298885042,2.6058982072473717e-08
NIRSpec_G395H,3.386700477318772,0.9506718720679298,2.647352179790888e-08
NIRSpec_G395H,3.3873761151616466,0.9543098405422084,2.6574828926618204e-08
NIRSpec_G395H,3.388051616284862,0.9619462200433578,2.6787480489287283e-08
NIRSpec_G395H,3.3887270828678453,0.965328083937452,2.6881655830062974e-08
NIRSpec_G395H,3.3894025830302255,0.9594257510497748,2.6717292559252674e-08
NIRSpec_G395H,3.3900781848916317,0.9527761136887594,2.6532118973289617e-08
NIRSpec_G395H,3.3907536898211155,0.9486679907458564,2.6417719372888208e-08
NIRSpec_G395H,3.3914291828147096,0.9485576464454091,2.6414646596329864e-08
NIRSpec_G395H,3.392104646996045,0.9523730785706241,2.6520895585600585e-08
NIRSpec_G395H,3.392780110697157,0.9536958777507809,2.655773180002856e-08
NIRSpec_G395H,3.3934555739180805,0.9576843317124328,2.6668798957894572e-08
NIRSpec_G395H,3.3941310707186476,0.9590734786955066,2.670748277090874e-08
NIRSpec_G395H,3.394806601098893,0.9531509578319727,2.6542557322090862e-08
NIRSpec_G395H,3.395482069633945,0.9301333012941597,2.590158071386843e-08
NIRSpec_G395H,3.396157531080058,0.9017729829501504,2.511182609091676e-08
NIRSpec_G395H,3.396832992045889,0.9254407076015336,2.5770905256793803e-08
NIRSpec_G395H,3.397508452531472,0.9305368280273837,2.5912817791646703e-08
NIRSpec_G395H,3.3981838784770453,0.9380138017535466,2.612103035450648e-08
NIRSpec_G395H,3.398859338002238,0.9421278832957624,2.623559588503944e-08
NIRSpec_G395H,3.399534694867896,0.9351067084977815,2.6040076032688118e-08
NIRSpec_G395H,3.4002101534328375,0.915417694270153,2.54917926947151e-08
NIRSpec_G395H,3.400885577457907,0.9277199781341804,2.583437649214034e-08
NIRSpec_G395H,3.4015610350627354,0.9483616217402732,2.6409187862925818e-08
NIRSpec_G395H,3.402236458127762,0.9537937835332455,2.6560458199054732e-08
NIRSpec_G395H,3.402911854994248,0.9502385235390043,2.6461454267498365e-08
NIRSpec_G395H,3.403587243182209,0.9393373200775993,2.61578865950572e-08
NIRSpec_G395H,3.4042626222637695,0.9204161322789653,2.563098505063697e-08
NIRSpec_G395H,3.4049380434091234,0.9301417041186959,2.5901814708756737e-08
NIRSpec_G395H,3.4056134389250086,0.9448171055561319,2.6310483116082104e-08
NIRSpec_G395H,3.4062887911327007,0.9486519882179709,2.6417273747764288e-08
NIRSpec_G395H,3.4069641677271423,0.9466070698411506,2.636032855687951e-08
NIRSpec_G395H,3.407639562227616,0.9458939695695794,2.6340470731968303e-08
NIRSpec_G395H,3.4083149129953147,0.9590696924899129,2.6707377335795677e-08
NIRSpec_G395H,3.4089902632830835,0.9681809944194072,2.6961101314935937e-08
NIRSpec_G395H,3.409665613090957,0.9533236640219424,2.6547366700825135e-08
NIRSpec_G395H,3.4103409283591724,0.9540944586799133,2.656883115115658e-08
NIRSpec_G395H,3.411016277207357,0.9447944466119272,2.6309852128597417e-08
NIRSpec_G395H,3.411691601690501,0.9508649371014196,2.6478898112831703e-08
NIRSpec_G395H,3.4123669734643824,0.9489879148769641,2.6426628354743466e-08
NIRSpec_G395H,3.4130422632051487,0.9381316991783873,2.6124313464208304e-08
NIRSpec_G395H,3.4137175996806732,0.931657461772423,2.594402427071528e-08
NIRSpec_G395H,3.4143929227988243,0.9236279573512632,2.5720425291334945e-08
NIRSpec_G395H,3.4150682580381138,0.9234269627594847,2.571482816064974e-08
NIRSpec_G395H,3.415743501347933,0.9019816431362099,2.511763668671359e-08
NIRSpec_G395H,3.416418823440709,0.9320792704334824,2.595577044845672e-08
NIRSpec_G395H,3.417094122768114,0.940361265388799,2.618640057481443e-08
NIRSpec_G395H,3.4177693760565386,0.9405223841167532,2.6190887275517235e-08
NIRSpec_G395H,3.4184446857046424,0.939898463883108,2.6173512862335504e-08
NIRSpec_G395H,3.419119926753458,0.9423341993546678,2.624134120352752e-08
NIRSpec_G395H,3.419795235442207,0.9460368319797581,2.6344449045875644e-08
NIRSpec_G395H,3.420470441471938,0.9476317428087392,2.638886279980833e-08
NIRSpec_G395H,3.421145749201466,0.9384096878133764,2.6132054661149313e-08
NIRSpec_G395H,3.421820954272042,0.9404391254739644,2.618856875788829e-08
NIRSpec_G395H,3.422496192922889,0.9428215321507157,2.6254912043033844e-08
NIRSpec_G395H,3.4231713970344444,0.9382870023501642,2.6128638218126157e-08
NIRSpec_G395H,3.4238466006665393,0.938773986628174,2.614219935239122e-08
NIRSpec_G395H,3.424521803819207,0.9427901651269653,2.6254038560172524e-08
NIRSpec_G395H,3.4251970064924797,0.9401760057320248,2.6181241617548536e-08
NIRSpec_G395H,3.425872208686393,0.9315644286780889,2.594143356226671e-08
NIRSpec_G395H,3.426547410400976,0.9282891471979168,2.5850226240153546e-08
NIRSpec_G395H,3.4272226116362656,0.9324274272285811,2.5965465630122385e-08
NIRSpec_G395H,3.4278977783324955,0.9386757855065608,2.6139464729005393e-08
NIRSpec_G395H,3.428572944549496,0.9361511349402171,2.6069160354000776e-08
NIRSpec_G395H,3.429248089932605,0.9223415116444813,2.568460141828163e-08
NIRSpec_G395H,3.4299232893832134,0.9440913226246312,2.629027211497629e-08
NIRSpec_G395H,3.430598454294626,0.9416507199860392,2.6222308236953626e-08
NIRSpec_G395H,3.431273584666875,0.9441383384162793,2.62915813717468e-08
NIRSpec_G395H,3.4319487486195888,0.9348609774468013,2.603323311819187e-08
NIRSpec_G395H,3.432623843973407,0.9418512964158802,2.6227893723012018e-08
NIRSpec_G395H,3.4332990410273494,0.7988999608260917,2.224710349457657e-08
NIRSpec_G395H,3.4339741354226643,0.9398183807289983,2.6171282773081512e-08
NIRSpec_G395H,3.4346492781535387,0.9347369741347893,2.6029779976808375e-08
NIRSpec_G395H,3.4353243908953135,0.9383014856413883,2.61290415368076e-08
NIRSpec_G395H,3.4359995519727122,0.9389667065766755,2.6147566057673505e-08
NIRSpec_G395H,3.4366746255358573,0.9295551593146041,2.58854810955377e-08
NIRSpec_G395H,3.4373497023912387,0.9229234669913586,2.5700807228102695e-08
NIRSpec_G395H,3.43802477525445,0.9286636110732095,2.5860653999569136e-08
NIRSpec_G395H,3.4386999345443097,0.925260569447414,2.5765888918886016e-08
NIRSpec_G395H,3.439374975516001,0.9263922507941504,2.5797403042403676e-08
NIRSpec_G395H,3.440050081387342,0.9250334967134998,2.5759565585728055e-08
NIRSpec_G395H,3.4407251552044005,0.9228276435145892,2.5698138815398438e-08
NIRSpec_G395H,3.4414002263136556,0.9251889580596891,2.5763894744355757e-08
NIRSpec_G395H,3.4420752469684266,0.9230698272753025,2.570488294789748e-08
NIRSpec_G395H,3.44275033526371,0.927519171663475,2.5828784600094752e-08
NIRSpec_G395H,3.4434253890201436,0.9300653639643904,2.5899688851456822e-08
NIRSpec_G395H,3.44410040823776,0.9327831276648566,2.5975370880850782e-08
NIRSpec_G395H,3.4447754610361874,0.9293901832396375,2.588088697863461e-08
NIRSpec_G395H,3.445450513355657,0.9366992950590118,2.608442506234025e-08
NIRSpec_G395H,3.4461255311364063,0.9338728441002361,2.600571640032303e-08
NIRSpec_G395H,3.446800548438264,0.9315757697504607,2.5941749379043738e-08
NIRSpec_G395H,3.4474755652612603,0.9250736712578888,2.5760684333119086e-08
NIRSpec_G395H,3.4481505648502755,0.9317404949011235,2.5946336508414937e-08
NIRSpec_G395H,3.4488255634110003,0.9245688035725478,2.5746625196559318e-08
NIRSpec_G395H,3.4495006128574004,0.9272730237016144,2.5821930075810096e-08
NIRSpec_G395H,3.450175593705473,0.9263324029451182,2.579573644914215e-08
NIRSpec_G395H,3.45085059187658,0.9224622794580996,2.5687964460189407e-08
NIRSpec_G395H,3.4515255718908833,0.9232924007334198,2.571108098895479e-08
NIRSpec_G395H,3.452200517366481,0.9260274195826977,2.5787243525421293e-08
NIRSpec_G395H,3.4528754964230006,0.9245946572619677,2.574734514865901e-08
NIRSpec_G395H,3.453550440940877,0.9252947140148621,2.576683974848051e-08
NIRSpec_G395H,3.4542253849799414,0.9184734863260101,2.557688785738636e-08
NIRSpec_G395H,3.4549003626000196,0.9172848339757957,2.5543787252616087e-08
NIRSpec_G395H,3.4555753243429046,0.9182360442220807,2.557027576661266e-08
NIRSpec_G395H,3.4562502330076508,0.9169846545613785,2.5535428105254786e-08
NIRSpec_G395H,3.4569251752532377,0.9203847397296003,2.5630110856959506e-08
NIRSpec_G395H,3.4576001170198993,0.9170330452658213,2.5536775649456444e-08
NIRSpec_G395H,3.458275058307667,0.7449687863519586,2.074527287880153e-08
NIRSpec_G395H,3.458949979849225,0.9234208966028429,2.5714659235350903e-08
NIRSpec_G395H,3.4596249200589004,0.9125563431416848,2.5412112161718788e-08
NIRSpec_G395H,3.4602998597900414,0.9137988893122961,2.5446713556899477e-08
NIRSpec_G395H,3.4609747649828826,0.9136123998501208,2.5441520353032784e-08
NIRSpec_G395H,3.4616496553847855,0.9226670745800042,2.569366742488537e-08
NIRSpec_G395H,3.4623244575606487,0.9314502270075831,2.5938253368866313e-08
NIRSpec_G395H,3.462999395497022,0.9258959150205822,2.5783581495446515e-08
NIRSpec_G395H,3.463674332954748,0.920572604541856,2.5635342360434506e-08
NIRSpec_G395H,3.4643492018142616,0.916192985549398,2.551338236322625e-08
NIRSpec_G395H,3.4650239680157986,0.9107725255211703,2.5362437888136398e-08
NIRSpec_G395H,3.4656989040377644,0.9093039462158091,2.5321542109693026e-08
NIRSpec_G395H,3.4663738055214073,0.9067218812202313,2.5249638905283123e-08
NIRSpec_G395H,3.4670485362275696,0.9167617419547157,2.5529220619870077e-08
NIRSpec_G395H,3.46772347081405,0.9178979779198494,2.5560861576623226e-08
NIRSpec_G395H,3.4683983368025006,0.9211460267933593,2.5651310547693018e-08
NIRSpec_G395H,3.4690731001331567,0.9217007546437836,2.5666758148775576e-08
NIRSpec_G395H,3.469748020386272,0.9198162144606032,2.561427903680823e-08
NIRSpec_G395H,3.4704227275387685,0.9158985939300115,2.550518438958052e-08
NIRSpec_G395H,3.4710976470672064,0.9090761205674143,2.5315197809997082e-08
NIRSpec_G395H,3.4717723530311253,0.9067772798952652,2.525118160163733e-08
NIRSpec_G395H,3.4724472718339388,0.9142888232860513,2.5460356831845155e-08
NIRSpec_G395H,3.4731219766104675,0.9166467001766541,2.552601703185126e-08
NIRSpec_G395H,3.473796860626913,0.9141334432537014,2.545602993757781e-08
NIRSpec_G395H,3.474471586186145,0.9144786670726036,2.546564344415499e-08
NIRSpec_G395H,3.4751464475061646,0.9036774587389071,2.5164860353093435e-08
NIRSpec_G395H,3.475821172108625,0.914457270288681,2.546504760426299e-08
NIRSpec_G395H,3.4764959079816675,0.9131026470545796,2.542732517997591e-08
NIRSpec_G395H,3.4771707561177414,0.9223669748073988,2.568531049532319e-08
NIRSpec_G395H,3.4778454792852678,0.9087019003176049,2.530477683486189e-08
NIRSpec_G395H,3.478520201974543,0.917968854043687,2.5562835276134586e-08
NIRSpec_G395H,3.4791950263649865,0.9076116375685315,2.5274416102099008e-08
NIRSpec_G395H,3.4798697480978458,0.9105859672565141,2.5357242768315285e-08
NIRSpec_G395H,3.480544469352542,0.9042557931851115,2.5180965331075762e-08
NIRSpec_G395H,3.481219156069307,0.8992618152333862,2.5041897175124443e-08
NIRSpec_G395H,3.481893933638612,0.9028425620397788,2.514161084228662e-08
NIRSpec_G395H,3.4825686876301143,0.9064957394710733,2.5243341497416484e-08
NIRSpec_G395H,3.48324337302371,0.9174668560726339,2.554885605299814e-08
NIRSpec_G395H,3.4839181025143993,0.9135154620824368,2.543882091047934e-08
NIRSpec_G395H,3.4845927868409357,0.9056372228393722,2.5219434238317962e-08
NIRSpec_G395H,3.485267470689514,0.9012615076063412,2.5097582949764415e-08
NIRSpec_G395H,3.485942154060163,0.9103610955148508,2.5350980726564004e-08
NIRSpec_G395H,3.4866168369529125,0.8890378530421926,2.4757188755866386e-08
NIRSpec_G395H,3.487291519367791,0.9073774822425663,2.5267895538791975e-08
NIRSpec_G395H,3.487966191448382,0.9040606737623859,2.517553180722543e-08
NIRSpec_G395H,3.488640873016529,0.9049502623015536,2.5200304331031777e-08
NIRSpec_G395H,3.4893155200468278,0.9006373582785645,2.508020215695932e-08
NIRSpec_G395H,3.489990200658903,0.9010471258974504,2.5091613025745262e-08
NIRSpec_G395H,3.490664846733188,0.8992189589130621,2.504070374786146e-08
NIRSpec_G395H,3.4913394923295087,0.8957133850135583,2.4943083433461263e-08
NIRSpec_G395H,3.4920141715076913,0.8895872064903095,2.4772486695051064e-08
NIRSpec_G395H,3.492688772988794,0.895566763918698,2.4939000450820395e-08
NIRSpec_G395H,3.4933634172584536,0.9022590045950712,2.5125360418573977e-08
NIRSpec_G395H,3.4940380018161328,0.9081104783356474,2.5288307406038822e-08
NIRSpec_G395H,3.4947126450230646,0.3956736063409159,1.101839041428479e-08
NIRSpec_G395H,3.4953872450194603,0.9081876298966861,2.529045585872046e-08
NIRSpec_G395H,3.4960618533170305,0.9009299394983803,2.5088349716099367e-08
NIRSpec_G395H,3.4967364695978262,0.9037364544098306,2.5166503215605795e-08
NIRSpec_G395H,3.497411068478195,0.9033587025476664,2.5155983895058893e-08
NIRSpec_G395H,3.4980856072222513,0.46103050111570515,1.2838395012401676e-08
NIRSpec_G395H,3.4987602136079845,0.8986457276236335,2.5024740878356418e-08
NIRSpec_G395H,3.49943481951583,0.8970720080418731,2.4980917240700132e-08
NIRSpec_G395H,3.500109390886017,0.8968306253213261,2.4974195414903246e-08
NIRSpec_G395H,3.5007839617783723,0.9002148294639373,2.506843592497862e-08
NIRSpec_G395H,3.5014584981331263,0.9021100304121684,2.5121211909088968e-08
NIRSpec_G395H,3.5021330680699014,0.9011426768904646,2.5094273850547903e-08
NIRSpec_G395H,3.5028075959474614,0.8969689974176956,2.4978048686275936e-08
NIRSpec_G395H,3.503482172450438,0.8928507519030948,2.4863367200893633e-08
NIRSpec_G395H,3.5041566995784468,0.8953277041247497,2.4932343311956773e-08
NIRSpec_G395H,3.504831172740814,0.9009098471101717,2.5087790199937335e-08
NIRSpec_G395H,3.5055057331781176,0.896977716935054,2.497829150016329e-08
NIRSpec_G395H,3.5061802662910244,0.8994661614845889,2.5047587640041396e-08
NIRSpec_G395H,3.506854771773563,0.8942345424274175,2.4901901851687193e-08
NIRSpec_G395H,3.5075292629637302,0.8979907358391456,2.500650121039783e-08
NIRSpec_G395H,3.5082037946431783,0.8861602075385664,2.4677054470625366e-08
NIRSpec_G395H,3.5088782236654716,0.896050316899285,2.4952466033160774e-08
NIRSpec_G395H,3.5095527543894187,0.8989225137477737,2.503244858877268e-08
NIRSpec_G395H,3.510227216516062,0.8977307876610073,2.499926238913629e-08
NIRSpec_G395H,3.5109017122248214,0.8992123318743029,2.5040519203582616e-08
NIRSpec_G395H,3.511576173396129,0.8987257246731668,2.502696856984158e-08
NIRSpec_G395H,3.5122506340898085,0.8974918987381065,2.499261000854788e-08
NIRSpec_G395H,3.512925122362044,0.898303361536946,2.501520695153573e-08
NIRSpec_G395H,3.513599554044396,0.8891500481027759,2.4760313070857957e-08
NIRSpec_G395H,3.5142739792455613,0.8855877939383594,2.4661114371451573e-08
NIRSpec_G395H,3.514948438029005,0.8927944639006848,2.4861799739288275e-08
NIRSpec_G395H,3.5156228963349574,0.8963510824408255,2.4960841502504063e-08
NIRSpec_G395H,3.5162973201036487,0.893214705734642,2.4873502285328116e-08
NIRSpec_G395H,3.5169717433949024,0.8902815080628715,2.4791821029384066e-08
NIRSpec_G395H,3.5176461662087464,0.8893915678787371,2.4767038713260344e-08
NIRSpec_G395H,3.5183205544854106,0.8857946858332932,2.4666875725343772e-08
NIRSpec_G395H,3.5189949712229693,0.8772399596082006,2.4428650804791005e-08
NIRSpec_G395H,3.519669392701425,0.8857137808849502,2.4664622751445575e-08
NIRSpec_G395H,3.5203437796425154,0.8872549446136725,2.4707539800708564e-08
NIRSpec_G395H,3.5210181661060647,0.8910502201145791,2.481322748502362e-08
NIRSpec_G395H,3.5216925861518953,0.8943171861682976,2.490420324603779e-08
NIRSpec_G395H,3.5223669035408465,0.8791454104662234,2.4481712219887872e-08
NIRSpec_G395H,3.523041288571929,0.8745866320414577,2.4354763139405085e-08
NIRSpec_G395H,3.523715673125577,0.8757449733672056,2.438701966790624e-08
NIRSpec_G395H,3.524390023142019,0.8910050682604708,2.4811970133639748e-08
NIRSpec_G395H,3.5250643726810793,0.8835632422668059,2.4604736335682746e-08
NIRSpec_G395H,3.525738751635892,0.8788614110280196,2.4473803639084352e-08
NIRSpec_G395H,3.5264131043869527,0.8795520702244195,2.449303654354701e-08
NIRSpec_G395H,3.527087384374429,0.8872281756385247,2.4706794360491066e-08
NIRSpec_G395H,3.5277617621786086,0.8852389831109161,2.4651400976835636e-08
NIRSpec_G395H,3.5284360791567644,0.8871467703663379,2.4704527453989443e-08
NIRSpec_G395H,3.5291103880730645,0.8830091193763034,2.458930558102233e-08
NIRSpec_G395H,3.529784703910607,0.8870252938552292,2.4701144676861752e-08
NIRSpec_G395H,3.5304589779978666,0.8890206824750227,2.4756710604153256e-08
NIRSpec_G395H,3.531133323333832,0.8820688454709219,2.4563121613176543e-08
NIRSpec_G395H,3.531807566013019,0.8771317525902749,2.442563754550364e-08
NIRSpec_G395H,3.532481910394238,0.883854933427565,2.4612859109196405e-08
NIRSpec_G395H,3.533156152118732,0.8830119644268017,2.4589384807628898e-08
NIRSpec_G395H,3.533830495545307,0.888971146857431,2.4755331177359827e-08
NIRSpec_G395H,3.53450473631521,0.8860021836671923,2.46726539529217e-08
NIRSpec_G395H,3.535178942548058,0.49540579873066887,1.379564978921527e-08
NIRSpec_G395H,3.535853284542863,0.8747321168163216,2.435881447874917e-08
NIRSpec_G395H,3.536527523881071,0.8777479616219546,2.444279722352878e-08
NIRSpec_G395H,3.53720172607792,0.8800875660177848,2.4507948586255822e-08
NIRSpec_G395H,3.53787603518577,0.8787877665682909,2.4471752849251177e-08
NIRSpec_G395H,3.5385502390327175,0.8757976508612261,2.4388486587068556e-08
NIRSpec_G395H,3.5392244741257133,0.8759014193901636,2.4391376246995897e-08
NIRSpec_G395H,3.539898643047397,0.8797230463154186,2.449779774392011e-08
NIRSpec_G395H,3.540572947730951,0.8752323699890311,2.4372745114188492e-08
NIRSpec_G395H,3.541247151829116,0.8744718108993785,2.435156569547411e-08
NIRSpec_G395H,3.541921353290799,0.8719068761566015,2.428013952013622e-08
NIRSpec_G395H,3.5425955523797827,0.8740637471337975,2.4340202274181812e-08
NIRSpec_G395H,3.543269718915129,0.8704647713120995,2.423998098052071e-08
NIRSpec_G395H,3.543943884973282,0.8789814535664784,2.4477146484131036e-08
NIRSpec_G395H,3.5446180505542686,0.8831699446450154,2.4593784109715558e-08
NIRSpec_G395H,3.5452922156581126,0.8811290309076755,2.453695043670955e-08
NIRSpec_G395H,3.5459663802848396,0.8892583516441884,2.4763329018051325e-08
NIRSpec_G395H,3.546640544434475,0.887078202489755,2.470261803263315e-08
NIRSpec_G395H,3.547314708107043,0.8852751338457331,2.465240767251509e-08
NIRSpec_G395H,3.5479888713025685,0.8801951520009039,2.4510944551480982e-08
NIRSpec_G395H,3.548663034021076,0.8747452376698692,2.4359179857396214e-08
NIRSpec_G395H,3.549337196262591,0.8749268365690628,2.4364236872921267e-08
NIRSpec_G395H,3.5500113580271377,0.878019626948306,2.4450362334215454e-08
NIRSpec_G395H,3.550685518450179,0.8807303323187889,2.452584780909028e-08
NIRSpec_G395H,3.551359645285272,0.8782618856861343,2.4457108554615012e-08
NIRSpec_G395H,3.5520337716432056,0.8819339806185574,2.4559366008625964e-08
NIRSpec_G395H,3.552707761897553,0.8784205655656492,2.4461527340289282e-08
NIRSpec_G395H,3.5533819207483006,0.8824885649152902,2.4574809612144387e-08
NIRSpec_G395H,3.5540560456749017,0.8818397930446603,2.4556743151188062e-08
NIRSpec_G395H,3.554730170124442,0.8755951100077233,2.438284639736934e-08
NIRSpec_G395H,3.5554041581384372,0.8756021505854895,2.4383042457539455e-08
NIRSpec_G395H,3.5560783154130413,0.8732730204259999,2.4318182772658602e-08
NIRSpec_G395H,3.5567524043717427,0.8801896408161508,2.4510791080579002e-08
NIRSpec_G395H,3.5574264587592594,0.8752925484576654,2.437442091427048e-08
NIRSpec_G395H,3.5581005127386818,0.8745707743781005,2.4354321548348395e-08
NIRSpec_G395H,3.558774600266561,0.8758025210147156,2.4388622207063583e-08
NIRSpec_G395H,3.559448585138156,0.8648757867584481,2.408434357422255e-08
NIRSpec_G395H,3.5601227057720704,0.8695235726189798,2.4213771259953016e-08
NIRSpec_G395H,3.560796655630154,0.8704901801382255,2.4240688544436368e-08
NIRSpec_G395H,3.561470775310402,0.8800649288208525,2.4507318204371138e-08
NIRSpec_G395H,3.5621447588055704,0.879563887009116,2.4493365607566294e-08
NIRSpec_G395H,3.5628188088817465,0.8789571039697854,2.4476468416758094e-08
NIRSpec_G395H,3.5634927908924854,0.8778176152807842,2.444473688084852e-08
NIRSpec_G395H,3.5641668746058883,0.8822279678261701,2.456755272054804e-08
NIRSpec_G395H,3.5648408216034007,0.8597487789056302,2.3941570911921748e-08
NIRSpec_G395H,3.5655148371705954,0.8722764029510206,2.42904297958185e-08
NIRSpec_G395H,3.566188850407599,0.8724592794969638,2.4295522390190542e-08
NIRSpec_G395H,3.5668627959751444,0.8631231060685779,2.4035536376059506e-08
NIRSpec_G395H,3.567536810346781,0.872800516401813,2.4305024872491954e-08
NIRSpec_G395H,3.568210755038715,0.8749914244095962,2.436603546153473e-08
NIRSpec_G395H,3.568884731997611,0.8729630279372446,2.4309550358942185e-08
NIRSpec_G395H,3.56955871111172,0.874999542709473,2.436626153321631e-08
NIRSpec_G395H,3.570232654373243,0.8715468269648563,2.42701131688724e-08
NIRSpec_G395H,3.570906631217806,0.8797433488252576,2.449836311137503e-08
NIRSpec_G395H,3.5715805394660403,0.8755880048017796,2.4382648537487335e-08
NIRSpec_G395H,3.5722544812973602,0.8724509103554092,2.4295289333277967e-08
NIRSpec_G395H,3.5729283903665565,0.8744446185013662,2.435080846412787e-08
NIRSpec_G395H,3.5736023635299596,0.8687722747286399,2.419284973943577e-08
NIRSpec_G395H,3.5742762698714876,0.8722580567808589,2.4289918906888307e-08
NIRSpec_G395H,3.5749502097961927,0.871226699034792,2.4261198511792833e-08
NIRSpec_G395H,3.5756241151845054,0.8698932755785218,2.422406644133552e-08
NIRSpec_G395H,3.576297986036446,0.8690189378208122,2.419971860864209e-08
NIRSpec_G395H,3.5769718586350208,0.8616393710758065,2.3994218554603388e-08
NIRSpec_G395H,3.577645762667557,0.8575774166066681,2.3881104615566845e-08
NIRSpec_G395H,3.578319666223323,0.8538354534472683,2.3776901529120356e-08
NIRSpec_G395H,3.5789935693023414,0.8654670607244659,2.4100808881220494e-08
NIRSpec_G395H,3.5796674037850407,0.8721441717884512,2.428674753207693e-08
NIRSpec_G395H,3.5803412718508336,0.8748237165775503,2.4361365272926237e-08
NIRSpec_G395H,3.58101517083726,0.8678538766594736,2.4167274951732895e-08
NIRSpec_G395H,3.581689006552401,0.8630385181463326,2.403318084175877e-08
NIRSpec_G395H,3.5823628391284226,0.869645920988867,2.421717831588084e-08
NIRSpec_G395H,3.5830366712278314,0.8689005421676329,2.4196421624690728e-08
NIRSpec_G395H,3.5837105369104463,0.875744111688285,2.4386995672586343e-08
NIRSpec_G395H,3.5843843339968973,0.8691389269930064,2.42030599675893e-08
NIRSpec_G395H,3.585058198726396,0.8692125446154774,2.4205110010080783e-08
NIRSpec_G395H,3.5857319948597755,0.8645552842605985,2.4075418486489965e-08
NIRSpec_G395H,3.5864057905166518,0.8645027829861984,2.4073956474545484e-08
NIRSpec_G395H,3.5870796197568455,0.863754991638959,2.4053132601332144e-08
NIRSpec_G395H,3.5877534178342714,0.8683009479314012,2.4179724621708773e-08
NIRSpec_G395H,3.5884272427480792,0.8667714546025107,2.4137132560060768e-08
NIRSpec_G395H,3.589101005951884,0.8592674277330784,2.3928166643705336e-08
NIRSpec_G395H,3.589774795714059,0.8640183566758614,2.4060466572442572e-08
NIRSpec_G395H,3.5904485581030676,0.8566371238621111,2.3854920123103323e-08
NIRSpec_G395H,3.5911223467745508,0.8640580060047156,2.406157069406701e-08
NIRSpec_G395H,3.5917961083477943,0.8687313472870358,2.4191710025987553e-08
NIRSpec_G395H,3.592469861869932,0.8665383477104207,2.413064119267071e-08
NIRSpec_G395H,3.5931436226264393,0.867878259867692,2.4167953955091716e-08
NIRSpec_G395H,3.5938173109313647,0.8617507271111887,2.399731950511706e-08
NIRSpec_G395H,3.5944911009391736,0.8648580362744571,2.4083849273466775e-08
NIRSpec_G395H,3.595164822350904,0.8630688171290608,2.4034024582699547e-08
NIRSpec_G395H,3.5958385432861695,0.8556007936571984,2.3826061259098115e-08
NIRSpec_G395H,3.596512263744992,0.8505698021911717,2.3685962381499857e-08
NIRSpec_G395H,3.597186017787191,0.8648983185373503,2.408497102051337e-08
NIRSpec_G395H,3.5978597032333943,0.8642285815946686,2.406632074161916e-08
NIRSpec_G395H,3.5985333926593275,0.8649981590911727,2.40877512974476e-08
NIRSpec_G395H,3.599207077218211,0.8664709789662569,2.4128765163759456e-08
NIRSpec_G395H,3.5998807907736117,0.8640920409260568,2.4062518470327664e-08
NIRSpec_G395H,3.600554508374221,0.8616056479247013,2.3993279460261684e-08
NIRSpec_G395H,3.6012281573789418,0.86004932505356,2.3949940271773737e-08
NIRSpec_G395H,3.601901805907388,0.8513458686897379,2.370757363767569e-08
NIRSpec_G395H,3.602575526923824,0.852726280294152,2.374601419511014e-08
NIRSpec_G395H,3.603249174563616,0.8619255605636696,2.4002188122093376e-08
NIRSpec_G395H,3.6039228217269312,0.8580190919084353,2.389340402304116e-08
NIRSpec_G395H,3.6045964684117413,0.8620390771354387,2.400534923743238e-08
NIRSpec_G395H,3.6052701146198696,0.8667881212200679,2.4137596678203066e-08
NIRSpec_G395H,3.60594376035158,0.8667667037756551,2.413700026297487e-08
NIRSpec_G395H,3.606617371547095,0.8604907101207688,2.3962231597036792e-08
NIRSpec_G395H,3.607291016326029,0.7806232764665861,2.173814954737248e-08
NIRSpec_G395H,3.607964592509011,0.8609744136496807,2.3975701371722056e-08
NIRSpec_G395H,3.6086382076850803,0.858293439101861,2.3901043816137752e-08
NIRSpec_G395H,3.60931181156558,0.8639622177711853,2.4058903262787243e-08
NIRSpec_G395H,3.6099854544392067,0.8622213590964873,2.4010425274297433e-08
NIRSpec_G395H,3.6106590287169635,0.8656077497096331,2.4104726671390774e-08
NIRSpec_G395H,3.611332574112527,0.8605852947364038,2.3964865510963698e-08
NIRSpec_G395H,3.6120061815579874,0.8607179264980552,2.3968558930256243e-08
NIRSpec_G395H,3.6126797827525734,0.858178409676657,2.389784057211107e-08
NIRSpec_G395H,3.613353321065629,0.8590725174330176,2.3922738943329523e-08
NIRSpec_G395H,3.6140268988561766,0.8613680543445053,2.3986663151302547e-08
NIRSpec_G395H,3.6147004703360395,0.862909097477949,2.402957684232824e-08
NIRSpec_G395H,3.6153739732199086,0.8649548988680674,2.4086546622634964e-08
NIRSpec_G395H,3.616047543746991,0.8636022275844566,2.4048878554646183e-08
NIRSpec_G395H,3.616721107668055,0.860989620783355,2.397612484736769e-08
NIRSpec_G395H,3.6173946152525,0.8604128891132389,2.396006450216451e-08
NIRSpec_G395H,3.6180681843505593,0.8605893580391811,2.3964978662449304e-08
NIRSpec_G395H,3.618741650792927,0.8578034075260688,2.38873978232515e-08
NIRSpec_G395H,3.6194152189384026,0.8565093352077383,2.385136157064536e-08
NIRSpec_G395H,3.620088684428225,0.8591146303568059,2.392391166910236e-08
NIRSpec_G395H,3.6207621218574286,0.8563482266220475,2.3846875152375892e-08
NIRSpec_G395H,3.62143571615855,0.8545376654132836,2.3796456145529296e-08
NIRSpec_G395H,3.6221091461599038,0.8516834126243031,2.3716973281203614e-08
NIRSpec_G395H,3.6227826778644636,0.8545113897955812,2.379572444392074e-08
NIRSpec_G395H,3.6234561750330596,0.850056124304464,2.3671657905759682e-08
NIRSpec_G395H,3.6241295763024213,0.8570650269339936,2.3866836012942612e-08
NIRSpec_G395H,3.6248030725741276,0.85081984145148,2.3692925267436206e-08
NIRSpec_G395H,3.625476561502654,0.8536310245383127,2.3771208762418857e-08
NIRSpec_G395H,3.626149995568849,0.8554161619990076,2.3820919789815904e-08
NIRSpec_G395H,3.6268233882321046,0.8531640208043172,2.375820402977147e-08
NIRSpec_G395H,3.6274967804190448,0.8581381117010912,2.3896718387511e-08
NIRSpec_G395H,3.6281703424286724,0.8506480779299421,2.368814213935056e-08
NIRSpec_G395H,3.6288437946441756,0.8446730692239175,2.3521755052628872e-08
NIRSpec_G395H,3.6295171925407397,0.8359521038970823,2.3278900843450922e-08
NIRSpec_G395H,3.6301905828226064,0.8430814087586131,2.3477431812127974e-08
NIRSpec_G395H,3.630863972628251,0.8632361537774754,2.403868443489414e-08
NIRSpec_G395H,3.631537361957693,0.8459685323147482,2.355783003431408e-08
NIRSpec_G395H,3.6322107508109505,0.8424190067335964,2.3458985789937252e-08
NIRSpec_G395H,3.6328841391880418,0.8696183566517482,2.4216410727082856e-08
NIRSpec_G395H,3.633557527088986,0.8476546343981947,2.3604783206666307e-08
NIRSpec_G395H,3.6342309145138003,0.8416232005658965,2.3436824839827635e-08
NIRSpec_G395H,3.634904301462505,0.8390467308557878,2.33650774482867e-08
NIRSpec_G395H,3.6355776615372974,0.8470312114825048,2.358742264238251e-08
NIRSpec_G395H,3.636251047584738,0.8445718486504528,2.351893634605224e-08
NIRSpec_G395H,3.6369243990960602,0.8347666856306141,2.3245890298762434e-08
NIRSpec_G395H,3.637597750131082,0.8390047371384296,2.3363908042075657e-08
NIRSpec_G395H,3.6382711006898205,0.8367493944860434,2.3301103130492626e-08
NIRSpec_G395H,3.638944374738847,0.8308839909979827,2.3137768238973287e-08
NIRSpec_G395H,3.6396177322589245,0.8172954590809556,2.2759366072593324e-08
NIRSpec_G395H,3.6402910813889213,0.8232957749610987,2.2926457892509878e-08
NIRSpec_G395H,3.6409643959829094,0.8341774056527993,2.3229480518694138e-08
NIRSpec_G395H,3.6416376419811094,0.8392363287931031,2.3370357214390893e-08
NIRSpec_G395H,3.6423109896825245,0.8417094445676208,2.3439226491256135e-08
NIRSpec_G395H,3.6429843028479847,0.8345633490254063,2.3240227949629738e-08
NIRSpec_G395H,3.64365754741771,0.8309341050626843,2.313916377388206e-08
NIRSpec_G395H,3.6443308596309074,0.8333430115397821,2.3206245003488497e-08
NIRSpec_G395H,3.645004145658825,0.842305845329949,2.3455834565025525e-08
NIRSpec_G395H,3.645677414509408,0.8520068491996458,2.3725980074692676e-08
NIRSpec_G395H,3.6463506996793305,0.84576734175907,2.3552227446588732e-08
NIRSpec_G395H,3.6470239334238315,0.8402781800079316,2.3399369822901066e-08
NIRSpec_G395H,3.647697217734773,0.843991826252485,2.3502784363389207e-08
NIRSpec_G395H,3.6483704504341117,0.8401268391403537,2.3395155407944175e-08
NIRSpec_G395H,3.649043733885088,0.8418633841446934,2.3443513272919645e-08
NIRSpec_G395H,3.6497169314805915,0.8453909677046261,2.354174649408846e-08
NIRSpec_G395H,3.6503901800108207,0.8460422340033066,2.355988241780824e-08
NIRSpec_G395H,3.651063385329461,0.8200577402638214,2.2836287787913967e-08
NIRSpec_G395H,3.6517365901719048,0.8315363179892106,2.3155933699979373e-08
NIRSpec_G395H,3.6524098285979667,0.8393140137150417,2.3372520519664493e-08
NIRSpec_G395H,3.65308303248807,0.8030567590072297,2.2362858562640686e-08
NIRSpec_G395H,3.653756201842231,0.8318826539384446,2.3165578176239626e-08
NIRSpec_G395H,3.6544294388398577,0.836875190099323,2.3304606182395273e-08
NIRSpec_G395H,3.655102607241779,0.8392399335272923,2.3370457596038795e-08
NIRSpec_G395H,3.655775809227402,0.8378271143015863,2.333111457804577e-08
NIRSpec_G395H,3.6564489857945643,0.8328739118355158,2.3193181903999426e-08
NIRSpec_G395H,3.657122211770431,0.8241463646496374,2.2950144408669892e-08
NIRSpec_G395H,3.657795378268073,0.8211776464263805,2.2867474005869096e-08
NIRSpec_G395H,3.6584685442896867,0.8294004220727706,2.3096455042028825e-08
NIRSpec_G395H,3.6591417191220637,0.8278731478448479,2.3053924776064032e-08
NIRSpec_G395H,3.6598149182931485,0.8305626316648074,2.3128819290801217e-08
NIRSpec_G395H,3.660488048868397,0.8351387787760399,2.3256252040058995e-08
NIRSpec_G395H,3.6611612130272166,0.8386476077807419,2.3353962999928935e-08
NIRSpec_G395H,3.6618343426500286,0.83946113269367,2.3376617366959586e-08
NIRSpec_G395H,3.6625074717966477,0.8356660460651941,2.327093494220733e-08
NIRSpec_G395H,3.6631806004670886,0.8302292149625526,2.311953457901551e-08
NIRSpec_G395H,3.6638537286613686,0.8306702571699579,2.313181635660313e-08
NIRSpec_G395H,3.664526856379503,0.8328046715395844,2.3191253757666826e-08
NIRSpec_G395H,3.665199983621508,0.8342894464944017,2.3232600539123443e-08
NIRSpec_G395H,3.6658731103873996,0.83330228740924,2.3205110951678104e-08
NIRSpec_G395H,3.666546202617396,0.8266775117850237,2.3020629694740892e-08
NIRSpec_G395H,3.6672192603115144,0.8228236247786104,2.291330984583337e-08
NIRSpec_G395H,3.66789238564916,0.8249152567940176,2.297155587938082e-08
NIRSpec_G395H,3.66856545223753,0.825367991794988,2.298416326818554e-08
NIRSpec_G395H,3.6692385085414947,0.8348338019429156,2.3247759298160557e-08
NIRSpec_G395H,3.66991162256667,0.8249638024255724,2.2972907737864198e-08
NIRSpec_G395H,3.670584643820818,0.8238416162939549,2.2941658029221755e-08
NIRSpec_G395H,3.671257742715349,0.829528405295161,2.3100019012655567e-08
NIRSpec_G395H,3.6719307630544806,0.8282673636826267,2.3064902571748484e-08
NIRSpec_G395H,3.6726038409665813,0.8016085677140952,2.2322530532651805e-08
NIRSpec_G395H,3.6732768704236918,0.8318956399422834,2.3165939799703824e-08
NIRSpec_G395H,3.673949889334208,0.8377437928223759,2.332879431060027e-08
NIRSpec_G395H,3.6746229077685504,0.829773689472624,2.3106849482988743e-08
NIRSpec_G395H,3.675295959786529,0.8293120751046049,2.3093994828935082e-08
NIRSpec_G395H,3.675968977268568,0.8145215680591217,2.26821210561064e-08
NIRSpec_G395H,3.6766419602146807,0.8171615158953809,2.2755636133855073e-08
NIRSpec_G395H,3.6773149767444764,0.8131684105715029,2.2644439448711666e-08
NIRSpec_G395H,3.6779879587383753,0.7970992487152545,2.219695875724011e-08
NIRSpec_G395H,3.67866095064489,0.8167384523026063,2.2743855009816075e-08
NIRSpec_G395H,3.6793339553577336,0.41181969795241463,1.1468013381774359e-08
NIRSpec_G395H,3.680006912320166,0.8175746898564868,2.276714185963391e-08
NIRSpec_G395H,3.6806798819532793,0.8275079346692386,2.3043754622460616e-08
NIRSpec_G395H,3.681352827507109,0.8002115839964447,2.2283628488753002e-08
NIRSpec_G395H,3.6820257831412517,0.8004155245157376,2.228930765518425e-08
NIRSpec_G395H,3.6826987512465483,0.8245194073597293,2.296053259265569e-08
NIRSpec_G395H,3.68337169537239,0.8259849995044519,2.300134518712718e-08
NIRSpec_G395H,3.6840446496760078,0.8282866957176372,2.30654409142253e-08
NIRSpec_G395H,3.68471755882208,0.8314709414329174,2.3154113147863603e-08
NIRSpec_G395H,3.685390467491952,0.8283261749758316,2.306654029986306e-08
NIRSpec_G395H,3.6860633989966387,0.8284850711043295,2.3070965107459653e-08
NIRSpec_G395H,3.6867363515227427,0.828819809576131,2.3080286626787408e-08
NIRSpec_G395H,3.6874092587640974,0.8306676064414975,2.31317425413155e-08
NIRSpec_G395H,3.6880821314695105,0.8289029820788046,2.3082602745657875e-08
NIRSpec_G395H,3.6887550718183872,0.83618908969646,2.328550022743393e-08
NIRSpec_G395H,3.6894279435715545,0.8318218327960115,2.3163884479510726e-08
NIRSpec_G395H,3.6901008148486194,0.8309246884827195,2.313890154877339e-08
NIRSpec_G395H,3.6907736856495963,0.8252778205667947,2.2981652254611604e-08
NIRSpec_G395H,3.6914465559744984,0.8306549282148536,2.3131389488575353e-08
NIRSpec_G395H,3.6921194258233414,0.8239041076444379,2.294339823651914e-08
NIRSpec_G395H,3.6927922951961376,0.821832065920894,2.2885697737171143e-08
NIRSpec_G395H,3.693465130033103,0.8265621416791658,2.301741696372192e-08
NIRSpec_G395H,3.69413796439405,0.8263157519898472,2.3010555708011508e-08
NIRSpec_G395H,3.6948107412927427,0.8210662300020937,2.2864371373695297e-08
NIRSpec_G395H,3.6954836087892295,0.8171142342457517,2.2754319473692004e-08
NIRSpec_G395H,3.6961564417496784,0.8080606164848533,2.2502201835435058e-08
NIRSpec_G395H,3.696829308293696,0.7941881547496822,2.2115893026973258e-08
NIRSpec_G395H,3.6975020949991726,0.7796301763173102,2.1710494518101264e-08
NIRSpec_G395H,3.698174869654115,0.8013808606327267,2.2316189534712074e-08
NIRSpec_G395H,3.698847700709732,0.8219784314350106,2.2889773602611445e-08
NIRSpec_G395H,3.6995204972293765,0.8197359971333273,2.2827328152072492e-08
NIRSpec_G395H,3.7001932251532663,0.824593585665139,2.2962598248580615e-08
NIRSpec_G395H,3.7008660547803984,0.8320319649129093,2.316973606441671e-08
NIRSpec_G395H,3.7015388498715978,0.8257318041395072,2.2994294412606615e-08
NIRSpec_G395H,3.702211576367081,0.8185207814789663,2.279348783444018e-08
NIRSpec_G395H,3.7028843705060486,0.820728088921907,2.2854955101351384e-08
NIRSpec_G395H,3.703557073463006,0.82139588821226,2.287355142211065e-08
NIRSpec_G395H,3.7042298892361134,0.8203437300106619,2.284425179318162e-08
NIRSpec_G395H,3.7049025572295053,0.8196264468385019,2.2824277486324154e-08
NIRSpec_G395H,3.7055753720020967,0.8090511691776122,2.2529785925250072e-08
NIRSpec_G395H,3.7062480390907204,0.8185697884522201,2.2794852539984542e-08
NIRSpec_G395H,3.7069208303965735,0.8226834023343566,2.2909405047507494e-08
NIRSpec_G395H,3.7075935190467533,0.8221088673987611,2.2893405875145255e-08
NIRSpec_G395H,3.708266139101067,0.8105245475304219,2.257081534358642e-08
NIRSpec_G395H,3.7089389854369847,0.8194625224256906,2.2819712655236504e-08
NIRSpec_G395H,3.709611616199514,0.8211256263867748,2.2866025394952024e-08
NIRSpec_G395H,3.710284234825091,0.815794262125251,2.2717561984876546e-08
NIRSpec_G395H,3.710957057333229,0.8219106193024183,2.288788522658698e-08
NIRSpec_G395H,3.7116297090661736,0.8178586616739802,2.2775049671278795e-08
NIRSpec_G395H,3.712302326263124,0.8144755373627964,2.268083923145339e-08
NIRSpec_G395H,3.71297494298389,0.8104061405730442,2.2567518044845116e-08
NIRSpec_G395H,3.7136476614078746,0.8002161513756755,2.22837556773416e-08
NIRSpec_G395H,3.7143203571270473,0.7909428906517285,2.2025521604023437e-08
NIRSpec_G395H,3.714993006499251,0.8080747206962317,2.2502594597815366e-08
NIRSpec_G395H,3.715665621335257,0.8124803132887523,2.262527788629544e-08
NIRSpec_G395H,3.7163382578639497,0.8063750974026757,2.245526489801862e-08
NIRSpec_G395H,3.717010871727859,0.5054877960636147,1.4076404888847721e-08
NIRSpec_G395H,3.7176834851156673,0.8131499849192604,2.264392634643041e-08
NIRSpec_PRISM,0.600815156050352,0.0437935815335643,1.1067083727590388e-09
NIRSpec_PRISM,0.6051355025840648,2.6560921086309466,6.712215060985983e-08
NIRSpec_PRISM,0.6095454461649067,2.6939124053779593,6.807790799723111e-08
NIRSpec_PRISM,0.6140474237742765,2.6707334251417683,6.74921515781141e-08
NIRSpec_PRISM,0.6186439247592185,2.761857960291418,6.979496131603427e-08
NIRSpec_PRISM,0.6233383620263991,2.837801832605401,7.171414025519485e-08
NIRSpec_PRISM,0.628133206910752,2.885719699093879,7.292507350592486e-08
NIRSpec_PRISM,0.6330319360842843,2.8733777369334903,7.261317956208953e-08
NIRSpec_PRISM,0.6380380352575485,2.8396614017558846,7.176113346005496e-08
NIRSpec_PRISM,0.6431549860257989,2.8969314253883436,7.320840523922136e-08
NIRSpec_PRISM,0.6483861872008586,2.9334078319519667,7.413020115402192e-08
NIRSpec_PRISM,0.6537358816105426,2.93238203888163,7.410427831921587e-08
NIRSpec_PRISM,0.659207410038762,2.9718311346526813,7.51011971155042e-08
NIRSpec_PRISM,0.6648052848157876,2.9982234398528496,7.576815752656471e-08
NIRSpec_PRISM,0.6705333424125248,2.992091478357763,7.561319661927177e-08
NIRSpec_PRISM,0.6763955613345789,2.97949798700676,7.529494627681596e-08
NIRSpec_PRISM,0.6823969673683423,2.985447104999484,7.544528654272988e-08
NIRSpec_PRISM,0.6885437329822093,3.0879545481964774,7.80357539510483e-08
NIRSpec_PRISM,0.6948381735825244,3.152900351882383,7.967700050357494e-08
NIRSpec_PRISM,0.7012855001325817,3.0523745933396973,7.713661228317151e-08
NIRSpec_PRISM,0.707892304539859,3.1116350607769627,7.863418460289994e-08
NIRSpec_PRISM,0.7146643912922799,3.141967550566195,7.940071748833301e-08
NIRSpec_PRISM,0.7216037177661482,3.0558461710465092,7.722434258474249e-08
NIRSpec_PRISM,0.7287211317994794,3.1694325779474655,8.009478668058696e-08
NIRSpec_PRISM,0.7360179774971379,3.1820413334772093,8.041342276437345e-08
NIRSpec_PRISM,0.7435034015867598,3.2463773259615047,8.203925876724895e-08
NIRSpec_PRISM,0.7511811661366496,3.2484382237412306,8.209133975145608e-08
NIRSpec_PRISM,0.7590605896573542,3.2782002787260254,8.284345716886672e-08
NIRSpec_PRISM,0.7671440714689126,3.258237497890328,8.233897738162924e-08
NIRSpec_PRISM,0.7754430591995847,3.2117855317578132,8.116508892469698e-08
NIRSpec_PRISM,0.7839613866956812,3.2676135632405376,8.25759200947677e-08
NIRSpec_PRISM,0.7927055446837674,3.298192769529757,8.334868775723138e-08
NIRSpec_PRISM,0.8016843891831413,3.2289853077321578,8.159974476726144e-08
NIRSpec_PRISM,0.8109041280807938,3.4034398796905294,8.600838933780086e-08
NIRSpec_PRISM,0.8203730618633395,3.2982867984789888,8.335106396446888e-08
NIRSpec_PRISM,0.8300969594173603,3.3175769739473813,8.38385463295844e-08
NIRSpec_PRISM,0.840084846259274,3.3121556512679287,8.37015439883582e-08
NIRSpec_PRISM,0.8503438581945206,3.3296049416444276,8.414250531378838e-08
NIRSpec_PRISM,0.8608801989755045,3.3546986866437845,8.477664978706888e-08
NIRSpec_PRISM,0.8717004427365835,3.419358129013966,8.64106596977259e-08
NIRSpec_PRISM,0.8828114272927978,3.4445357346679053,8.704692341509015e-08
NIRSpec_PRISM,0.8942192840593423,3.499593182093342,8.843828114183309e-08
NIRSpec_PRISM,0.9059309233317563,3.496520701303319,8.836063642549825e-08
NIRSpec_PRISM,0.9179507140987266,3.40841221763577,8.613404537787532e-08
NIRSpec_PRISM,0.9302857180116666,3.5499820936124142,8.971166021519413e-08
NIRSpec_PRISM,0.9429387512878268,3.56497424229682,9.009052706950619e-08
NIRSpec_PRISM,0.9559157137414079,3.5676269925952995,9.015756476917266e-08
NIRSpec_PRISM,0.9692185610061664,3.5708154219978323,9.023813962494302e-08
NIRSpec_PRISM,0.9828512808290659,3.5634054492140415,9.005088207179102e-08
NIRSpec_PRISM,0.9968150446227083,3.6106901676960774,9.124581502806261e-08
NIRSpec_PRISM,1.011110129509813,3.5783313006203263,9.042807352641623e-08
NIRSpec_PRISM,1.0257371005088178,3.6407599552107626,9.20057091596737e-08
NIRSpec_PRISM,1.040694657132113,3.59565438300075,9.086584544734752e-08
NIRSpec_PRISM,1.0559805005732366,3.6323771341405027,9.17938667402843e-08
NIRSpec_PRISM,1.0715902422493118,3.500355720023423,8.845755125133806e-08
NIRSpec_PRISM,1.0875175376654325,3.4554715020523683,8.732328138589586e-08
NIRSpec_PRISM,1.103758516479545,3.5163260969237387,8.886113892817949e-08
NIRSpec_PRISM,1.120306552942465,3.5418122491563335,8.95051999315849e-08
NIRSpec_PRISM,1.1371530682435804,3.541651764380192,8.950114431797129e-08
NIRSpec_PRISM,1.1542891383043563,3.5796868370619,9.046232931178331e-08
NIRSpec_PRISM,1.1717040078405099,3.506232696343268,8.860606842376193e-08
NIRSpec_PRISM,1.1893865807041657,3.452862912570945,8.725735967501753e-08
NIRSpec_PRISM,1.2073242673392168,3.504527658858117,8.856298039134699e-08
NIRSpec_PRISM,1.2255038889452725,3.5937330384178257,9.081729111444263e-08
NIRSpec_PRISM,1.2439111047248779,3.5723202325325616,9.027616771855588e-08
NIRSpec_PRISM,1.262532237134909,3.539908720156305,8.945709581659018e-08
NIRSpec_PRISM,1.2813514362584297,3.5286172535590823,8.917174896469368e-08
NIRSpec_PRISM,1.3003548868960397,3.5566194581508284,8.987939317172537e-08
NIRSpec_PRISM,1.319528358321088,3.5631211859678573,9.004369845027382e-08
NIRSpec_PRISM,1.3388549602827866,3.4973731311937635,8.838217819632195e-08
NIRSpec_PRISM,1.3583184882615957,3.5209992264993626,8.89792336682584e-08
NIRSpec_PRISM,1.3779030981769995,3.394984943040817,8.579472448432885e-08
NIRSpec_PRISM,1.3975936332037902,3.5027108129336466,8.851706684588637e-08
NIRSpec_PRISM,1.4173752693062407,3.4848974657656475,8.806690543484537e-08
NIRSpec_PRISM,1.4372335943532173,3.477490260185443,8.78797178117441e-08
NIRSpec_PRISM,1.4571546468997822,3.4653645830743387,8.757328961121096e-08
NIRSpec_PRISM,1.477125041850259,3.418180567919146,8.638090153049142e-08
NIRSpec_PRISM,1.4971319439640427,3.257719526592569,8.232588771981112e-08
NIRSpec_PRISM,1.5171632024755042,3.2116164238709723,8.116081539630051e-08
NIRSpec_PRISM,1.537206517009415,3.2875976180081454,8.30809374959144e-08
NIRSpec_PRISM,1.5572472029074826,3.460256842304108,8.744421180395364e-08
NIRSpec_PRISM,1.5772786200624895,3.337944153559054,8.435324568543521e-08
NIRSpec_PRISM,1.5972922451701543,3.2645618402087178,8.249879994810721e-08
NIRSpec_PRISM,1.6172792677132861,3.2760315741659993,8.27886517976097e-08
NIRSpec_PRISM,1.6372315891359495,3.2542539176750696,8.223830825562033e-08
NIRSpec_PRISM,1.657141527154737,3.2336624245678207,8.171794026945924e-08
NIRSpec_PRISM,1.6770022219015988,3.292519650049501,8.320532225460287e-08
NIRSpec_PRISM,1.6968072845795488,3.2001447432139907,8.087091435171549e-08
NIRSpec_PRISM,1.7165509371833851,3.1508912719754187,7.962622900974599e-08
NIRSpec_PRISM,1.7362279060803179,3.0467892635870464,7.699546531630055e-08
NIRSpec_PRISM,1.7558334935508544,3.010482467045483,7.607795561936444e-08
NIRSpec_PRISM,1.7753659716630645,2.9837733899486913,7.540299006010707e-08
NIRSpec_PRISM,1.794830213367232,2.880093229819936,7.278288690148439e-08
NIRSpec_PRISM,1.8142128608631771,2.7783578964314475,7.021193149377972e-08
NIRSpec_PRISM,1.833509237398554,2.8184223228825784,7.122440032255712e-08
NIRSpec_PRISM,1.8527164869375359,2.788880342692973,7.047784441918437e-08
NIRSpec_PRISM,1.8718325398383477,2.7377483113700403,6.918568595212919e-08
NIRSpec_PRISM,1.890855329016063,2.7264207258887296,6.889942633927468e-08
NIRSpec_PRISM,1.9097827241161978,2.708460224816643,6.844554619932331e-08
NIRSpec_PRISM,1.9286138238535917,2.62830002468187,6.641981636530183e-08
NIRSpec_PRISM,1.9473468803996266,2.517733807919084,6.362569554780524e-08
NIRSpec_PRISM,1.965981354358584,2.4896660110366686,6.291639375683704e-08
NIRSpec_PRISM,1.984515827988275,2.4459206039039594,6.181090280021324e-08
NIRSpec_PRISM,2.0029506387181932,2.401716117249499,6.069381043688342e-08
NIRSpec_PRISM,2.021287838412802,2.497120681053508,6.31047808545552e-08
NIRSpec_PRISM,2.039525140774209,2.4571538147068988,6.209477746890304e-08
NIRSpec_PRISM,2.05766158099562,2.2897508254757146,5.78643335700625e-08
NIRSpec_PRISM,2.075696874084541,2.2990732056998717,5.809991960543188e-08
NIRSpec_PRISM,2.0936308067510288,2.26794405761034,5.7313254354015144e-08
NIRSpec_PRISM,2.111463843744061,2.277457258786869,5.7553662629043677e-08
NIRSpec_PRISM,2.129195899652506,2.225037667937007,5.622896622243252e-08
NIRSpec_PRISM,2.1468278155339378,2.2034313398859906,5.568295232447554e-08
NIRSpec_PRISM,2.1643597327818105,2.156567679683272,5.449865993942059e-08
NIRSpec_PRISM,2.1817923310046483,2.1208028452025363,5.359484617530003e-08
NIRSpec_PRISM,2.199126048074729,2.1455059570943416,5.4219118952417175e-08
NIRSpec_PRISM,2.2163616095290104,2.12904051625187,5.380302050594584e-08
NIRSpec_PRISM,2.2334989438111905,2.121854487327558,5.362142224202378e-08
NIRSpec_PRISM,2.250534584068306,2.0746913252214236,5.242956113907546e-08
NIRSpec_PRISM,2.267467142717352,2.036578313789343,5.146640655372562e-08
NIRSpec_PRISM,2.284303864065818,1.986711402019169,5.0206218945242615e-08
NIRSpec_PRISM,2.301046312495508,1.9522246127834078,4.9334702685090626e-08
NIRSpec_PRISM,2.317695385202974,1.9713998515056363,4.981928048166292e-08
NIRSpec_PRISM,2.3342519595533457,1.9224572175641743,4.858245031452111e-08
NIRSpec_PRISM,2.350716819659633,1.9110434234500941,4.8294012121784597e-08
NIRSpec_PRISM,2.3670910199469954,1.8949731725159626,4.7887900526469854e-08
NIRSpec_PRISM,2.3833752413361973,1.8371863102941581,4.642756771017966e-08
NIRSpec_PRISM,2.3995706066822886,1.814527546402599,4.585495768749998e-08
NIRSpec_PRISM,2.415677863586971,1.818609523561503,4.5958113404410415e-08
NIRSpec_PRISM,2.43169806646331,1.8076263747487034,4.568055805669198e-08
NIRSpec_PRISM,2.4476320672853555,1.7890813174722369,4.5211905586570734e-08
NIRSpec_PRISM,2.463480714566696,1.7246564393715944,4.358382335371394e-08
NIRSpec_PRISM,2.4792463466632646,1.7236737054515816,4.355898866745657e-08
NIRSpec_PRISM,2.4949364255717854,1.69662380439496,4.287541013988803e-08
NIRSpec_PRISM,2.5105449149843078,1.6828034909172622,4.2526156753790796e-08
NIRSpec_PRISM,2.5260716560034933,1.675067395658614,4.233065775381415e-08
NIRSpec_PRISM,2.5415175335362576,1.6549845240814964,4.182314315132825e-08
NIRSpec_PRISM,2.556883604630751,1.6456011853926187,4.1586016633519795e-08
NIRSpec_PRISM,2.572170481221087,1.6708275249449926,4.2223511906092506e-08
NIRSpec_PRISM,2.5873790471078686,1.6232971546470254,4.102237107843989e-08
NIRSpec_PRISM,2.6025109373550364,1.5966573853621613,4.034915699812238e-08
NIRSpec_PRISM,2.617566081559396,1.5555466623065681,3.931024718936576e-08
NIRSpec_PRISM,2.632545772291288,1.5495980803051115,3.915992046849662e-08
NIRSpec_PRISM,2.647450863333461,1.5708173210074574,3.969615227522559e-08
NIRSpec_PRISM,2.6622821001483294,1.5633732331166612,3.950803259860165e-08
NIRSpec_PRISM,2.6770404011620568,1.5538963814093065,3.9268542911650906e-08
NIRSpec_PRISM,2.6917266195697267,1.5427618127693359,3.8987161030804476e-08
NIRSpec_PRISM,2.706340649834527,1.5298220002704572,3.8660158800501266e-08
NIRSpec_PRISM,2.7208784410732676,1.496723128734087,3.7823716633054826e-08
NIRSpec_PRISM,2.7353396520596567,1.4692527623746787,3.712951251939002e-08
NIRSpec_PRISM,2.749731429835793,1.4654779690403525,3.703411965033838e-08
NIRSpec_PRISM,2.7640552736619357,1.4566001566808313,3.680976829733165e-08
NIRSpec_PRISM,2.7783121015442647,1.4660853920475165,3.704946984788547e-08
NIRSpec_PRISM,2.792502429529427,1.4475088460857306,3.658002162664111e-08
NIRSpec_PRISM,2.806627171797755,1.4076483116497667,3.557270535658173e-08
NIRSpec_PRISM,2.820687176758885,1.4293908260953871,3.612216082332314e-08
NIRSpec_PRISM,2.834683091779721,1.4179448053134032,3.5832908229892595e-08
NIRSpec_PRISM,2.848615598985661,1.3895858412230784,3.511624834726844e-08
NIRSpec_PRISM,2.8624852458963437,1.378350496355154,3.48323197485847e-08
NIRSpec_PRISM,2.8762928819015694,1.3554830541286698,3.425443621201582e-08
NIRSpec_PRISM,2.8900394864556027,1.3698447016614324,3.461736966058387e-08
NIRSpec_PRISM,2.9037253361665694,1.3623556038791242,3.4428112538196216e-08
NIRSpec_PRISM,2.917351117132866,1.3566412100905412,3.428370399179267e-08
NIRSpec_PRISM,2.9309175768826563,1.3385479756245804,3.382646954389933e-08
NIRSpec_PRISM,2.9444261217326035,1.282374063612635,3.240689762086302e-08
NIRSpec_PRISM,2.957880273558199,1.2935807430481108,3.269010181489684e-08
NIRSpec_PRISM,2.971279340828386,1.3137139812656375,3.3198889233642484e-08
NIRSpec_PRISM,2.9846219392613405,1.3104743889207195,3.3117021438251076e-08
NIRSpec_PRISM,2.997908205595387,1.2791016842282712,3.232420126361843e-08
NIRSpec_PRISM,3.0111389001335,1.2537792084368808,3.1684276530450826e-08
NIRSpec_PRISM,3.0243145813207106,1.2591591073955928,3.182023205209824e-08
NIRSpec_PRISM,3.0374357726394754,1.2529224523415006,3.1662625432025753e-08
NIRSpec_PRISM,3.0505030916835874,1.243168166815074,3.1416124710131043e-08
NIRSpec_PRISM,3.063517191019391,1.2413191007477815,3.136939692887184e-08
NIRSpec_PRISM,3.076478314687168,1.2402596739207947,3.134262413480719e-08
NIRSpec_PRISM,3.0893875195742324,1.2323452044754,3.1142617437605434e-08
NIRSpec_PRISM,3.1022448908792133,1.2325580576136397,3.1147996453022966e-08
NIRSpec_PRISM,3.1150512111244777,1.2091384471081326,3.055615906211819e-08
NIRSpec_PRISM,3.127806936303602,1.1898959777471818,3.0069882278886795e-08
NIRSpec_PRISM,3.1405126120638767,1.1812861655796925,2.985230356346841e-08
NIRSpec_PRISM,3.153168774179967,1.17924054934677,2.980060875950057e-08
NIRSpec_PRISM,3.1657757384295127,1.1714721487905442,2.9604293371778016e-08
NIRSpec_PRISM,3.1783343491534173,1.1694933893698853,2.955428810749424e-08
NIRSpec_PRISM,3.190844983869248,1.1499017457770313,2.9059187336078575e-08
NIRSpec_PRISM,3.2033083892526824,1.1252784720195876,2.843693214986561e-08
NIRSpec_PRISM,3.2157245420656357,1.1239965083057648,2.8404535622201534e-08
NIRSpec_PRISM,3.2280941744474396,1.1247556107280652,2.8423718912928682e-08
NIRSpec_PRISM,3.2404176044174258,1.1218893269157086,2.8351285004059923e-08
NIRSpec_PRISM,3.2526952660740913,1.1227404254503222,2.8372793130166894e-08
NIRSpec_PRISM,3.2649275743544637,1.1060441924272157,2.7950862330420683e-08
NIRSpec_PRISM,3.2771151369597935,1.1018332352161253,2.7844447156332392e-08
NIRSpec_PRISM,3.28925828895546,1.0790203071760438,2.7267941248731355e-08
NIRSpec_PRISM,3.3013572974218994,1.0853009787181984,2.7426660210251424e-08
NIRSpec_PRISM,3.3134129966085006,1.074433716603214,2.7152033437321183e-08
NIRSpec_PRISM,3.3254253463387893,1.0654491063854845,2.6924983193752565e-08
NIRSpec_PRISM,3.337394992804728,1.0675639320184522,2.6978426989691866e-08
NIRSpec_PRISM,3.349322305629797,1.0612425784353063,2.681867995159506e-08
NIRSpec_PRISM,3.3612075854667043,1.0529729833301746,2.660969886757109e-08
NIRSpec_PRISM,3.373051460183887,1.0146422284550782,2.564104168382531e-08
NIRSpec_PRISM,3.384854062613169,1.014046986599058,2.562599931636401e-08
NIRSpec_PRISM,3.396615974068752,1.026310877846706,2.5935920328783974e-08
NIRSpec_PRISM,3.4083373834484543,1.017249452514872,2.5706928889109517e-08
NIRSpec_PRISM,3.420017754917567,1.0179101980089091,2.572362660016458e-08
NIRSpec_PRISM,3.4316537222893886,1.0168877341895488,2.569778789891878e-08
NIRSpec_PRISM,3.443249861957269,1.0188910069067656,2.5748412639153015e-08
NIRSpec_PRISM,3.4548070687559003,1.0,2.527101766981161e-08
NIRSpec_PRISM,3.466325733743601,1.0003125437065052,2.5278915967341292e-08
NIRSpec_PRISM,3.477806173487866,0.9837905975908945,2.4861389575114018e-08
NIRSpec_PRISM,3.4892488341304277,0.9800717167147075,2.476740967077997e-08
NIRSpec_PRISM,3.5006538140388854,0.9752725800140171,2.4646130602416982e-08
NIRSpec_PRISM,3.5120217147986983,0.9611096154750739,2.4288218075296434e-08
NIRSpec_PRISM,3.523352656815272,0.9682066232222536,2.4467566683478202e-08
NIRSpec_PRISM,3.5346470373195076,0.971991457747516,2.4563213303643423e-08
NIRSpec_PRISM,3.545905200381303,0.9658842969149817,2.4408879134332065e-08
NIRSpec_PRISM,3.557127452272735,0.9537880502795288,2.4103194671869138e-08
NIRSpec_PRISM,3.5683141253563995,0.9343563827634521,2.3612136658716457e-08
NIRSpec_PRISM,3.5794653414262885,0.9291816450018506,2.3481365769306386e-08
NIRSpec_PRISM,3.5905816551807637,0.9261569731461997,2.340492923339685e-08
NIRSpec_PRISM,3.6016631846254503,0.9261861294264255,2.340566604226962e-08
NIRSpec_PRISM,3.612710266065957,0.9235826518412953,2.3339873514212836e-08
NIRSpec_PRISM,3.623723239842877,0.9263587305049468,2.341002784717476e-08
NIRSpec_PRISM,3.6347023100589433,0.9095002718366013,2.2983997440281213e-08
NIRSpec_PRISM,3.6456479787202345,0.9197012073621484,2.3241785462195924e-08
NIRSpec_PRISM,3.656561777129212,0.8998923668568513,2.274119590376808e-08
NIRSpec_PRISM,3.667446242943947,0.8924555127215055,2.2553259031505943e-08
NIRSpec_PRISM,3.6782983124101167,0.9108464009179204,2.3018015492081074e-08
NIRSpec_PRISM,3.689117800891769,0.8932067567265889,2.2572243732032746e-08
NIRSpec_PRISM,3.699905053150403,0.887401999530933,2.2425551610372363e-08
NIRSpec_PRISM,3.7106602778916042,0.8739079182869657,2.208454244481819e-08
NIRSpec_PRISM,3.7213837087864867,0.8691620794463076,2.1964610267617843e-08
NIRSpec_PRISM,3.732075613387601,0.8683232129898869,2.194341125857502e-08
NIRSpec_PRISM,3.7427362732503835,0.8657306882820925,2.1877895520874926e-08
NIRSpec_PRISM,3.7533658537952506,0.8635051517453153,2.1821653947729217e-08
NIRSpec_PRISM,3.763964695380376,0.8695657309078161,2.1974810950834068e-08
NIRSpec_PRISM,3.7745330216141233,0.8701448736955776,2.1989446478456932e-08
NIRSpec_PRISM,3.7850711002083033,0.8588872506602339,2.1704954887810682e-08
NIRSpec_PRISM,3.795579018403975,0.8398263932822854,2.1223267624210786e-08
NIRSpec_PRISM,3.806057150407572,0.8535664827591801,2.1570493668166187e-08
NIRSpec_PRISM,3.8165056662852415,0.8464468293778298,2.1390572781763148e-08
NIRSpec_PRISM,3.826924707114923,0.8252712217132854,2.085544362630345e-08
NIRSpec_PRISM,3.8373147734648816,0.8142702338596334,2.0577437467868426e-08
NIRSpec_PRISM,3.8476757390488885,0.8189775092204045,2.069639510668714e-08
NIRSpec_PRISM,3.8580080413460225,0.8180269871538728,2.0672374446748273e-08
NIRSpec_PRISM,3.8683118451929626,0.8042041550710288,2.0323057412935885e-08
NIRSpec_PRISM,3.8785874044898776,0.8063923975356894,2.0378356526926153e-08
NIRSpec_PRISM,3.888835347285052,0.7896192533144687,1.995448210293339e-08
NIRSpec_PRISM,3.8990584346736408,0.8002505566738567,2.022314595798161e-08
NIRSpec_PRISM,3.909254422091142,0.7869514605548312,1.9887064264965192e-08
NIRSpec_PRISM,3.9194228515112357,0.7920568476285218,2.0016082591915655e-08
NIRSpec_PRISM,3.929564075931854,0.7825397006524278,1.9775574602516592e-08
NIRSpec_PRISM,3.9396782075995476,0.777202036921742,1.9640686408062916e-08
NIRSpec_PRISM,3.9497654111608784,0.7759261052263059,1.9608442315642078e-08
NIRSpec_PRISM,3.959825896351661,0.7829204907357474,1.978519755544065e-08
NIRSpec_PRISM,3.9698598277421775,0.7948019255317773,2.0085453504113835e-08
NIRSpec_PRISM,3.9798674435382884,0.7680549880915054,1.940953117544738e-08
NIRSpec_PRISM,3.9898489478874772,0.7704566835781805,1.947022446452865e-08
NIRSpec_PRISM,3.9998045789984418,0.7634769021500943,1.9293838284728062e-08
NIRSpec_PRISM,4.009734308383011,0.7609555532693013,1.9230121232609782e-08
NIRSpec_PRISM,4.019638307522322,0.7606306017035707,1.9221909375850372e-08
NIRSpec_PRISM,4.029517052168489,0.7471460674941646,1.888114147357529e-08
NIRSpec_PRISM,4.039370610092682,0.7664840317593218,1.9369831510218263e-08
NIRSpec_PRISM,4.049198889375394,0.7550018289378295,1.9079664559827972e-08
NIRSpec_PRISM,4.059002538335593,0.7513546853150024,1.8987497528891167e-08
NIRSpec_PRISM,4.068781396865033,0.7535742066623069,1.9043587092077424e-08
NIRSpec_PRISM,4.0785356810795355,0.7505576311148181,1.8967355158114513e-08
NIRSpec_PRISM,4.088265459004133,0.7780387036452215,1.9661829827615712e-08
NIRSpec_PRISM,4.097971116248533,0.7556559980283873,1.9096196078474503e-08
NIRSpec_PRISM,4.107652824409419,0.7348029505209037,1.8569218346443463e-08
NIRSpec_PRISM,4.117310434616924,0.7361022397694074,1.8602052708000595e-08
NIRSpec_PRISM,4.126943290397063,0.7383514929244331,1.865889362422513e-08
NIRSpec_PRISM,4.136550388484642,0.7316455275860003,1.8489427055664452e-08
NIRSpec_PRISM,4.146134044449322,0.7177122734139881,1.8137319543285554e-08
NIRSpec_PRISM,4.155694214896174,0.7166027759185183,1.8109281412472925e-08
NIRSpec_PRISM,4.165231433350302,0.7113045353873206,1.7975389482390116e-08
NIRSpec_PRISM,4.174745532780356,0.7155209192980718,1.808194179470142e-08
NIRSpec_PRISM,4.184237006537913,0.7143245858212477,1.805170923026961e-08
NIRSpec_PRISM,4.193705756505481,0.701095125428431,1.7717387302920667e-08
NIRSpec_PRISM,4.203152097522364,0.6988436153281196,1.7660489351391937e-08
NIRSpec_PRISM,4.212576029308453,0.7133647752187809,1.8027453839575e-08
NIRSpec_PRISM,4.221977756354099,0.7038482283117331,1.7786961014531403e-08
NIRSpec_PRISM,4.2313575104137895,0.7040310169520562,1.7791580269490848e-08
NIRSpec_PRISM,4.240715195303131,0.7023531936507911,1.7749179967197756e-08
NIRSpec_PRISM,4.250051151349248,0.7012423434100195,1.7721107651134702e-08
NIRSpec_PRISM,4.259365350056146,0.6904503051597667,1.744838186181928e-08
NIRSpec_PRISM,4.268658173698453,0.6920312249664448,1.7488333314188397e-08
NIRSpec_PRISM,4.277929595812156,0.699027187228088,1.766512840011972e-08
NIRSpec_PRISM,4.287179657912241,0.6724488613370444,1.6993467056893147e-08
NIRSpec_PRISM,4.296408726257829,0.6636891091280221,1.6772099204035773e-08
NIRSpec_PRISM,4.305616745886127,0.656953977252389,1.6601895567398137e-08
NIRSpec_PRISM,4.314803961836577,0.4430591382110625,1.1196555310503265e-08
NIRSpec_PRISM,4.323970346958835,0.6618308535257973,1.6725139193876922e-08
NIRSpec_PRISM,4.333116107001301,0.6609982950720018,1.6704099594479907e-08
NIRSpec_PRISM,4.342241622655053,0.6473906892459728,1.6360221547206495e-08
NIRSpec_PRISM,4.351346647638159,0.6384362957456886,1.6133934910838367e-08
NIRSpec_PRISM,4.360430624472211,0.6381257530139971,1.612608717997856e-08
NIRSpec_PRISM,4.369491317990288,0.626616583567188,1.583523875552339e-08
NIRSpec_PRISM,4.378531683959753,0.6408352252199594,1.6194558299971297e-08
NIRSpec_PRISM,4.387552486649475,0.6351070101167887,1.6049800474882587e-08
NIRSpec_PRISM,4.396553397121719,0.6346818569689416,1.603905642217097e-08
NIRSpec_PRISM,4.405534769919229,0.6335047457284322,1.600930962321272e-08
NIRSpec_PRISM,4.414496551072983,0.6234088404564854,1.5754175822692608e-08
NIRSpec_PRISM,4.423438945515282,0.5931179968388107,1.4988695378396853e-08
NIRSpec_PRISM,4.4323621166062654,0.6173315156278666,1.56005956395634e-08
NIRSpec_PRISM,4.441266212187668,0.6195093462102431,1.565563163469249e-08
NIRSpec_PRISM,4.4501511246522005,0.6140646297862172,1.551803810973382e-08
NIRSpec_PRISM,4.459017126540798,0.6079884346248591,1.5364486474445915e-08
NIRSpec_PRISM,4.467864326060926,0.6105975451140948,1.543042135172188e-08
NIRSpec_PRISM,4.4766927241669014,0.6020162051788809,1.521356215858843e-08
NIRSpec_PRISM,4.485502576397912,0.6042330876031439,1.5269585033503876e-08
NIRSpec_PRISM,4.494293872935246,0.6083100892912364,1.5372615015203515e-08
NIRSpec_PRISM,4.50306688644998,0.600117098943261,1.516556981135123e-08
NIRSpec_PRISM,4.511821598763873,0.6029749880749358,1.5237791578096145e-08
NIRSpec_PRISM,4.520558067627044,0.6058005909583046,1.5309197438489632e-08
NIRSpec_PRISM,4.529276374750142,0.5905211716030992,1.4923070961979775e-08
NIRSpec_PRISM,4.537976739426746,0.5901916060571489,1.4914742505244703e-08
NIRSpec_PRISM,4.5466594132464415,0.5825679378725515,1.472208465184296e-08
NIRSpec_PRISM,4.5553239962361625,0.5875223571219264,1.4847287868237566e-08
NIRSpec_PRISM,4.563970962333993,0.5890413236631332,1.488567369854026e-08
NIRSpec_PRISM,4.572600432770382,0.5827432923803141,1.472651603870711e-08
NIRSpec_PRISM,4.581212377280099,0.5724013718105736,1.4465165181249411e-08
NIRSpec_PRISM,4.5898069494781355,0.5670597103577368,1.433017596028862e-08
NIRSpec_PRISM,4.5983851845306,0.5795091574270657,1.4644786157157013e-08
NIRSpec_PRISM,4.606947694517231,0.5739431245353168,1.4504126841598876e-08
NIRSpec_PRISM,4.615492965482034,0.5691942390542276,1.4384117672694359e-08
NIRSpec_PRISM,4.624021128231065,0.5720592418390632,1.4456519208694e-08
NIRSpec_PRISM,4.632532629385788,0.5682066771837803,1.4359160979216253e-08
NIRSpec_PRISM,4.641027102480153,0.5631860381796352,1.4232284322228756e-08
NIRSpec_PRISM,4.649504670049658,0.5712596345254652,1.4436312318143154e-08
NIRSpec_PRISM,4.657965643339766,0.5609467344548301,1.4175694838231133e-08
NIRSpec_PRISM,4.666410150640928,0.5599479530361048,1.4150454615350246e-08
NIRSpec_PRISM,4.674837925906785,0.5699549178023454,1.4403340798779094e-08
NIRSpec_PRISM,4.683249340827568,0.5683076979116235,1.4361713875814595e-08
NIRSpec_PRISM,4.691644643975264,0.5615045243443193,1.4189790756384457e-08
NIRSpec_PRISM,4.700023459031231,0.5652189009714631,1.4283656833761342e-08
NIRSpec_PRISM,4.708386118142154,0.5617594312020598,1.4196232512090575e-08
NIRSpec_PRISM,4.716732800020419,0.5599171717663258,1.4149676741337761e-08
NIRSpec_PRISM,4.725063364112784,0.5613171643207361,1.4185055977917868e-08
NIRSpec_PRISM,4.7333780841219575,0.5583120735665514,1.410911427636948e-08
NIRSpec_PRISM,4.741677114601452,0.5591744156097134,1.4130906537379646e-08
NIRSpec_PRISM,4.749960130481335,0.5474448863533917,1.383448939628457e-08
NIRSpec_PRISM,4.75822741701016,0.5469455861811939,1.382187157281042e-08
NIRSpec_PRISM,4.766479513209714,0.5502443073923109,1.3905233614824338e-08
NIRSpec_PRISM,4.774715573913822,0.5442977909536293,1.3754959092828592e-08
NIRSpec_PRISM,4.782936468872202,0.5357720454016164,1.3539504826335355e-08
NIRSpec_PRISM,4.791142069228337,0.5359053020525439,1.3542872357515567e-08
NIRSpec_PRISM,4.799332316499894,0.5383280111770694,1.3604096682610261e-08
NIRSpec_PRISM,4.80750731382586,0.5399254199960444,1.364446482910049e-08
NIRSpec_PRISM,4.815667165370966,0.5370203812127327,1.3571051542675933e-08
NIRSpec_PRISM,4.823811939269133,0.5391404870273537,1.3624628774179093e-08
NIRSpec_PRISM,4.831941735550288,0.5387910133447918,1.3615797218571936e-08
NIRSpec_PRISM,4.840056642129385,0.5361309400275437,1.3548574458768765e-08
NIRSpec_PRISM,4.848156484327568,0.5298590025820453,1.3390076216759621e-08
NIRSpec_PRISM,4.856241796146401,0.53059176507687,1.3408593870714111e-08
NIRSpec_PRISM,4.864312129964048,0.5282102552186901,1.3348410693007219e-08
NIRSpec_PRISM,4.872368183061527,0.5077090027903504,1.2830323180637376e-08
NIRSpec_PRISM,4.88040948542371,0.5042634076542799,1.2743249485070722e-08
NIRSpec_PRISM,4.888436147861461,0.5250182371806252,1.3267745148764922e-08
NIRSpec_PRISM,4.89644878904088,0.5213089617796912,1.3174007984565722e-08
NIRSpec_PRISM,4.904446757866353,0.5188795959044548,1.3112615436606183e-08
NIRSpec_PRISM,4.912430601754918,0.518121956471198,1.3093469117101005e-08
NIRSpec_PRISM,4.920400255188406,0.522159581764166,1.3195504017223677e-08
NIRSpec_PRISM,4.928355692633278,0.5178594267410189,1.30868347236508e-08
NIRSpec_PRISM,4.936297212433759,0.5238889839791325,1.323920777115631e-08
NIRSpec_PRISM,4.944224503985168,0.5187911088822519,1.3110379279504545e-08
NIRSpec_PRISM,4.952137974853186,0.5203135453858397,1.314885279928788e-08
NIRSpec_PRISM,4.96003759392345,0.5187230891488736,1.3108660351620445e-08
NIRSpec_PRISM,4.967923324484292,0.5146011474412376,1.3004494689892846e-08
NIRSpec_PRISM,4.975795424794223,0.5114068016320067,1.292377032050428e-08
NIRSpec_PRISM,4.983653769686716,0.5122495369691803,1.2945067100100972e-08
NIRSpec_PRISM,4.9914986742771115,0.5138310080231558,1.298503248305028e-08
NIRSpec_PRISM,4.999329741481118,0.5101258675263846,1.289139981208724e-08
NIRSpec_PRISM,5.007147445557838,0.5021189937066813,1.2689057962309569e-08
NIRSpec_PRISM,5.014951810893409,0.5032801339391643,1.2718401157641774e-08
NIRSpec_PRISM,5.022742694973018,0.501723184839923,1.2679055469443849e-08
NIRSpec_PRISM,5.030520272049807,0.4941586615641939,1.2487892268079199e-08
NIRSpec_PRISM,5.038284553630761,0.4973990711792,1.2569780716717447e-08
NIRSpec_PRISM,5.046035871754215,0.5031175898319099,1.2714293502635225e-08
NIRSpec_PRISM,5.0537738265586665,0.4984241093478124,1.2595684474388681e-08
NIRSpec_PRISM,5.061498965786153,0.46350035171105525,1.1713125578053973e-08
NIRSpec_PRISM,5.069211173404424,0.4886904266938697,1.2349704408048557e-08
NIRSpec_PRISM,5.076910853632989,0.4866803436379648,1.2298907563624994e-08
NIRSpec_PRISM,5.084597513036042,0.48642574434343855,1.22924735803543e-08
NIRSpec_PRISM,5.092271461942184,0.48118336061444583,1.2159993208506992e-08
NIRSpec_PRISM,5.099932390271948,0.4851159746121202,1.2259374366330769e-08
NIRSpec_PRISM,5.107580892168046,0.4846542342696474,1.2247705717977274e-08
NIRSpec_PRISM,5.115216531775104,0.428439098128022,1.0827092019231395e-08
NIRSpec_PRISM,5.1228394551456615,0.486525972144064,1.2295006438874912e-08
NIRSpec_PRISM,5.130450108553978,0.4778963779389948,1.2076927811235304e-08
NIRSpec_PRISM,5.138048150944203,0.4781653143461596,1.2083724107932821e-08
NIRSpec_PRISM,5.145633753946369,0.4798305688203304,1.2125806783174326e-08
NIRSpec_PRISM,5.153206758977084,0.4797237584414158,1.2123107576201455e-08
NIRSpec_PRISM,5.160767785757941,0.4832212028465563,1.2211491555562943e-08
NIRSpec_PRISM,5.168316200420444,0.48328116245615904,1.221300679591669e-08
NIRSpec_PRISM,5.1758526503317,0.4847206367592254,1.2249383776464719e-08
NIRSpec_PRISM,5.183376692495705,0.4809989768021913,1.215533364192948e-08
NIRSpec_PRISM,5.190888772704689,0.48069860887569876,1.2147743038751643e-08
NIRSpec_PRISM,5.1983885786556865,0.4791229641276123,1.2107924892481404e-08
NIRSpec_PRISM,5.205876609932938,0.4787313152171764,1.2098027525945416e-08
NIRSpec_PRISM,5.213352454642363,0.47638931718552285,1.2038842852304836e-08
NIRSpec_PRISM,5.220816641788107,0.47956785475130176,1.2119167731293794e-08
NIRSpec_PRISM,5.228268726281246,0.4778417667456359,1.2075547730802962e-08
NIRSpec_PRISM,5.2357089685178275,0.47363823720686477,1.1969320261553102e-08
NIRSpec_PRISM,5.243137481081185,0.46765272296312543,1.1818060225336656e-08
NIRSpec_PRISM,5.250554371704674,0.4679022541042854,1.1824366131214077e-08
NIRSpec_PRISM,5.257959535611855,0.47290227707280597,1.1950721800001025e-08
NIRSpec_PRISM,5.2653530748259225,0.4695551915715191,1.1866137543155635e-08
NIRSpec_PRISM,5.272735023343146,0.4675527351897541,1.1815533432549024e-08
NIRSpec_PRISM,5.280105401544921,0.46590811561234413,1.1773972222148179e-08
NIRSpec_PRISM,5.287464338633154,0.46343611492526804,1.1711502249105292e-08
NIRSpec_PRISM,5.294811790662223,0.4623546956113342,1.1684173682514394e-08
